text_row_index,text_id,text_sha256,usage_count,first_source_id,first_record_id,text
0,TXT-0001,84e939eafb084dff790f0fdfd595d80103765300bc417b615c202737f4f6129c,3,positivos,CAP-V2_001-TPL_01,"Patrón geométrico sintético con paleta rojo oscuro, negro y crema; con bandas geométricas como motivo principal; orientación horizontal; composición en bandas; simetría repetitiva."
1,TXT-0002,427e2b76f2970447a3d4dc73b6daa77b086849bee2cfe23117d887eea41ff31f,1,positivos,CAP-V2_001-TPL_02,"Imagen abstracta en colores rojo oscuro, negro y crema, formada por bandas geométricas, con orientación horizontal, composición en bandas y simetría repetitiva."
2,TXT-0003,d3c2186a22d5e327cb9dbd542679b27e582b97c984175a675a6c260be1cbe9b5,1,positivos,CAP-V2_001-TPL_03,"Diseño de composición en bandas que muestra bandas geométricas, orientación horizontal, simetría repetitiva y una paleta rojo oscuro, negro y crema."
3,TXT-0004,e9295bcc3d693f9d516878410aab92abc79b7790c2ea9630184cd024d8b22116,1,positivos,CAP-V2_001-TPL_04,"Representación sintética de bandas geométricas; la orientación es horizontal, la composición es en bandas, la simetría es repetitiva y los colores son rojo oscuro, negro y crema."
4,TXT-0005,a504482ae05d01e341869cf68db9520aaf101ff40c3b8504d71927903afaf2a8,1,positivos,CAP-V2_001-TPL_05,"Textura geométrica con bandas geométricas, orientación horizontal, composición en bandas, simetría repetitiva y combinación cromática rojo oscuro, negro y crema."
5,TXT-0006,5b0e7814b78265de3ce0a1cadc203e184565520ce0344033ed23b1e852e9ec43,2,positivos,CAP-V2_002-TPL_01,"Patrón geométrico sintético con paleta azul profundo, crema y marrón; con bandas geométricas como motivo principal; orientación horizontal; composición en bandas; simetría repetitiva."
6,TXT-0007,4f1d08da34a4df2ca4388867039e313729a0ff853a35ab9332ce14514d44757c,1,positivos,CAP-V2_002-TPL_02,"Imagen abstracta en colores azul profundo, crema y marrón, formada por bandas geométricas, con orientación horizontal, composición en bandas y simetría repetitiva."
7,TXT-0008,31b45e7833d3cb1084f2a793c7f6d688c941295a5f734683b64326753c05a06c,1,positivos,CAP-V2_002-TPL_03,"Diseño de composición en bandas que muestra bandas geométricas, orientación horizontal, simetría repetitiva y una paleta azul profundo, crema y marrón."
8,TXT-0009,917581bfde27a3536b3a09b370f476a286977b80625d7b1c72385e9c96aadc25,1,positivos,CAP-V2_002-TPL_04,"Representación sintética de bandas geométricas; la orientación es horizontal, la composición es en bandas, la simetría es repetitiva y los colores son azul profundo, crema y marrón."
9,TXT-0010,575930601a498b1be1144fc3d1aa14baaa8fe022e18d3957382815894f1eb9ab,1,positivos,CAP-V2_002-TPL_05,"Textura geométrica con bandas geométricas, orientación horizontal, composición en bandas, simetría repetitiva y combinación cromática azul profundo, crema y marrón."
10,TXT-0011,58173b82a0b54909da8da67aeaf2bddb4e835cf84deb6c4fffec81e9e2b51c54,3,positivos,CAP-V2_003-TPL_01,"Patrón geométrico sintético con paleta ocre, marrón y negro; con bandas geométricas como motivo principal; orientación horizontal; composición en bandas; simetría repetitiva."
11,TXT-0012,8b0997dcdc2261646a6756e5fbf10b257750ccaf0e49c44b8ffe4bdf55272469,1,positivos,CAP-V2_003-TPL_02,"Imagen abstracta en colores ocre, marrón y negro, formada por bandas geométricas, con orientación horizontal, composición en bandas y simetría repetitiva."
12,TXT-0013,88b4c87a50701f0f1821d40f5264050cff54e514eaf95d932146660566689b9d,1,positivos,CAP-V2_003-TPL_03,"Diseño de composición en bandas que muestra bandas geométricas, orientación horizontal, simetría repetitiva y una paleta ocre, marrón y negro."
13,TXT-0014,2829446f0eafc5746f3a2509026813e19b4260a9c788ec9df6ba3ad59c36cb9a,1,positivos,CAP-V2_003-TPL_04,"Representación sintética de bandas geométricas; la orientación es horizontal, la composición es en bandas, la simetría es repetitiva y los colores son ocre, marrón y negro."
14,TXT-0015,711f82f194807f585e7cc30afc4ecd3139f4b7d07f86e0601c49f8e1bc62fa16,1,positivos,CAP-V2_003-TPL_05,"Textura geométrica con bandas geométricas, orientación horizontal, composición en bandas, simetría repetitiva y combinación cromática ocre, marrón y negro."
15,TXT-0016,edb688349ab3fb3842bd0b03e1317b202fa6f7b67f5590c5802ee1e069685283,3,positivos,CAP-V2_004-TPL_01,"Patrón geométrico sintético con paleta blanco, negro y gris; con bandas geométricas como motivo principal; orientación horizontal; composición en bandas; simetría repetitiva."
16,TXT-0017,d6fca232bdf7bf93a5b7090d73f0416f30b4d45d025e2b48623493903b74682c,1,positivos,CAP-V2_004-TPL_02,"Imagen abstracta en colores blanco, negro y gris, formada por bandas geométricas, con orientación horizontal, composición en bandas y simetría repetitiva."
17,TXT-0018,a34006ccde0ee1e70bfcee95a47f3d02257892049c2ff40616914da979b0bfa1,1,positivos,CAP-V2_004-TPL_03,"Diseño de composición en bandas que muestra bandas geométricas, orientación horizontal, simetría repetitiva y una paleta blanco, negro y gris."
18,TXT-0019,c24f235542d9e6dbfab6621de3304cda6fc1611798c394947b661db8055d13db,1,positivos,CAP-V2_004-TPL_04,"Representación sintética de bandas geométricas; la orientación es horizontal, la composición es en bandas, la simetría es repetitiva y los colores son blanco, negro y gris."
19,TXT-0020,2dee1f211ff5034ba897c7c85a762339dd76b2ce50a155455d7dba11cc3844ac,1,positivos,CAP-V2_004-TPL_05,"Textura geométrica con bandas geométricas, orientación horizontal, composición en bandas, simetría repetitiva y combinación cromática blanco, negro y gris."
20,TXT-0021,adb2799492b9914413ea999edec58a5f53b8494a59aeba0ba4cc201449833575,3,positivos,CAP-V2_005-TPL_01,"Patrón geométrico sintético con paleta rojo tierra, ocre, verde oscuro y azul profundo; con bandas geométricas como motivo principal; orientación horizontal; composición en bandas; simetría repetitiva."
21,TXT-0022,2ce22400ab855141e748d90db6ec129d7f9b2b28022f365ad93957b546a1ca37,1,positivos,CAP-V2_005-TPL_02,"Imagen abstracta en colores rojo tierra, ocre, verde oscuro y azul profundo, formada por bandas geométricas, con orientación horizontal, composición en bandas y simetría repetitiva."
22,TXT-0023,3a981b3c89d7cc11af6b701ec6211928ed447a15367c63ddbb4612fee98e0063,1,positivos,CAP-V2_005-TPL_03,"Diseño de composición en bandas que muestra bandas geométricas, orientación horizontal, simetría repetitiva y una paleta rojo tierra, ocre, verde oscuro y azul profundo."
23,TXT-0024,383cdc1ff8ae56413708c87349e0ec6229670e42baeaca1e84e08cf0b147a8e3,1,positivos,CAP-V2_005-TPL_04,"Representación sintética de bandas geométricas; la orientación es horizontal, la composición es en bandas, la simetría es repetitiva y los colores son rojo tierra, ocre, verde oscuro y azul profundo."
24,TXT-0025,722bf74cd8410923951462fb0b554e2bf4d57538b86e9b2a3a61085d38247035,1,positivos,CAP-V2_005-TPL_05,"Textura geométrica con bandas geométricas, orientación horizontal, composición en bandas, simetría repetitiva y combinación cromática rojo tierra, ocre, verde oscuro y azul profundo."
25,TXT-0026,37c6aa35b8bf15ef1b40b8c44f46fbadd2a5395736edae7ce78c85e8abf72787,4,positivos,CAP-V2_006-TPL_01,"Patrón geométrico sintético con paleta rojo oscuro, negro y crema; con bandas geométricas como motivo principal; orientación vertical; composición en bandas; simetría repetitiva."
26,TXT-0027,e212022e3f92278302a1457e3016b9f3e454904333d4018a5f48c7fcc6ba5fe1,1,positivos,CAP-V2_006-TPL_02,"Imagen abstracta en colores rojo oscuro, negro y crema, formada por bandas geométricas, con orientación vertical, composición en bandas y simetría repetitiva."
27,TXT-0028,55e05c18fd1c9e560d014d9f1f6fdd635797efcd76d57e49efcaf2049b94ef27,1,positivos,CAP-V2_006-TPL_03,"Diseño de composición en bandas que muestra bandas geométricas, orientación vertical, simetría repetitiva y una paleta rojo oscuro, negro y crema."
28,TXT-0029,9bd9b3a60cb1483377273eacb76d7770955c449cde921176889e313ccefb298a,1,positivos,CAP-V2_006-TPL_04,"Representación sintética de bandas geométricas; la orientación es vertical, la composición es en bandas, la simetría es repetitiva y los colores son rojo oscuro, negro y crema."
29,TXT-0030,f27d58be2511021f8a768d5ef01c4c59e490ef53fc4b2242815d92c98e795272,1,positivos,CAP-V2_006-TPL_05,"Textura geométrica con bandas geométricas, orientación vertical, composición en bandas, simetría repetitiva y combinación cromática rojo oscuro, negro y crema."
30,TXT-0031,7f8c12c6b6b9f23631236e8d578e793464df7022624cd580e5a3ee4793cfddb9,3,positivos,CAP-V2_007-TPL_01,"Patrón geométrico sintético con paleta azul profundo, crema y marrón; con bandas geométricas como motivo principal; orientación vertical; composición en bandas; simetría repetitiva."
31,TXT-0032,670ada1736d755a2274b91e16aaa63a648e64f157e467dd7450b2d27445468a6,1,positivos,CAP-V2_007-TPL_02,"Imagen abstracta en colores azul profundo, crema y marrón, formada por bandas geométricas, con orientación vertical, composición en bandas y simetría repetitiva."
32,TXT-0033,8306b3d815500bc7ed58e895056c0453f0d8b3098a1c25061f8696c06344f4c1,1,positivos,CAP-V2_007-TPL_03,"Diseño de composición en bandas que muestra bandas geométricas, orientación vertical, simetría repetitiva y una paleta azul profundo, crema y marrón."
33,TXT-0034,22ab6ebedff8a1cc556fee810147838692678122a15e4c21357465c4f850ae69,1,positivos,CAP-V2_007-TPL_04,"Representación sintética de bandas geométricas; la orientación es vertical, la composición es en bandas, la simetría es repetitiva y los colores son azul profundo, crema y marrón."
34,TXT-0035,b3b94c197ed659bf84a376e8d312c443113c7299f8f4d2fcbe2f8610fd2cd35e,1,positivos,CAP-V2_007-TPL_05,"Textura geométrica con bandas geométricas, orientación vertical, composición en bandas, simetría repetitiva y combinación cromática azul profundo, crema y marrón."
35,TXT-0036,dc95cbf8badee2b2fea8d2d26e3eeb726a78c4c1c4fb6e2f4c0af6ec52ea0d51,3,positivos,CAP-V2_008-TPL_01,"Patrón geométrico sintético con paleta ocre, marrón y negro; con bandas geométricas como motivo principal; orientación vertical; composición en bandas; simetría repetitiva."
36,TXT-0037,f5840d458b0ca5ab2930b9f6e584afd6c78687b7b90d3ca3fb5bd3be2b3875de,1,positivos,CAP-V2_008-TPL_02,"Imagen abstracta en colores ocre, marrón y negro, formada por bandas geométricas, con orientación vertical, composición en bandas y simetría repetitiva."
37,TXT-0038,a30ca2c92b8f9839ab6025265f774a775d2e53c578f37351af4d14d2553b6a6d,1,positivos,CAP-V2_008-TPL_03,"Diseño de composición en bandas que muestra bandas geométricas, orientación vertical, simetría repetitiva y una paleta ocre, marrón y negro."
38,TXT-0039,956a1c94cc1b957782f421d872d8641b05e8e7af0bce8137233fe9910dbfcc09,1,positivos,CAP-V2_008-TPL_04,"Representación sintética de bandas geométricas; la orientación es vertical, la composición es en bandas, la simetría es repetitiva y los colores son ocre, marrón y negro."
39,TXT-0040,79369f1e36a8a343444a3aec91fccb1a273c377aae07d617d8b3e4f79e90179d,1,positivos,CAP-V2_008-TPL_05,"Textura geométrica con bandas geométricas, orientación vertical, composición en bandas, simetría repetitiva y combinación cromática ocre, marrón y negro."
40,TXT-0041,bc085670f5620cf71de15c3c5894f3d4750e7dc5142f863dde1ecbcb828ed4c5,4,positivos,CAP-V2_009-TPL_01,"Patrón geométrico sintético con paleta blanco, negro y gris; con bandas geométricas como motivo principal; orientación vertical; composición en bandas; simetría repetitiva."
41,TXT-0042,40262caba91ee254dff15041a8bd1445b83258679646f7ae09c8b0c6a618ee61,1,positivos,CAP-V2_009-TPL_02,"Imagen abstracta en colores blanco, negro y gris, formada por bandas geométricas, con orientación vertical, composición en bandas y simetría repetitiva."
42,TXT-0043,5d29897e6301ec6831f9964bc95f3e2a3d9bed83242ebc2fb6aecdd1dae01694,1,positivos,CAP-V2_009-TPL_03,"Diseño de composición en bandas que muestra bandas geométricas, orientación vertical, simetría repetitiva y una paleta blanco, negro y gris."
43,TXT-0044,6b9c1180fea1d5c8a7e912eb601ec1bf223c4a7f89fb6cdc8adce12ce4f69de9,1,positivos,CAP-V2_009-TPL_04,"Representación sintética de bandas geométricas; la orientación es vertical, la composición es en bandas, la simetría es repetitiva y los colores son blanco, negro y gris."
44,TXT-0045,5f2ce9b1872e339e4645e623af243a72d06aa68f3917799dbcf741d85281c639,1,positivos,CAP-V2_009-TPL_05,"Textura geométrica con bandas geométricas, orientación vertical, composición en bandas, simetría repetitiva y combinación cromática blanco, negro y gris."
45,TXT-0046,551534df8b5a7aa8be5b5e88d1d0a96becce2e37dfe1226c0daafcbc13474875,4,positivos,CAP-V2_010-TPL_01,"Patrón geométrico sintético con paleta rojo tierra, ocre, verde oscuro y azul profundo; con bandas geométricas como motivo principal; orientación vertical; composición en bandas; simetría repetitiva."
46,TXT-0047,171d31929ada5dada84b8700b2ff921134806956c18d7b1ff7dc06ab4e33ba6f,1,positivos,CAP-V2_010-TPL_02,"Imagen abstracta en colores rojo tierra, ocre, verde oscuro y azul profundo, formada por bandas geométricas, con orientación vertical, composición en bandas y simetría repetitiva."
47,TXT-0048,781e7e095f5a129d5ab027dfd284ade8f2905b85cb627e93f8a64d05e8ffe71a,1,positivos,CAP-V2_010-TPL_03,"Diseño de composición en bandas que muestra bandas geométricas, orientación vertical, simetría repetitiva y una paleta rojo tierra, ocre, verde oscuro y azul profundo."
48,TXT-0049,c3679611762258ee40769958d0f0c02cdb076800affbb8ecf934f2f6bfc07504,1,positivos,CAP-V2_010-TPL_04,"Representación sintética de bandas geométricas; la orientación es vertical, la composición es en bandas, la simetría es repetitiva y los colores son rojo tierra, ocre, verde oscuro y azul profundo."
49,TXT-0050,e720a47b719716d7318b1a3d96e1ee66534c5fffa64ae497d8a8e1196f946444,1,positivos,CAP-V2_010-TPL_05,"Textura geométrica con bandas geométricas, orientación vertical, composición en bandas, simetría repetitiva y combinación cromática rojo tierra, ocre, verde oscuro y azul profundo."
50,TXT-0051,29338237967537da3689364f3169596aedc00c3a8a184a85595cee1119f65c68,2,positivos,CAP-V2_011-TPL_01,"Patrón geométrico sintético con paleta rojo oscuro, negro y crema; con rombos como motivo principal; orientación diagonal; composición central; simetría bilateral."
51,TXT-0052,021b04035d0cf6d8a81ea4483aed2f6b0775bd900758f342d57595d5efc9c5cd,1,positivos,CAP-V2_011-TPL_02,"Imagen abstracta en colores rojo oscuro, negro y crema, formada por rombos, con orientación diagonal, composición central y simetría bilateral."
52,TXT-0053,4543d0a3143f2854af6a5129ca57ac6a505751bd58235fa92e3876c7e9140f66,1,positivos,CAP-V2_011-TPL_03,"Diseño de composición central que muestra rombos, orientación diagonal, simetría bilateral y una paleta rojo oscuro, negro y crema."
53,TXT-0054,5021844d380f1dc037f5a89d4e7cb4cda623e5e145639cd3ea82f907dd89c14b,1,positivos,CAP-V2_011-TPL_04,"Representación sintética de rombos; la orientación es diagonal, la composición es central, la simetría es bilateral y los colores son rojo oscuro, negro y crema."
54,TXT-0055,c251d45eb6b9e7b5200f7f94992797865bf0d9d375be603e96cfe11b76087716,1,positivos,CAP-V2_011-TPL_05,"Textura geométrica con rombos, orientación diagonal, composición central, simetría bilateral y combinación cromática rojo oscuro, negro y crema."
55,TXT-0056,572278c0c78e7ff7c02f9e58f84e366a259b51561ff49614835ae3746042fb67,2,positivos,CAP-V2_012-TPL_01,"Patrón geométrico sintético con paleta azul profundo, crema y marrón; con rombos como motivo principal; orientación diagonal; composición central; simetría bilateral."
56,TXT-0057,b2f6846ae5ab0c03fa360f75953617e1d7a56418a371f076610b2e81c52d783c,1,positivos,CAP-V2_012-TPL_02,"Imagen abstracta en colores azul profundo, crema y marrón, formada por rombos, con orientación diagonal, composición central y simetría bilateral."
57,TXT-0058,35457d267bf48b35c38af68587f18c1014379440126736c84290cc44e5fe58d8,1,positivos,CAP-V2_012-TPL_03,"Diseño de composición central que muestra rombos, orientación diagonal, simetría bilateral y una paleta azul profundo, crema y marrón."
58,TXT-0059,4361355b5a9305b6c41e335dc9abe5e9c12289225653eda6060915eb4672f4ee,1,positivos,CAP-V2_012-TPL_04,"Representación sintética de rombos; la orientación es diagonal, la composición es central, la simetría es bilateral y los colores son azul profundo, crema y marrón."
59,TXT-0060,1eb95e25ae8e6be292c8c1b2dbefb36d854935a4e1e5ca86fb33bf195937cd90,1,positivos,CAP-V2_012-TPL_05,"Textura geométrica con rombos, orientación diagonal, composición central, simetría bilateral y combinación cromática azul profundo, crema y marrón."
60,TXT-0061,e6be548cdc2a938ccbdc9000d0b0cc2e388a073cc31df760a93448d8219ff40a,3,positivos,CAP-V2_013-TPL_01,"Patrón geométrico sintético con paleta ocre, marrón y negro; con rombos como motivo principal; orientación diagonal; composición central; simetría bilateral."
61,TXT-0062,21b26f527f05624259a0e281b78f8eca66800800683984d7b592ffe1d288710e,1,positivos,CAP-V2_013-TPL_02,"Imagen abstracta en colores ocre, marrón y negro, formada por rombos, con orientación diagonal, composición central y simetría bilateral."
62,TXT-0063,48a0dee7ba1ec00a861274a62a2d1d50442429bd08b19ed0a56fdea7ba516665,1,positivos,CAP-V2_013-TPL_03,"Diseño de composición central que muestra rombos, orientación diagonal, simetría bilateral y una paleta ocre, marrón y negro."
63,TXT-0064,22d05b8040179a87f19ed81ecd34ccfcfe2cc5319ae3e0c38ecb8fb230816754,1,positivos,CAP-V2_013-TPL_04,"Representación sintética de rombos; la orientación es diagonal, la composición es central, la simetría es bilateral y los colores son ocre, marrón y negro."
64,TXT-0065,b3aeaf4ca5cd487a26edb09a531e9169faa4e9d7362dc1177da9ea4b515f2efd,1,positivos,CAP-V2_013-TPL_05,"Textura geométrica con rombos, orientación diagonal, composición central, simetría bilateral y combinación cromática ocre, marrón y negro."
65,TXT-0066,8f7cf49c5be2ccbbbaaaaccb459d14850ee61d273267d750007b31558b81c913,3,positivos,CAP-V2_014-TPL_01,"Patrón geométrico sintético con paleta blanco, negro y gris; con rombos como motivo principal; orientación diagonal; composición central; simetría bilateral."
66,TXT-0067,26dbebd3c377eb5630177d7a7575ad34e5ae971ccbd9f0aefd73a74cd6b3a942,1,positivos,CAP-V2_014-TPL_02,"Imagen abstracta en colores blanco, negro y gris, formada por rombos, con orientación diagonal, composición central y simetría bilateral."
67,TXT-0068,e138bbeada7a7c8deb83a0c2e2b88d37a6af9fc1f549f467ff286e0b9cfc48ec,1,positivos,CAP-V2_014-TPL_03,"Diseño de composición central que muestra rombos, orientación diagonal, simetría bilateral y una paleta blanco, negro y gris."
68,TXT-0069,21dceb5316e4c49baa0b169b7784ea34454271aacfbecd2a9a08314dbf1e9770,1,positivos,CAP-V2_014-TPL_04,"Representación sintética de rombos; la orientación es diagonal, la composición es central, la simetría es bilateral y los colores son blanco, negro y gris."
69,TXT-0070,9ffb138d0274d0d0bb1dce040f38f28d790bc192f9a744dacb5767f389c2d62b,1,positivos,CAP-V2_014-TPL_05,"Textura geométrica con rombos, orientación diagonal, composición central, simetría bilateral y combinación cromática blanco, negro y gris."
70,TXT-0071,b2c7408029e43e52b87de220d56014c7726607dfedb300ebc98d2ed48bfdb0c0,3,positivos,CAP-V2_015-TPL_01,"Patrón geométrico sintético con paleta rojo tierra, ocre, verde oscuro y azul profundo; con rombos como motivo principal; orientación diagonal; composición central; simetría bilateral."
71,TXT-0072,41fe727202d9d0246b25070abd14137420a79b5ca9974293efa0afa412518d1e,1,positivos,CAP-V2_015-TPL_02,"Imagen abstracta en colores rojo tierra, ocre, verde oscuro y azul profundo, formada por rombos, con orientación diagonal, composición central y simetría bilateral."
72,TXT-0073,df0d7e1dfc96dcde4f468400445f2cea4de2c8c6027ad581f80cb2123bce36e5,1,positivos,CAP-V2_015-TPL_03,"Diseño de composición central que muestra rombos, orientación diagonal, simetría bilateral y una paleta rojo tierra, ocre, verde oscuro y azul profundo."
73,TXT-0074,44807bdb2da30b15718421335531ecaa24d9eb23a3a3d083836588bd2d99f79c,1,positivos,CAP-V2_015-TPL_04,"Representación sintética de rombos; la orientación es diagonal, la composición es central, la simetría es bilateral y los colores son rojo tierra, ocre, verde oscuro y azul profundo."
74,TXT-0075,850d720e3c102053c81d5d1125f8931d0827d7f18f28ed9eda63b19a35f7b300,1,positivos,CAP-V2_015-TPL_05,"Textura geométrica con rombos, orientación diagonal, composición central, simetría bilateral y combinación cromática rojo tierra, ocre, verde oscuro y azul profundo."
75,TXT-0076,5596e7f79a991d55c35de03a66475134cd34012da62e520cdaff3096be423c7a,3,positivos,CAP-V2_016-TPL_01,"Patrón geométrico sintético con paleta rojo oscuro, negro y crema; con grecas escalonadas como motivo principal; orientación horizontal; composición modular; simetría repetitiva."
76,TXT-0077,91128e993e30fbb02fe185713a65601afd4f374a6154630965c7c83a133791c3,1,positivos,CAP-V2_016-TPL_02,"Imagen abstracta en colores rojo oscuro, negro y crema, formada por grecas escalonadas, con orientación horizontal, composición modular y simetría repetitiva."
77,TXT-0078,90aafa3ff114e275be5a96132c4a8b475dfdaf3d556555afa4d32da5d23c5606,1,positivos,CAP-V2_016-TPL_03,"Diseño de composición modular que muestra grecas escalonadas, orientación horizontal, simetría repetitiva y una paleta rojo oscuro, negro y crema."
78,TXT-0079,98d9929c6a9af97a97ca977b0a301a552a639155becf1c71e5f4e2342d129cf2,1,positivos,CAP-V2_016-TPL_04,"Representación sintética de grecas escalonadas; la orientación es horizontal, la composición es modular, la simetría es repetitiva y los colores son rojo oscuro, negro y crema."
79,TXT-0080,2d398ede730df9934f5b2d363a9fdf894744f5fc3f4a4c9db29f467b91139114,1,positivos,CAP-V2_016-TPL_05,"Textura geométrica con grecas escalonadas, orientación horizontal, composición modular, simetría repetitiva y combinación cromática rojo oscuro, negro y crema."
80,TXT-0081,fade7c455a97e491689c79920bfbee3b56214c5209d5f13cca5f8b15a1e32821,2,positivos,CAP-V2_017-TPL_01,"Patrón geométrico sintético con paleta azul profundo, crema y marrón; con grecas escalonadas como motivo principal; orientación horizontal; composición modular; simetría repetitiva."
81,TXT-0082,921817b6b4a1fd17c34bee974540202b135fae75b76f418491ff15c4a1a0a1f7,1,positivos,CAP-V2_017-TPL_02,"Imagen abstracta en colores azul profundo, crema y marrón, formada por grecas escalonadas, con orientación horizontal, composición modular y simetría repetitiva."
82,TXT-0083,e05b9c5371cc498d0024137d23fdbe5b00effcec2a12b4c112abc5a0bb9b1bbf,1,positivos,CAP-V2_017-TPL_03,"Diseño de composición modular que muestra grecas escalonadas, orientación horizontal, simetría repetitiva y una paleta azul profundo, crema y marrón."
83,TXT-0084,ee183dc5d040ac9a3448d887a528f7c8c7fa582269e57c83b31048d485a4c6a7,1,positivos,CAP-V2_017-TPL_04,"Representación sintética de grecas escalonadas; la orientación es horizontal, la composición es modular, la simetría es repetitiva y los colores son azul profundo, crema y marrón."
84,TXT-0085,818bba03b4b83939247023b4a842df1a8e700d3f00b6339c60f7a66b392258f9,1,positivos,CAP-V2_017-TPL_05,"Textura geométrica con grecas escalonadas, orientación horizontal, composición modular, simetría repetitiva y combinación cromática azul profundo, crema y marrón."
85,TXT-0086,099dd9e328c60d9a680d9f6c97bd9f87078d4379ed237d0e895cf2b08d01053e,3,positivos,CAP-V2_018-TPL_01,"Patrón geométrico sintético con paleta ocre, marrón y negro; con grecas escalonadas como motivo principal; orientación horizontal; composición modular; simetría repetitiva."
86,TXT-0087,99383aaca12248e494fb4d729245d078ce99a05c92f24b50cec7a6081f1881d7,1,positivos,CAP-V2_018-TPL_02,"Imagen abstracta en colores ocre, marrón y negro, formada por grecas escalonadas, con orientación horizontal, composición modular y simetría repetitiva."
87,TXT-0088,a54c53ce247d35456be2a5d2f85d7fc23a2a7917c52e703ca60d3412985d26af,1,positivos,CAP-V2_018-TPL_03,"Diseño de composición modular que muestra grecas escalonadas, orientación horizontal, simetría repetitiva y una paleta ocre, marrón y negro."
88,TXT-0089,e6cfcb1247d066a4a4444d20d114604333a5a3b7eaa5e842246b5648aaf62930,1,positivos,CAP-V2_018-TPL_04,"Representación sintética de grecas escalonadas; la orientación es horizontal, la composición es modular, la simetría es repetitiva y los colores son ocre, marrón y negro."
89,TXT-0090,3fd477d4b6d572c00a1e872c021466151958b93a37c110c23619e99271989b92,1,positivos,CAP-V2_018-TPL_05,"Textura geométrica con grecas escalonadas, orientación horizontal, composición modular, simetría repetitiva y combinación cromática ocre, marrón y negro."
90,TXT-0091,1547af5ac7c093f6d9bed9f051800c9abf2fb827c3a3a562dd934597718b7576,3,positivos,CAP-V2_019-TPL_01,"Patrón geométrico sintético con paleta blanco, negro y gris; con grecas escalonadas como motivo principal; orientación horizontal; composición modular; simetría repetitiva."
91,TXT-0092,f3c0f24e9945e4d284032f64fa70167e787cc6d96596423624019168fa31d94d,1,positivos,CAP-V2_019-TPL_02,"Imagen abstracta en colores blanco, negro y gris, formada por grecas escalonadas, con orientación horizontal, composición modular y simetría repetitiva."
92,TXT-0093,a6e4fba36799cacae4582af428cb913354b4d008e52f843a9dc65374bddd5d0b,1,positivos,CAP-V2_019-TPL_03,"Diseño de composición modular que muestra grecas escalonadas, orientación horizontal, simetría repetitiva y una paleta blanco, negro y gris."
93,TXT-0094,edbb11e0f71729ceb1d732f60a3d6fa2c099571fbaf343e5072c3579801fa892,1,positivos,CAP-V2_019-TPL_04,"Representación sintética de grecas escalonadas; la orientación es horizontal, la composición es modular, la simetría es repetitiva y los colores son blanco, negro y gris."
94,TXT-0095,eb66e50668b1fe2a3b625b56045b0e26ee567d590314d90b67c32945fdd7a912,1,positivos,CAP-V2_019-TPL_05,"Textura geométrica con grecas escalonadas, orientación horizontal, composición modular, simetría repetitiva y combinación cromática blanco, negro y gris."
95,TXT-0096,de421ad819d5b4d630c12c5d47eac05a817f6eafba5d8063c7db55ab69eb5195,3,positivos,CAP-V2_020-TPL_01,"Patrón geométrico sintético con paleta rojo tierra, ocre, verde oscuro y azul profundo; con grecas escalonadas como motivo principal; orientación horizontal; composición modular; simetría repetitiva."
96,TXT-0097,10bb1576dad6989f7ca02b6926252cd3036180863f869785e825db54ed44373d,1,positivos,CAP-V2_020-TPL_02,"Imagen abstracta en colores rojo tierra, ocre, verde oscuro y azul profundo, formada por grecas escalonadas, con orientación horizontal, composición modular y simetría repetitiva."
97,TXT-0098,d3a1742ba12278062d7995ac78c662e72c6e5b9ec14efac2b646ac5b6082851b,1,positivos,CAP-V2_020-TPL_03,"Diseño de composición modular que muestra grecas escalonadas, orientación horizontal, simetría repetitiva y una paleta rojo tierra, ocre, verde oscuro y azul profundo."
98,TXT-0099,45d405c5f1e1f42f55bc8b3698def05e3cc828e906ddbddb4c65e3fa5d627ca3,1,positivos,CAP-V2_020-TPL_04,"Representación sintética de grecas escalonadas; la orientación es horizontal, la composición es modular, la simetría es repetitiva y los colores son rojo tierra, ocre, verde oscuro y azul profundo."
99,TXT-0100,43e20fb22d99cb51cdec6fd5868edce3adfcedffde6a8936f264ff10b5375777,1,positivos,CAP-V2_020-TPL_05,"Textura geométrica con grecas escalonadas, orientación horizontal, composición modular, simetría repetitiva y combinación cromática rojo tierra, ocre, verde oscuro y azul profundo."
100,TXT-0101,c8f0ecae7756eead137dd868ed807273b0722696cb014331464a69d7c76fcebc,3,positivos,CAP-V2_021-TPL_01,"Patrón geométrico sintético con paleta rojo oscuro, negro y crema; con una cuadrícula geométrica como motivo principal; orientación bidireccional; composición reticular; simetría repetitiva."
101,TXT-0102,744739450c8eb1c57070384a27e0907ecc212804427c9a7d1635d24896270ac8,1,positivos,CAP-V2_021-TPL_02,"Imagen abstracta en colores rojo oscuro, negro y crema, formada por una cuadrícula geométrica, con orientación bidireccional, composición reticular y simetría repetitiva."
102,TXT-0103,ba994dba079d5bb3a16b9c57ad6857e05fcb5820360e67cdd522d1a43e117756,1,positivos,CAP-V2_021-TPL_03,"Diseño de composición reticular que muestra una cuadrícula geométrica, orientación bidireccional, simetría repetitiva y una paleta rojo oscuro, negro y crema."
103,TXT-0104,5789a5aefaa4dd7825d3f9210cb9c72d6779a9f98c6a35fdfa5a9aea86c941c5,1,positivos,CAP-V2_021-TPL_04,"Representación sintética de una cuadrícula geométrica; la orientación es bidireccional, la composición es reticular, la simetría es repetitiva y los colores son rojo oscuro, negro y crema."
104,TXT-0105,89be9c33c597228c3b86873abee99b1aa4fde566f75df97fff099629377bde15,1,positivos,CAP-V2_021-TPL_05,"Textura geométrica con una cuadrícula geométrica, orientación bidireccional, composición reticular, simetría repetitiva y combinación cromática rojo oscuro, negro y crema."
105,TXT-0106,b1cbec5d21808dc3117d559e730b45e9a6aecc18640577addd22472dd12fb928,2,positivos,CAP-V2_022-TPL_01,"Patrón geométrico sintético con paleta azul profundo, crema y marrón; con una cuadrícula geométrica como motivo principal; orientación bidireccional; composición reticular; simetría repetitiva."
106,TXT-0107,d801b981687191dca0fd498cd28f0693f3d9af12bc5865b3a8937fb4c16d84a8,1,positivos,CAP-V2_022-TPL_02,"Imagen abstracta en colores azul profundo, crema y marrón, formada por una cuadrícula geométrica, con orientación bidireccional, composición reticular y simetría repetitiva."
107,TXT-0108,f76c24ad0b934bcac024bca64be2e5f82d912e58c2dfd1cd826e657674ff766d,1,positivos,CAP-V2_022-TPL_03,"Diseño de composición reticular que muestra una cuadrícula geométrica, orientación bidireccional, simetría repetitiva y una paleta azul profundo, crema y marrón."
108,TXT-0109,798ea956e2c96aa1ab5fc1876b3e697b1731a4f5a085ebcf01623f6e8feac13f,1,positivos,CAP-V2_022-TPL_04,"Representación sintética de una cuadrícula geométrica; la orientación es bidireccional, la composición es reticular, la simetría es repetitiva y los colores son azul profundo, crema y marrón."
109,TXT-0110,86368a3507fc0319eae14ac512d27f28a82603c523bc7f96bf3a556edfea51fe,1,positivos,CAP-V2_022-TPL_05,"Textura geométrica con una cuadrícula geométrica, orientación bidireccional, composición reticular, simetría repetitiva y combinación cromática azul profundo, crema y marrón."
110,TXT-0111,cfb119ddda3022f810e27a0fed111604c2ed2396b597b2b305b60ba55e3d42ee,3,positivos,CAP-V2_023-TPL_01,"Patrón geométrico sintético con paleta ocre, marrón y negro; con una cuadrícula geométrica como motivo principal; orientación bidireccional; composición reticular; simetría repetitiva."
111,TXT-0112,ebe0f79a64d264914a54c4ade96d3ff000ccc9a78d46c03e4767940144bbb3ee,1,positivos,CAP-V2_023-TPL_02,"Imagen abstracta en colores ocre, marrón y negro, formada por una cuadrícula geométrica, con orientación bidireccional, composición reticular y simetría repetitiva."
112,TXT-0113,2f8aec162ea8c797df5fb62894ae52456eea0363b01809aca958213d0ab7487e,1,positivos,CAP-V2_023-TPL_03,"Diseño de composición reticular que muestra una cuadrícula geométrica, orientación bidireccional, simetría repetitiva y una paleta ocre, marrón y negro."
113,TXT-0114,6a85b781fb812d08964481a3de5800b95a808e4002d08afab892babb37ba4d7d,1,positivos,CAP-V2_023-TPL_04,"Representación sintética de una cuadrícula geométrica; la orientación es bidireccional, la composición es reticular, la simetría es repetitiva y los colores son ocre, marrón y negro."
114,TXT-0115,243bc5d869acf8dd4d108eb4f20dbef4af0930e604a671312eac40ecc8fd70b3,1,positivos,CAP-V2_023-TPL_05,"Textura geométrica con una cuadrícula geométrica, orientación bidireccional, composición reticular, simetría repetitiva y combinación cromática ocre, marrón y negro."
115,TXT-0116,1abaa86d1bd39dda4065d68a27035f07de9844808fc5648b15d30ea06be585a2,3,positivos,CAP-V2_024-TPL_01,"Patrón geométrico sintético con paleta blanco, negro y gris; con una cuadrícula geométrica como motivo principal; orientación bidireccional; composición reticular; simetría repetitiva."
116,TXT-0117,992f26ab3860df1a89fab201d468a925e623c39574ee14b4fd2b1475cdadc33c,1,positivos,CAP-V2_024-TPL_02,"Imagen abstracta en colores blanco, negro y gris, formada por una cuadrícula geométrica, con orientación bidireccional, composición reticular y simetría repetitiva."
117,TXT-0118,a2bdd6117cc215f867931f64d2406211251abfbf1a998d29bb04a2a4249df4e7,1,positivos,CAP-V2_024-TPL_03,"Diseño de composición reticular que muestra una cuadrícula geométrica, orientación bidireccional, simetría repetitiva y una paleta blanco, negro y gris."
118,TXT-0119,1805cbf7e5e7540965142eef7f0d67a571fa2565fb743aeea4f74d28a1b71bcf,1,positivos,CAP-V2_024-TPL_04,"Representación sintética de una cuadrícula geométrica; la orientación es bidireccional, la composición es reticular, la simetría es repetitiva y los colores son blanco, negro y gris."
119,TXT-0120,cf4f38dd3a03a3937e8e6d269686a61768ebc249502dc361fe133b5a01bbd520,1,positivos,CAP-V2_024-TPL_05,"Textura geométrica con una cuadrícula geométrica, orientación bidireccional, composición reticular, simetría repetitiva y combinación cromática blanco, negro y gris."
120,TXT-0121,bc83cfb5144d7091b1084f0df755be4b135a5e48644b5ad04ac858359b58a3b5,3,positivos,CAP-V2_025-TPL_01,"Patrón geométrico sintético con paleta rojo tierra, ocre, verde oscuro y azul profundo; con una cuadrícula geométrica como motivo principal; orientación bidireccional; composición reticular; simetría repetitiva."
121,TXT-0122,0a49a3e7aec236c69016cc64bbeaf2d345a02bc963dab1ef532b510f48d0df2c,1,positivos,CAP-V2_025-TPL_02,"Imagen abstracta en colores rojo tierra, ocre, verde oscuro y azul profundo, formada por una cuadrícula geométrica, con orientación bidireccional, composición reticular y simetría repetitiva."
122,TXT-0123,87ebb9bbf0c8239eac45189187ce08480ca9e40776741b79a74b8dd7ec53993e,1,positivos,CAP-V2_025-TPL_03,"Diseño de composición reticular que muestra una cuadrícula geométrica, orientación bidireccional, simetría repetitiva y una paleta rojo tierra, ocre, verde oscuro y azul profundo."
123,TXT-0124,8ac3b7e14549f46bd26553219fcd15a2d905876e98344e75b411e9ab9fbb39e4,1,positivos,CAP-V2_025-TPL_04,"Representación sintética de una cuadrícula geométrica; la orientación es bidireccional, la composición es reticular, la simetría es repetitiva y los colores son rojo tierra, ocre, verde oscuro y azul profundo."
124,TXT-0125,5169e110f769450da046316b6bf6c42ce6907a65137c8687ed30fa514d28a676,1,positivos,CAP-V2_025-TPL_05,"Textura geométrica con una cuadrícula geométrica, orientación bidireccional, composición reticular, simetría repetitiva y combinación cromática rojo tierra, ocre, verde oscuro y azul profundo."
125,TXT-0126,88ffc688ebfa4a8905abd903dd6dba411e41be5fba1b0971ead046691410d20b,3,positivos,CAP-V2_026-TPL_01,"Patrón geométrico sintético con paleta rojo oscuro, negro y crema; con motivos geométricos combinados como motivo principal; orientación mixta; composición mixta; simetría asimétrica."
126,TXT-0127,961ba880775acba83044c5185d549794e2633558b05570c3c7d6a29367283186,1,positivos,CAP-V2_026-TPL_02,"Imagen abstracta en colores rojo oscuro, negro y crema, formada por motivos geométricos combinados, con orientación mixta, composición mixta y simetría asimétrica."
127,TXT-0128,9d10ff1ca0c4a49ff5ae471cb25706d59b46ec65c6ebe22ff24dd612b978f923,1,positivos,CAP-V2_026-TPL_03,"Diseño de composición mixta que muestra motivos geométricos combinados, orientación mixta, simetría asimétrica y una paleta rojo oscuro, negro y crema."
128,TXT-0129,2c573e7ceeab6ba6bd5c7af3035426098464e721d7561d10ac9a5d9719510621,1,positivos,CAP-V2_026-TPL_04,"Representación sintética de motivos geométricos combinados; la orientación es mixta, la composición es mixta, la simetría es asimétrica y los colores son rojo oscuro, negro y crema."
129,TXT-0130,79a7b8d8a8f0c5c66ee1bdaef280ca581800f152728131c75eb99dfc06dbf3ee,1,positivos,CAP-V2_026-TPL_05,"Textura geométrica con motivos geométricos combinados, orientación mixta, composición mixta, simetría asimétrica y combinación cromática rojo oscuro, negro y crema."
130,TXT-0131,7c6058084e5a136443f68f271ecd01e65f0bd284b7816eb69382c448621a9c0c,2,positivos,CAP-V2_027-TPL_01,"Patrón geométrico sintético con paleta azul profundo, crema y marrón; con motivos geométricos combinados como motivo principal; orientación mixta; composición mixta; simetría asimétrica."
131,TXT-0132,2960b469a1d2e71b85f02d11ca99342cff4273e36d5d247b13b2de0b6bfa8302,1,positivos,CAP-V2_027-TPL_02,"Imagen abstracta en colores azul profundo, crema y marrón, formada por motivos geométricos combinados, con orientación mixta, composición mixta y simetría asimétrica."
132,TXT-0133,b541dc250f46cf13e063e859e09363fa304a6a7aab3f9ff11b18707f3f1776a5,1,positivos,CAP-V2_027-TPL_03,"Diseño de composición mixta que muestra motivos geométricos combinados, orientación mixta, simetría asimétrica y una paleta azul profundo, crema y marrón."
133,TXT-0134,4b888c8f1771b1c6659c53307a31ab98feb884a26add675886ecee959dd1548b,1,positivos,CAP-V2_027-TPL_04,"Representación sintética de motivos geométricos combinados; la orientación es mixta, la composición es mixta, la simetría es asimétrica y los colores son azul profundo, crema y marrón."
134,TXT-0135,2a3b1be4d0d4c54b6f30c649d39836ed51fdc5d8f78bfc3d9eb076e8e7207c7e,1,positivos,CAP-V2_027-TPL_05,"Textura geométrica con motivos geométricos combinados, orientación mixta, composición mixta, simetría asimétrica y combinación cromática azul profundo, crema y marrón."
135,TXT-0136,477d3f1b28a1a2d977c4a157a74f3a63f4f0183d71e4842e742e2f9461648779,3,positivos,CAP-V2_028-TPL_01,"Patrón geométrico sintético con paleta ocre, marrón y negro; con motivos geométricos combinados como motivo principal; orientación mixta; composición mixta; simetría asimétrica."
136,TXT-0137,2b1de60ac21acd03e10e047e1b83b5432b4a1833082eba85a495e5913fb79608,1,positivos,CAP-V2_028-TPL_02,"Imagen abstracta en colores ocre, marrón y negro, formada por motivos geométricos combinados, con orientación mixta, composición mixta y simetría asimétrica."
137,TXT-0138,c9d72356739b1f9a7ed652ac8c52462c6c1fcdffedeea4892de3a3a6750d340e,1,positivos,CAP-V2_028-TPL_03,"Diseño de composición mixta que muestra motivos geométricos combinados, orientación mixta, simetría asimétrica y una paleta ocre, marrón y negro."
138,TXT-0139,7c168bdf4f386936f22dc947139ab8ce757a2c9ec263958d3afd9f310f524a41,1,positivos,CAP-V2_028-TPL_04,"Representación sintética de motivos geométricos combinados; la orientación es mixta, la composición es mixta, la simetría es asimétrica y los colores son ocre, marrón y negro."
139,TXT-0140,c30bec42323826bd43cf62d5e45d692f8b6e458ce7026234dfc7f998b6471275,1,positivos,CAP-V2_028-TPL_05,"Textura geométrica con motivos geométricos combinados, orientación mixta, composición mixta, simetría asimétrica y combinación cromática ocre, marrón y negro."
140,TXT-0141,c8bf8a072e3118987307c7ef2cc3f031ff219c8b5e2d2d41740da57be8c55c2d,3,positivos,CAP-V2_029-TPL_01,"Patrón geométrico sintético con paleta blanco, negro y gris; con motivos geométricos combinados como motivo principal; orientación mixta; composición mixta; simetría asimétrica."
141,TXT-0142,2db678d360fead34f90fa4ec6cf06069bc3bde7d0b19d8520dbfa69caee708b9,1,positivos,CAP-V2_029-TPL_02,"Imagen abstracta en colores blanco, negro y gris, formada por motivos geométricos combinados, con orientación mixta, composición mixta y simetría asimétrica."
142,TXT-0143,61816e15f89f94f40b22f174a6b5bb11c074180541543a2a05b74838e48f8220,1,positivos,CAP-V2_029-TPL_03,"Diseño de composición mixta que muestra motivos geométricos combinados, orientación mixta, simetría asimétrica y una paleta blanco, negro y gris."
143,TXT-0144,356a849537003f85639add198fb748a1d68a457709120396e53bfc65e1c17458,1,positivos,CAP-V2_029-TPL_04,"Representación sintética de motivos geométricos combinados; la orientación es mixta, la composición es mixta, la simetría es asimétrica y los colores son blanco, negro y gris."
144,TXT-0145,20739d0903e04e3407fff83f2ee2d970a8d3b95008d083efd9c8e435423511bc,1,positivos,CAP-V2_029-TPL_05,"Textura geométrica con motivos geométricos combinados, orientación mixta, composición mixta, simetría asimétrica y combinación cromática blanco, negro y gris."
145,TXT-0146,c65695c9b8c5e56efbbc0543cc69db2c19b69afda0923318baec8a1408b0cb31,3,positivos,CAP-V2_030-TPL_01,"Patrón geométrico sintético con paleta rojo tierra, ocre, verde oscuro y azul profundo; con motivos geométricos combinados como motivo principal; orientación mixta; composición mixta; simetría asimétrica."
146,TXT-0147,eed59e2ce3838bf7b3e5f2c25fae04cf8869fe564c3c68a28b096c743057c065,1,positivos,CAP-V2_030-TPL_02,"Imagen abstracta en colores rojo tierra, ocre, verde oscuro y azul profundo, formada por motivos geométricos combinados, con orientación mixta, composición mixta y simetría asimétrica."
147,TXT-0148,96d1729c28d49f95969e3c37eeb326b4582d008da3fe52c681d19fac86167ab4,1,positivos,CAP-V2_030-TPL_03,"Diseño de composición mixta que muestra motivos geométricos combinados, orientación mixta, simetría asimétrica y una paleta rojo tierra, ocre, verde oscuro y azul profundo."
148,TXT-0149,47e0f3a8fc7e1ae6571bb854071bc2a1d12e4a0011bde2e2600ade075c6d91f6,1,positivos,CAP-V2_030-TPL_04,"Representación sintética de motivos geométricos combinados; la orientación es mixta, la composición es mixta, la simetría es asimétrica y los colores son rojo tierra, ocre, verde oscuro y azul profundo."
149,TXT-0150,5370b5abcfd7145b329de87f5969d013b08f6bb695689d8c5288847056efabfa,1,positivos,CAP-V2_030-TPL_05,"Textura geométrica con motivos geométricos combinados, orientación mixta, composición mixta, simetría asimétrica y combinación cromática rojo tierra, ocre, verde oscuro y azul profundo."
150,TXT-0151,4510181f3d572f5916240991ce97faa61283b0617927b7c6dce23528054a1d1b,3,positivos,CAP-V2_031-TPL_01,"Patrón geométrico sintético con paleta verde, ocre y crema; con bandas geométricas como motivo principal; orientación horizontal; composición en bandas; simetría repetitiva."
151,TXT-0152,12ab3a00dae37d9aa64e59aacaa315793fc0210431534779330ec838f8558f55,1,positivos,CAP-V2_031-TPL_02,"Imagen abstracta en colores verde, ocre y crema, formada por bandas geométricas, con orientación horizontal, composición en bandas y simetría repetitiva."
152,TXT-0153,c608d7f0508e558c36d8660158e892049b742dc3bbbd9342630ea547d0695593,1,positivos,CAP-V2_031-TPL_03,"Diseño de composición en bandas que muestra bandas geométricas, orientación horizontal, simetría repetitiva y una paleta verde, ocre y crema."
153,TXT-0154,9b4b22e92029a5565148a3ddab46a84f139a84d792f6aa8d557e07cfcfabeb80,1,positivos,CAP-V2_031-TPL_04,"Representación sintética de bandas geométricas; la orientación es horizontal, la composición es en bandas, la simetría es repetitiva y los colores son verde, ocre y crema."
154,TXT-0155,3c251744753346f60f3eaba84adfbf8a23348363fd0a0a85a4f43ff9241bc3f2,1,positivos,CAP-V2_031-TPL_05,"Textura geométrica con bandas geométricas, orientación horizontal, composición en bandas, simetría repetitiva y combinación cromática verde, ocre y crema."
155,TXT-0156,50d1669c92f44c0006f228030bca2d4bc83208eddccf6a376430fb06e27dc528,2,positivos,CAP-V2_032-TPL_01,"Patrón geométrico sintético con paleta morado, gris y rosa; con bandas geométricas como motivo principal; orientación horizontal; composición en bandas; simetría repetitiva."
156,TXT-0157,71eb03a790fe1bb05dc812675f8d5172ff228bc1c1399b1f3a23008e6927ccd9,1,positivos,CAP-V2_032-TPL_02,"Imagen abstracta en colores morado, gris y rosa, formada por bandas geométricas, con orientación horizontal, composición en bandas y simetría repetitiva."
157,TXT-0158,13ecbe7d61a093e434b2dd5c84ed50977076f802d3cfa0b773dbb2314eb13ffe,1,positivos,CAP-V2_032-TPL_03,"Diseño de composición en bandas que muestra bandas geométricas, orientación horizontal, simetría repetitiva y una paleta morado, gris y rosa."
158,TXT-0159,ba94f5d4ef231235e9750d882c89faa7cad3a78da0323c35d2389527cb9fef0d,1,positivos,CAP-V2_032-TPL_04,"Representación sintética de bandas geométricas; la orientación es horizontal, la composición es en bandas, la simetría es repetitiva y los colores son morado, gris y rosa."
159,TXT-0160,891f2b59d3b03521a2dd08a960f1c48c0c975b678e08b0f2c63d246c9ab8034c,1,positivos,CAP-V2_032-TPL_05,"Textura geométrica con bandas geométricas, orientación horizontal, composición en bandas, simetría repetitiva y combinación cromática morado, gris y rosa."
160,TXT-0161,4efc5614dbfbf2c48a2cc7f23b125eee642aef36ccadad100adfb2ac507c51da,4,positivos,CAP-V2_033-TPL_01,"Patrón geométrico sintético con paleta verde, ocre y crema; con bandas geométricas como motivo principal; orientación vertical; composición en bandas; simetría repetitiva."
161,TXT-0162,82fd5c546d8f587910957aaebf1b9078ff230d3b8113811285ddef9be866cd71,1,positivos,CAP-V2_033-TPL_02,"Imagen abstracta en colores verde, ocre y crema, formada por bandas geométricas, con orientación vertical, composición en bandas y simetría repetitiva."
162,TXT-0163,4a53d4de6ec799e04da903f8cb4a1fa01bf0d332147f1faa9f872d1fa7d7c737,1,positivos,CAP-V2_033-TPL_03,"Diseño de composición en bandas que muestra bandas geométricas, orientación vertical, simetría repetitiva y una paleta verde, ocre y crema."
163,TXT-0164,a89f8edc48f1039124e9f8272b8340d8b3399c9d5d29b0ae55f1204a9afeedfa,1,positivos,CAP-V2_033-TPL_04,"Representación sintética de bandas geométricas; la orientación es vertical, la composición es en bandas, la simetría es repetitiva y los colores son verde, ocre y crema."
164,TXT-0165,b9d2de16870616a806542cac488a331fd3b2e513a96e4bc14e0fd8291a212ea0,1,positivos,CAP-V2_033-TPL_05,"Textura geométrica con bandas geométricas, orientación vertical, composición en bandas, simetría repetitiva y combinación cromática verde, ocre y crema."
165,TXT-0166,fa7af82166dcadf35dc8f6f238b44b7620fb0c53a9e07fb018ccf6dce78a9e6a,4,positivos,CAP-V2_034-TPL_01,"Patrón geométrico sintético con paleta morado, gris y rosa; con bandas geométricas como motivo principal; orientación vertical; composición en bandas; simetría repetitiva."
166,TXT-0167,302ae668a21820872e6dde898d2d08990125f422810567b477a336a281f44884,1,positivos,CAP-V2_034-TPL_02,"Imagen abstracta en colores morado, gris y rosa, formada por bandas geométricas, con orientación vertical, composición en bandas y simetría repetitiva."
167,TXT-0168,f06e57672ef90e8c8c52ca316bafa1341a98105c6938e55e69c311bcbc3fafe2,1,positivos,CAP-V2_034-TPL_03,"Diseño de composición en bandas que muestra bandas geométricas, orientación vertical, simetría repetitiva y una paleta morado, gris y rosa."
168,TXT-0169,7b9eadebfb1f31ec7d3a546e56787e19b37f7c557d9ffac001b5a234ec9d2b22,1,positivos,CAP-V2_034-TPL_04,"Representación sintética de bandas geométricas; la orientación es vertical, la composición es en bandas, la simetría es repetitiva y los colores son morado, gris y rosa."
169,TXT-0170,663d49701078d6d4183863ed5bc451fcc44fdc6bbb8aeb9fa3ad4d7673891685,1,positivos,CAP-V2_034-TPL_05,"Textura geométrica con bandas geométricas, orientación vertical, composición en bandas, simetría repetitiva y combinación cromática morado, gris y rosa."
170,TXT-0171,f5b328ee55d76417a0832dbec1d09000eaddedbb27f019bb621466551e5c21d5,3,positivos,CAP-V2_035-TPL_01,"Patrón geométrico sintético con paleta verde, ocre y crema; con rombos como motivo principal; orientación diagonal; composición central; simetría bilateral."
171,TXT-0172,ec8fd678405dfd7be4f53412b5dc50adec78c6b1e0d1e20355e75235367f017a,1,positivos,CAP-V2_035-TPL_02,"Imagen abstracta en colores verde, ocre y crema, formada por rombos, con orientación diagonal, composición central y simetría bilateral."
172,TXT-0173,32e85d44028b390787bff1c24c6076aefffe8e4454912aef0afb7687c04666cd,1,positivos,CAP-V2_035-TPL_03,"Diseño de composición central que muestra rombos, orientación diagonal, simetría bilateral y una paleta verde, ocre y crema."
173,TXT-0174,6a703945c74a3cb2ec53f2d91467e842d934d4e9a434eeec0e8ab0a50b2d0329,1,positivos,CAP-V2_035-TPL_04,"Representación sintética de rombos; la orientación es diagonal, la composición es central, la simetría es bilateral y los colores son verde, ocre y crema."
174,TXT-0175,7ecbdc80d2f0030d9a35235a2548e38c07fcc7e5dd0688cbc6fc4ec440f4ccc1,1,positivos,CAP-V2_035-TPL_05,"Textura geométrica con rombos, orientación diagonal, composición central, simetría bilateral y combinación cromática verde, ocre y crema."
175,TXT-0176,59a66d29753f5d5a554eefee908236f22e03d38bd586077b77a5433f27c8037e,3,positivos,CAP-V2_036-TPL_01,"Patrón geométrico sintético con paleta morado, gris y rosa; con rombos como motivo principal; orientación diagonal; composición central; simetría bilateral."
176,TXT-0177,4c6daa1ddd9fa4c84b2b965ac62b8e0297e284115a30588e47b01e4ae3efff59,1,positivos,CAP-V2_036-TPL_02,"Imagen abstracta en colores morado, gris y rosa, formada por rombos, con orientación diagonal, composición central y simetría bilateral."
177,TXT-0178,db2e9db68ccbdbb379c7b9c38a7862ecd8a08c16e8221b914e40a1e63f9d1def,1,positivos,CAP-V2_036-TPL_03,"Diseño de composición central que muestra rombos, orientación diagonal, simetría bilateral y una paleta morado, gris y rosa."
178,TXT-0179,bb80b78b19da0df5fb78ab687105467cb9deb278b4c620fd2ae766202b543946,1,positivos,CAP-V2_036-TPL_04,"Representación sintética de rombos; la orientación es diagonal, la composición es central, la simetría es bilateral y los colores son morado, gris y rosa."
179,TXT-0180,8ab4b2fa78f5ac0c6c03b2d9386dc078b3dadbdb9b607392ab7758479260ca93,1,positivos,CAP-V2_036-TPL_05,"Textura geométrica con rombos, orientación diagonal, composición central, simetría bilateral y combinación cromática morado, gris y rosa."
180,TXT-0181,53ea6ccd54778020b27c560c3c89cf1e36839745deca5ffdfc25615e39e311b5,3,positivos,CAP-V2_037-TPL_01,"Patrón geométrico sintético con paleta verde, ocre y crema; con grecas escalonadas como motivo principal; orientación horizontal; composición modular; simetría repetitiva."
181,TXT-0182,c2e8a0d186c42060d68d657bd28a36fa4d10016f8cf23640aa2ca445d7fd5caa,1,positivos,CAP-V2_037-TPL_02,"Imagen abstracta en colores verde, ocre y crema, formada por grecas escalonadas, con orientación horizontal, composición modular y simetría repetitiva."
182,TXT-0183,b087b8e6fd12213a9f5e387895d509d63b42f734065959d5d1c1c6987c74920f,1,positivos,CAP-V2_037-TPL_03,"Diseño de composición modular que muestra grecas escalonadas, orientación horizontal, simetría repetitiva y una paleta verde, ocre y crema."
183,TXT-0184,4f920fe2c062bbd8023a4f0c7f7f777524508b5b3d5fdde0a4354c2427ac851b,1,positivos,CAP-V2_037-TPL_04,"Representación sintética de grecas escalonadas; la orientación es horizontal, la composición es modular, la simetría es repetitiva y los colores son verde, ocre y crema."
184,TXT-0185,e93de355a8a1392e585ad778812ff54af6297aad503f75f284568750163e5cd8,1,positivos,CAP-V2_037-TPL_05,"Textura geométrica con grecas escalonadas, orientación horizontal, composición modular, simetría repetitiva y combinación cromática verde, ocre y crema."
185,TXT-0186,7a3a69264437240b0a8f80cf34a148b8c1ead03045d1876177e27866967ca340,3,positivos,CAP-V2_038-TPL_01,"Patrón geométrico sintético con paleta morado, gris y rosa; con grecas escalonadas como motivo principal; orientación horizontal; composición modular; simetría repetitiva."
186,TXT-0187,05ef38e8d0c3c86671d9fca9222b6e93b5e8ba4407a8abb230d1ab6cbfc07773,1,positivos,CAP-V2_038-TPL_02,"Imagen abstracta en colores morado, gris y rosa, formada por grecas escalonadas, con orientación horizontal, composición modular y simetría repetitiva."
187,TXT-0188,bae5c3c299a599d91ca14eed3e56185d89fb84d696b44bb7d13b6710aaee8edc,1,positivos,CAP-V2_038-TPL_03,"Diseño de composición modular que muestra grecas escalonadas, orientación horizontal, simetría repetitiva y una paleta morado, gris y rosa."
188,TXT-0189,de724b7897a0b77b6c08fa66ee6ae753f27cf3bbb39e554165d624f0c4050d59,1,positivos,CAP-V2_038-TPL_04,"Representación sintética de grecas escalonadas; la orientación es horizontal, la composición es modular, la simetría es repetitiva y los colores son morado, gris y rosa."
189,TXT-0190,6c8c8204a30ed3f82dac97b2823cc61b7465830f634d85e31420a30cce058e30,1,positivos,CAP-V2_038-TPL_05,"Textura geométrica con grecas escalonadas, orientación horizontal, composición modular, simetría repetitiva y combinación cromática morado, gris y rosa."
190,TXT-0191,3087651e8e65d01367942d9bf9777f1640e9bb2dbea74741258efdb516d700ea,3,positivos,CAP-V2_039-TPL_01,"Patrón geométrico sintético con paleta verde, ocre y crema; con una cuadrícula geométrica como motivo principal; orientación bidireccional; composición reticular; simetría repetitiva."
191,TXT-0192,b0f3de6732fcd576651edd608439a9989c4410f4c3a1642c8f4b01a54edeeb06,1,positivos,CAP-V2_039-TPL_02,"Imagen abstracta en colores verde, ocre y crema, formada por una cuadrícula geométrica, con orientación bidireccional, composición reticular y simetría repetitiva."
192,TXT-0193,c2e298716a363c6388dd8479f333bdf5fff51d111d36397585a3528bf134565b,1,positivos,CAP-V2_039-TPL_03,"Diseño de composición reticular que muestra una cuadrícula geométrica, orientación bidireccional, simetría repetitiva y una paleta verde, ocre y crema."
193,TXT-0194,ea772dad5ad1a2e6edd16ecf14d6190790739727ddebd57ba24f943db699e2b5,1,positivos,CAP-V2_039-TPL_04,"Representación sintética de una cuadrícula geométrica; la orientación es bidireccional, la composición es reticular, la simetría es repetitiva y los colores son verde, ocre y crema."
194,TXT-0195,cc4232aa75e9e993226aaa0b818bfce78db21c6d60db7f34644811b424dd5c10,1,positivos,CAP-V2_039-TPL_05,"Textura geométrica con una cuadrícula geométrica, orientación bidireccional, composición reticular, simetría repetitiva y combinación cromática verde, ocre y crema."
195,TXT-0196,1f462166cf8a7691ba722bbc9556479c452e7156ed974dc177cad9c91f4400b6,3,positivos,CAP-V2_040-TPL_01,"Patrón geométrico sintético con paleta morado, gris y rosa; con una cuadrícula geométrica como motivo principal; orientación bidireccional; composición reticular; simetría repetitiva."
196,TXT-0197,ac032c15cc76e58c0b8bf8658cb77d8c00c20fba14bfe5a6960903b7548abb6a,1,positivos,CAP-V2_040-TPL_02,"Imagen abstracta en colores morado, gris y rosa, formada por una cuadrícula geométrica, con orientación bidireccional, composición reticular y simetría repetitiva."
197,TXT-0198,916dfa93097642db2d55829b8bb8cf9d0f0555316c345b6701649d046198164f,1,positivos,CAP-V2_040-TPL_03,"Diseño de composición reticular que muestra una cuadrícula geométrica, orientación bidireccional, simetría repetitiva y una paleta morado, gris y rosa."
198,TXT-0199,dfb3b03189baf3489d38688af632f3971896fc46ade0faaefa0e356a644018d4,1,positivos,CAP-V2_040-TPL_04,"Representación sintética de una cuadrícula geométrica; la orientación es bidireccional, la composición es reticular, la simetría es repetitiva y los colores son morado, gris y rosa."
199,TXT-0200,77593100cc99dc97409153412ef31a02fc8b63fe37180241a8418fb50c02d2b5,1,positivos,CAP-V2_040-TPL_05,"Textura geométrica con una cuadrícula geométrica, orientación bidireccional, composición reticular, simetría repetitiva y combinación cromática morado, gris y rosa."
200,TXT-0201,c60b8c606a3ff5bdf5529ba8bf73574360bac5e286140c561cc562573207af94,3,positivos,CAP-V2_041-TPL_01,"Patrón geométrico sintético con paleta verde, ocre y crema; con motivos geométricos combinados como motivo principal; orientación mixta; composición mixta; simetría asimétrica."
201,TXT-0202,09d54566aed7a38732653d919bdc9e36b9f7759fc10bc0b1850bf50e9ba723ac,1,positivos,CAP-V2_041-TPL_02,"Imagen abstracta en colores verde, ocre y crema, formada por motivos geométricos combinados, con orientación mixta, composición mixta y simetría asimétrica."
202,TXT-0203,afc332c550e73df79a640139735ecbae530e500b2934a53ec0bedcded8bfbd91,1,positivos,CAP-V2_041-TPL_03,"Diseño de composición mixta que muestra motivos geométricos combinados, orientación mixta, simetría asimétrica y una paleta verde, ocre y crema."
203,TXT-0204,26e3f0dce9fc0580a18d4902718f9288fa8bfa4d8d8ca2fd32bb613f934d365c,1,positivos,CAP-V2_041-TPL_04,"Representación sintética de motivos geométricos combinados; la orientación es mixta, la composición es mixta, la simetría es asimétrica y los colores son verde, ocre y crema."
204,TXT-0205,8bf44d6977022de181a9d9eb7e8879fd134eb5324ee90ba4071d1f52572e2908,1,positivos,CAP-V2_041-TPL_05,"Textura geométrica con motivos geométricos combinados, orientación mixta, composición mixta, simetría asimétrica y combinación cromática verde, ocre y crema."
205,TXT-0206,70c2544b4163e555da9186db77dd9f9bb946d413a2eb437ceda65f14677f27ef,2,positivos,CAP-V2_042-TPL_01,"Patrón geométrico sintético con paleta morado, gris y rosa; con motivos geométricos combinados como motivo principal; orientación mixta; composición mixta; simetría asimétrica."
206,TXT-0207,47a9286418c514e962a1969f2532d7fca5b9130d9e9602cbb5c608f8730a41cc,1,positivos,CAP-V2_042-TPL_02,"Imagen abstracta en colores morado, gris y rosa, formada por motivos geométricos combinados, con orientación mixta, composición mixta y simetría asimétrica."
207,TXT-0208,11061a575400d1d87016258e427e639e41f881abe13a3d145328120657394f8e,1,positivos,CAP-V2_042-TPL_03,"Diseño de composición mixta que muestra motivos geométricos combinados, orientación mixta, simetría asimétrica y una paleta morado, gris y rosa."
208,TXT-0209,894f4500e46e5fd75ff1d2fbefeeb1261703aaf0f2f45c5dcfe4fa7a4fad1881,1,positivos,CAP-V2_042-TPL_04,"Representación sintética de motivos geométricos combinados; la orientación es mixta, la composición es mixta, la simetría es asimétrica y los colores son morado, gris y rosa."
209,TXT-0210,7e339a817b63e10987098ab65fe3e81af37be3cb478b49d914e94042db2241cb,1,positivos,CAP-V2_042-TPL_05,"Textura geométrica con motivos geométricos combinados, orientación mixta, composición mixta, simetría asimétrica y combinación cromática morado, gris y rosa."
210,TXT-0211,f4cc115002cf51ad1cc0d526932ea10e5d138d19577da83950471d8c71479722,3,positivos,CAP-V2_043-TPL_01,"Patrón geométrico sintético con paleta rojo oscuro, negro y crema; con chevrones como motivo principal; orientación diagonal; composición en bandas; simetría repetitiva."
211,TXT-0212,84e7a53a6c55c6ed91aa400d5e2bd11129333fc4e97002affa4740256455fe49,1,positivos,CAP-V2_043-TPL_02,"Imagen abstracta en colores rojo oscuro, negro y crema, formada por chevrones, con orientación diagonal, composición en bandas y simetría repetitiva."
212,TXT-0213,89ce9ba3bd84c9b3490aed0442784a0c4bd9617736821f236f480037b14fcc73,1,positivos,CAP-V2_043-TPL_03,"Diseño de composición en bandas que muestra chevrones, orientación diagonal, simetría repetitiva y una paleta rojo oscuro, negro y crema."
213,TXT-0214,c846d21b237476e44336f78283161fd4b1863d70a79ff25fa8010f20cddcb504,1,positivos,CAP-V2_043-TPL_04,"Representación sintética de chevrones; la orientación es diagonal, la composición es en bandas, la simetría es repetitiva y los colores son rojo oscuro, negro y crema."
214,TXT-0215,973b67085e1b75077398252967070ec1705a1238d67b72f594e501e6c307d57b,1,positivos,CAP-V2_043-TPL_05,"Textura geométrica con chevrones, orientación diagonal, composición en bandas, simetría repetitiva y combinación cromática rojo oscuro, negro y crema."
215,TXT-0216,c68e76bb0dc9a71280de37bca17e98a2e4721106626878c46ad86ef8d2942c85,3,positivos,CAP-V2_044-TPL_01,"Patrón geométrico sintético con paleta azul profundo, crema y marrón; con chevrones como motivo principal; orientación diagonal; composición en bandas; simetría repetitiva."
216,TXT-0217,b4394e228a6202d1ecd8547de025fd58337eed75a97e14e078264b1c5922ab56,1,positivos,CAP-V2_044-TPL_02,"Imagen abstracta en colores azul profundo, crema y marrón, formada por chevrones, con orientación diagonal, composición en bandas y simetría repetitiva."
217,TXT-0218,b44b3cfb0ab5c9c8a21bd093719970860c04d151f8610392548ba89db86af939,1,positivos,CAP-V2_044-TPL_03,"Diseño de composición en bandas que muestra chevrones, orientación diagonal, simetría repetitiva y una paleta azul profundo, crema y marrón."
218,TXT-0219,fce0f93c411de479e76af73669d65c861acebb93f27023366164efb75a5d1e36,1,positivos,CAP-V2_044-TPL_04,"Representación sintética de chevrones; la orientación es diagonal, la composición es en bandas, la simetría es repetitiva y los colores son azul profundo, crema y marrón."
219,TXT-0220,2f116656c83408f165c252df16ab671fe9c022debff75e6ea432e48d30c02d5d,1,positivos,CAP-V2_044-TPL_05,"Textura geométrica con chevrones, orientación diagonal, composición en bandas, simetría repetitiva y combinación cromática azul profundo, crema y marrón."
220,TXT-0221,ffa3b35e1620293ad83ed6a0a85b0155ca08a415cc1d6866f47a06183b442c40,3,positivos,CAP-V2_045-TPL_01,"Patrón geométrico sintético con paleta ocre, marrón y negro; con chevrones como motivo principal; orientación diagonal; composición en bandas; simetría repetitiva."
221,TXT-0222,9af486899fe257ffbb3c33b58bfd6c9bf0b0349ade65c79699794e580a188271,1,positivos,CAP-V2_045-TPL_02,"Imagen abstracta en colores ocre, marrón y negro, formada por chevrones, con orientación diagonal, composición en bandas y simetría repetitiva."
222,TXT-0223,e572660a8d24811b9befe904ab9e82af54f3aa0a8ae42c843e2320f11efad8a7,1,positivos,CAP-V2_045-TPL_03,"Diseño de composición en bandas que muestra chevrones, orientación diagonal, simetría repetitiva y una paleta ocre, marrón y negro."
223,TXT-0224,a9afaff7fd8772188577ab1cbf197d4e1b5ebadb94051ff31d5f3c3498ffda12,1,positivos,CAP-V2_045-TPL_04,"Representación sintética de chevrones; la orientación es diagonal, la composición es en bandas, la simetría es repetitiva y los colores son ocre, marrón y negro."
224,TXT-0225,da49bbeb80c1d3d7c0b884c005f37410bebae2b4b19f946a40782ecf32c6883b,1,positivos,CAP-V2_045-TPL_05,"Textura geométrica con chevrones, orientación diagonal, composición en bandas, simetría repetitiva y combinación cromática ocre, marrón y negro."
225,TXT-0226,8458cda99f235a09333259dd1804143d78b84949e28014c0c3399491847b0f9a,3,positivos,CAP-V2_046-TPL_01,"Patrón geométrico sintético con paleta blanco, negro y gris; con chevrones como motivo principal; orientación diagonal; composición en bandas; simetría repetitiva."
226,TXT-0227,f43f627e47e6a093cc5c1b4ba38f4bb813e5c6f40487261dc130cda14fe1eeda,1,positivos,CAP-V2_046-TPL_02,"Imagen abstracta en colores blanco, negro y gris, formada por chevrones, con orientación diagonal, composición en bandas y simetría repetitiva."
227,TXT-0228,14cfbd2da88332b5525b0c3aa8c5861c776b1cd02ada07a1f65a70b6c6bdb3ca,1,positivos,CAP-V2_046-TPL_03,"Diseño de composición en bandas que muestra chevrones, orientación diagonal, simetría repetitiva y una paleta blanco, negro y gris."
228,TXT-0229,e8d5f2b7c0fe731bb7fd3dcb1bda0f9c6ed4eeab82f18a015f06f77e656ffe18,1,positivos,CAP-V2_046-TPL_04,"Representación sintética de chevrones; la orientación es diagonal, la composición es en bandas, la simetría es repetitiva y los colores son blanco, negro y gris."
229,TXT-0230,c7040f79fada6b33f0645148448a1dbc0744e867fc6e083b83f3b8a289f49407,1,positivos,CAP-V2_046-TPL_05,"Textura geométrica con chevrones, orientación diagonal, composición en bandas, simetría repetitiva y combinación cromática blanco, negro y gris."
230,TXT-0231,a3febae583d475fbb0e1fb7daf417fe57d0300d291691336fca53771173e0833,2,positivos,CAP-V2_047-TPL_01,"Patrón geométrico sintético con paleta rojo tierra, ocre, verde oscuro y azul profundo; con chevrones como motivo principal; orientación diagonal; composición en bandas; simetría repetitiva."
231,TXT-0232,831282827f7088578424c5c555425a724ece299c677b16c1d13b0c4bf11123b6,1,positivos,CAP-V2_047-TPL_02,"Imagen abstracta en colores rojo tierra, ocre, verde oscuro y azul profundo, formada por chevrones, con orientación diagonal, composición en bandas y simetría repetitiva."
232,TXT-0233,d00daa35fb63d03982543847b925329c968f3c75e84e91990d1b8810012b89bf,1,positivos,CAP-V2_047-TPL_03,"Diseño de composición en bandas que muestra chevrones, orientación diagonal, simetría repetitiva y una paleta rojo tierra, ocre, verde oscuro y azul profundo."
233,TXT-0234,f3d090b38fdd657dea42cb7c6dff37286ef4e77f9e5e7489221fe75be2e82c7f,1,positivos,CAP-V2_047-TPL_04,"Representación sintética de chevrones; la orientación es diagonal, la composición es en bandas, la simetría es repetitiva y los colores son rojo tierra, ocre, verde oscuro y azul profundo."
234,TXT-0235,c9fa96f3b66a0a6229eba889f8312b43fc6fcf3285f5955ae4b727c92314acc1,1,positivos,CAP-V2_047-TPL_05,"Textura geométrica con chevrones, orientación diagonal, composición en bandas, simetría repetitiva y combinación cromática rojo tierra, ocre, verde oscuro y azul profundo."
235,TXT-0236,9db3f3d330a54ba166b679a1fbedbea2905f22cd717ece391b8c80d973966920,2,positivos,CAP-V2_048-TPL_01,"Patrón geométrico sintético con paleta rojo oscuro, negro y crema; con círculos concéntricos como motivo principal; orientación radial; composición central; simetría radial."
236,TXT-0237,68d478948352b46d62fa354bc7b76f642d1a5f6ac3a7546754b1e72ac9920484,1,positivos,CAP-V2_048-TPL_02,"Imagen abstracta en colores rojo oscuro, negro y crema, formada por círculos concéntricos, con orientación radial, composición central y simetría radial."
237,TXT-0238,268362ff1f609290d708197b7e7a596bd4f0121d3d0c0f08f5c262e2e1aa86c6,1,positivos,CAP-V2_048-TPL_03,"Diseño de composición central que muestra círculos concéntricos, orientación radial, simetría radial y una paleta rojo oscuro, negro y crema."
238,TXT-0239,19a1439ad1331f081b83830325291dbb8d21571286385514100a179b852723ef,1,positivos,CAP-V2_048-TPL_04,"Representación sintética de círculos concéntricos; la orientación es radial, la composición es central, la simetría es radial y los colores son rojo oscuro, negro y crema."
239,TXT-0240,1c40c12c07f41458c86249aca8973e456109bc1059d4b2c16815866cffa635e1,1,positivos,CAP-V2_048-TPL_05,"Textura geométrica con círculos concéntricos, orientación radial, composición central, simetría radial y combinación cromática rojo oscuro, negro y crema."
240,TXT-0241,d93991e1a84f4831cd5c46f044fcabbc1c2d5a2c65770d3070dd086f9e809c59,3,positivos,CAP-V2_049-TPL_01,"Patrón geométrico sintético con paleta azul profundo, crema y marrón; con círculos concéntricos como motivo principal; orientación radial; composición central; simetría radial."
241,TXT-0242,45c55d3500874f4cbb8235872734ce6bf2d3df68aed37f7f98c133a862d101c4,1,positivos,CAP-V2_049-TPL_02,"Imagen abstracta en colores azul profundo, crema y marrón, formada por círculos concéntricos, con orientación radial, composición central y simetría radial."
242,TXT-0243,ca5d18c49770a79ef020c5310f459762ac5d900bfa50f255a307f13ee5755f42,1,positivos,CAP-V2_049-TPL_03,"Diseño de composición central que muestra círculos concéntricos, orientación radial, simetría radial y una paleta azul profundo, crema y marrón."
243,TXT-0244,d81bc784939dccadead149af7752e2c6c077db957ecaefbfd489aef103a3335f,1,positivos,CAP-V2_049-TPL_04,"Representación sintética de círculos concéntricos; la orientación es radial, la composición es central, la simetría es radial y los colores son azul profundo, crema y marrón."
244,TXT-0245,5ce3f8d17f4b0d4b7556c4ea3c2bc07f3d00d72680f77952c98884b0602005c4,1,positivos,CAP-V2_049-TPL_05,"Textura geométrica con círculos concéntricos, orientación radial, composición central, simetría radial y combinación cromática azul profundo, crema y marrón."
245,TXT-0246,eadccd64750d26774289758cf5bf605c36c4fc1ea79af7cb9ef1c4cc72424520,3,positivos,CAP-V2_050-TPL_01,"Patrón geométrico sintético con paleta ocre, marrón y negro; con círculos concéntricos como motivo principal; orientación radial; composición central; simetría radial."
246,TXT-0247,90318ecf8707993114f1a1f89f898da8bbcfbe36aded0d9f742b6a8e8c53e3c6,1,positivos,CAP-V2_050-TPL_02,"Imagen abstracta en colores ocre, marrón y negro, formada por círculos concéntricos, con orientación radial, composición central y simetría radial."
247,TXT-0248,57f3de06a6fc47323f090df073f63988581ca18ad064838b8f51412d1e3e769b,1,positivos,CAP-V2_050-TPL_03,"Diseño de composición central que muestra círculos concéntricos, orientación radial, simetría radial y una paleta ocre, marrón y negro."
248,TXT-0249,853e75bfa52d14ec90895a9344c3ed88c0317436d231a5c02bcdf45c6adaa541,1,positivos,CAP-V2_050-TPL_04,"Representación sintética de círculos concéntricos; la orientación es radial, la composición es central, la simetría es radial y los colores son ocre, marrón y negro."
249,TXT-0250,5d0d5c9731bf5c1258913d45ddf440f2af1e83a373678b5511ca5c4ff4b8ec4f,1,positivos,CAP-V2_050-TPL_05,"Textura geométrica con círculos concéntricos, orientación radial, composición central, simetría radial y combinación cromática ocre, marrón y negro."
250,TXT-0251,64b08b926cd2d739b7787d2d5da8946bc0a18259e95d0d7a8e87150477df66e1,3,positivos,CAP-V2_051-TPL_01,"Patrón geométrico sintético con paleta blanco, negro y gris; con círculos concéntricos como motivo principal; orientación radial; composición central; simetría radial."
251,TXT-0252,09994f522bfb1340b504263f2447b0ac07fbf1a85f76d4d98b7e3220a7f5017d,1,positivos,CAP-V2_051-TPL_02,"Imagen abstracta en colores blanco, negro y gris, formada por círculos concéntricos, con orientación radial, composición central y simetría radial."
252,TXT-0253,d5624778640643838c694f422c04bdcc6a6f023e15d9101ba4fdf9e3efb45231,1,positivos,CAP-V2_051-TPL_03,"Diseño de composición central que muestra círculos concéntricos, orientación radial, simetría radial y una paleta blanco, negro y gris."
253,TXT-0254,1627b05168b622c6d7adf8a02393a406006f0238dd80d40b1e9cbc8553ce563a,1,positivos,CAP-V2_051-TPL_04,"Representación sintética de círculos concéntricos; la orientación es radial, la composición es central, la simetría es radial y los colores son blanco, negro y gris."
254,TXT-0255,47e98d0a42e626f6e6e35c7480829ff22076fda834382c9e12bb74c5dbba209a,1,positivos,CAP-V2_051-TPL_05,"Textura geométrica con círculos concéntricos, orientación radial, composición central, simetría radial y combinación cromática blanco, negro y gris."
255,TXT-0256,78d65f3512d411f48ec934eebca7aeb660eb06be3912d44a1b7a96807c642b87,2,positivos,CAP-V2_052-TPL_01,"Patrón geométrico sintético con paleta rojo tierra, ocre, verde oscuro y azul profundo; con círculos concéntricos como motivo principal; orientación radial; composición central; simetría radial."
256,TXT-0257,fee15f0b03ea63c05b6dcde0fe13852af5d376b8b34b5cc94270c1b1a2417850,1,positivos,CAP-V2_052-TPL_02,"Imagen abstracta en colores rojo tierra, ocre, verde oscuro y azul profundo, formada por círculos concéntricos, con orientación radial, composición central y simetría radial."
257,TXT-0258,16625e06b3f5388d3e3cec12fb81bb4db4fa15875a9a9f92a281381d9cd2d459,1,positivos,CAP-V2_052-TPL_03,"Diseño de composición central que muestra círculos concéntricos, orientación radial, simetría radial y una paleta rojo tierra, ocre, verde oscuro y azul profundo."
258,TXT-0259,da6ab20fb88f03ead1fc9e3e2a8f511836217a4095254e9e2008f4bb84f84a69,1,positivos,CAP-V2_052-TPL_04,"Representación sintética de círculos concéntricos; la orientación es radial, la composición es central, la simetría es radial y los colores son rojo tierra, ocre, verde oscuro y azul profundo."
259,TXT-0260,d8837e7392912e6bfcf1919b589b1e5cdcdea0baa4ccda65c12107ddb48f6c75,1,positivos,CAP-V2_052-TPL_05,"Textura geométrica con círculos concéntricos, orientación radial, composición central, simetría radial y combinación cromática rojo tierra, ocre, verde oscuro y azul profundo."
260,TXT-0261,dd04b21f1a98658a1b12b9bad10754851cd8c71b7a9e1c24d07b5b5456ff3a53,3,positivos,CAP-V2_053-TPL_01,"Patrón geométrico sintético con paleta verde, ocre y crema; con chevrones como motivo principal; orientación diagonal; composición en bandas; simetría repetitiva."
261,TXT-0262,8d0cc8257aaad983f3a637b6bb0586a4d2095a8a68f503c775f77678bfdb0508,1,positivos,CAP-V2_053-TPL_02,"Imagen abstracta en colores verde, ocre y crema, formada por chevrones, con orientación diagonal, composición en bandas y simetría repetitiva."
262,TXT-0263,9b304526aa85d552bad8359ba3ad50263ee36bae8bfb7cea3bd8d3b8279852bf,1,positivos,CAP-V2_053-TPL_03,"Diseño de composición en bandas que muestra chevrones, orientación diagonal, simetría repetitiva y una paleta verde, ocre y crema."
263,TXT-0264,bcfe2d942e04837e2b79107fed84811406bb99510555bf83d51365c7d67600d9,1,positivos,CAP-V2_053-TPL_04,"Representación sintética de chevrones; la orientación es diagonal, la composición es en bandas, la simetría es repetitiva y los colores son verde, ocre y crema."
264,TXT-0265,82fb0147b7e4e7efb98377ed3edee84ab58202d36319240cb67d9ffe658c775b,1,positivos,CAP-V2_053-TPL_05,"Textura geométrica con chevrones, orientación diagonal, composición en bandas, simetría repetitiva y combinación cromática verde, ocre y crema."
265,TXT-0266,ec24925ee257f9be1947a4c573c1e19d5b24be66e5a3d5d4222a2feca5ab46af,3,positivos,CAP-V2_054-TPL_01,"Patrón geométrico sintético con paleta morado, gris y rosa; con chevrones como motivo principal; orientación diagonal; composición en bandas; simetría repetitiva."
266,TXT-0267,e2f2d62da6a663d6fef076ee1d80771ba40bdba01e82e149e25e93d2e929097a,1,positivos,CAP-V2_054-TPL_02,"Imagen abstracta en colores morado, gris y rosa, formada por chevrones, con orientación diagonal, composición en bandas y simetría repetitiva."
267,TXT-0268,77302a150e1895b1d5101f8f21b46b9184bffd56dbe8ca02937f2c5684710828,1,positivos,CAP-V2_054-TPL_03,"Diseño de composición en bandas que muestra chevrones, orientación diagonal, simetría repetitiva y una paleta morado, gris y rosa."
268,TXT-0269,f085dfd31b9f08bead8f3858c7f427457a9385afd278856348994fc4f62f6e9b,1,positivos,CAP-V2_054-TPL_04,"Representación sintética de chevrones; la orientación es diagonal, la composición es en bandas, la simetría es repetitiva y los colores son morado, gris y rosa."
269,TXT-0270,0a8adda82e6c9d89655ef6528363dce56ab449b8d4fd8fc19842dfe32399e91b,1,positivos,CAP-V2_054-TPL_05,"Textura geométrica con chevrones, orientación diagonal, composición en bandas, simetría repetitiva y combinación cromática morado, gris y rosa."
270,TXT-0271,96e1778a99b2fe138ff5de51396173808abc7fb76f1b0d89fa549f079c7f3e7b,3,positivos,CAP-V2_055-TPL_01,"Patrón geométrico sintético con paleta verde, ocre y crema; con círculos concéntricos como motivo principal; orientación radial; composición central; simetría radial."
271,TXT-0272,528a9b9f39c6d1163b4f15262d4e482603a1d56a4a8bda3b66bc416b2d6785d2,1,positivos,CAP-V2_055-TPL_02,"Imagen abstracta en colores verde, ocre y crema, formada por círculos concéntricos, con orientación radial, composición central y simetría radial."
272,TXT-0273,7630e450339c71cb83b66d746aef1745dc4de1c8d148e4dcb84403ab0dc58027,1,positivos,CAP-V2_055-TPL_03,"Diseño de composición central que muestra círculos concéntricos, orientación radial, simetría radial y una paleta verde, ocre y crema."
273,TXT-0274,d5dea56b49af289504ef900b202ed785f6f319209b802b34098575482523f922,1,positivos,CAP-V2_055-TPL_04,"Representación sintética de círculos concéntricos; la orientación es radial, la composición es central, la simetría es radial y los colores son verde, ocre y crema."
274,TXT-0275,55fc0cd500969b5e1dbadc9ed0ef2a9368f6513aae72a1ffcf7cf0246120ab5e,1,positivos,CAP-V2_055-TPL_05,"Textura geométrica con círculos concéntricos, orientación radial, composición central, simetría radial y combinación cromática verde, ocre y crema."
275,TXT-0276,0354aa04d6974f417ae5f303d74c668b9a4f4dcccbca7a2a9d2ff4ba410b41d4,3,positivos,CAP-V2_056-TPL_01,"Patrón geométrico sintético con paleta morado, gris y rosa; con círculos concéntricos como motivo principal; orientación radial; composición central; simetría radial."
276,TXT-0277,fdfce45c00ad62bfcf39ae453fc20db043125e630026fd24643edfa7afb89bac,1,positivos,CAP-V2_056-TPL_02,"Imagen abstracta en colores morado, gris y rosa, formada por círculos concéntricos, con orientación radial, composición central y simetría radial."
277,TXT-0278,10287358256b563d1b85a5f33097a09d878333331074fe05b6d0132f9554cb9c,1,positivos,CAP-V2_056-TPL_03,"Diseño de composición central que muestra círculos concéntricos, orientación radial, simetría radial y una paleta morado, gris y rosa."
278,TXT-0279,2ad99c620f0328be96d1664805bc3f0b0f35fb8cbbd0fb8968acd20eb793ba43,1,positivos,CAP-V2_056-TPL_04,"Representación sintética de círculos concéntricos; la orientación es radial, la composición es central, la simetría es radial y los colores son morado, gris y rosa."
279,TXT-0280,f81f0c8bb52be2e32a2c7496a3253df249133afeb4528f6e95d6c4baca046e87,1,positivos,CAP-V2_056-TPL_05,"Textura geométrica con círculos concéntricos, orientación radial, composición central, simetría radial y combinación cromática morado, gris y rosa."
280,TXT-0281,3e3189d59d699cf43d04f8b6e1c08ebfd0ef762bad82ae02abd844d05e204f66,1,sin_color,SCAP-A3FE31524DCA0243-TPL_01,Patrón geométrico sintético con bandas geométricas como motivo principal; orientación horizontal; composición en bandas; simetría repetitiva.
281,TXT-0282,715539009ad80a747bc2d97afa186b1be8b99b1462125a1cf323898dbc2257f4,1,sin_color,SCAP-A3FE31524DCA0243-TPL_02,"Imagen abstracta formada por bandas geométricas, con orientación horizontal, composición en bandas y simetría repetitiva."
282,TXT-0283,26f4998c3e987cc28e4410a180f559e17c4e78786db4d7476eae7ff4f87bc4b8,1,sin_color,SCAP-A3FE31524DCA0243-TPL_03,"Diseño de composición en bandas que muestra bandas geométricas, orientación horizontal y simetría repetitiva."
283,TXT-0284,8ec99bf8895d263e5e881cfa7098cf6dc00a54796680ca5bd7ec250a1617280d,1,sin_color,SCAP-A3FE31524DCA0243-TPL_04,"Representación sintética de bandas geométricas; la orientación es horizontal, la composición es en bandas y la simetría es repetitiva."
284,TXT-0285,a8b150c80abce8ec590d568f137a352a45ee1291576bbf31e73ca6d92f83e168,1,sin_color,SCAP-A3FE31524DCA0243-TPL_05,"Textura geométrica sintética con bandas geométricas, orientación horizontal, composición en bandas y simetría repetitiva."
285,TXT-0286,2e85a00407eadfb4291b33933dd206876299f3a5bc52028a4f061e868c4a8396,1,sin_color,SCAP-390DD4719A974C7E-TPL_01,Patrón geométrico sintético con bandas geométricas como motivo principal; orientación vertical; composición en bandas; simetría repetitiva.
286,TXT-0287,2403990ee92539cc023d9fbee2c331f3522662536c7aa6d0037e7e7ed29eb538,1,sin_color,SCAP-390DD4719A974C7E-TPL_02,"Imagen abstracta formada por bandas geométricas, con orientación vertical, composición en bandas y simetría repetitiva."
287,TXT-0288,fd5a33739487e36684f982fe3a95a411f3ed19ac9ed0cb2250599546de02833e,1,sin_color,SCAP-390DD4719A974C7E-TPL_03,"Diseño de composición en bandas que muestra bandas geométricas, orientación vertical y simetría repetitiva."
288,TXT-0289,94a741ccac22af578da6524c222665f8a237d36a22384fdb19adf2bd20b0d625,1,sin_color,SCAP-390DD4719A974C7E-TPL_04,"Representación sintética de bandas geométricas; la orientación es vertical, la composición es en bandas y la simetría es repetitiva."
289,TXT-0290,f7d92c5d567cec45bee9237f4a96bf43fa65ab6262f46a9b0faa3a7e436ed4ac,1,sin_color,SCAP-390DD4719A974C7E-TPL_05,"Textura geométrica sintética con bandas geométricas, orientación vertical, composición en bandas y simetría repetitiva."
290,TXT-0291,24df3ced46b380101d4ca71c5032213e024894ea72f086fa420d420a32ad1762,1,sin_color,SCAP-83B17E3514D80A83-TPL_01,Patrón geométrico sintético con rombos como motivo principal; orientación diagonal; composición central; simetría bilateral.
291,TXT-0292,a74e0ca871bb00212280ec2e81efc2082c5001adbdbed345f824b5c1143ecbf9,1,sin_color,SCAP-83B17E3514D80A83-TPL_02,"Imagen abstracta formada por rombos, con orientación diagonal, composición central y simetría bilateral."
292,TXT-0293,a73410cf451f2db76652c13e0de262f1059aff505fdfba982d6da359e43a7744,1,sin_color,SCAP-83B17E3514D80A83-TPL_03,"Diseño de composición central que muestra rombos, orientación diagonal y simetría bilateral."
293,TXT-0294,5e204ce0315d407e2f2a1764eb13cff491d8b71ccda55e1b6f779bf8d1333828,1,sin_color,SCAP-83B17E3514D80A83-TPL_04,"Representación sintética de rombos; la orientación es diagonal, la composición es central y la simetría es bilateral."
294,TXT-0295,29f091d737d6cc60053f9e035e4f45ffaa95112e9926b5be0b8e2102269a4253,1,sin_color,SCAP-83B17E3514D80A83-TPL_05,"Textura geométrica sintética con rombos, orientación diagonal, composición central y simetría bilateral."
295,TXT-0296,3de5df1a4e79882e1fe557c015c6091b70d38f702d0333b14e76a66fca8ac973,1,sin_color,SCAP-32D96D397FD7BD30-TPL_01,Patrón geométrico sintético con grecas escalonadas como motivo principal; orientación horizontal; composición modular; simetría repetitiva.
296,TXT-0297,3ba8fe3347a57bae57c1a7ccb8845de8b35c0f667dfd61e68c6c3660568a193b,1,sin_color,SCAP-32D96D397FD7BD30-TPL_02,"Imagen abstracta formada por grecas escalonadas, con orientación horizontal, composición modular y simetría repetitiva."
297,TXT-0298,fef5fc335a8a5e285e3450e2726a273f54f79eed7bf706f386d1b6decb00581d,1,sin_color,SCAP-32D96D397FD7BD30-TPL_03,"Diseño de composición modular que muestra grecas escalonadas, orientación horizontal y simetría repetitiva."
298,TXT-0299,8c8dcd2444e664f3cee5387653372e59336a535216459307a1a70559516518bf,1,sin_color,SCAP-32D96D397FD7BD30-TPL_04,"Representación sintética de grecas escalonadas; la orientación es horizontal, la composición es modular y la simetría es repetitiva."
299,TXT-0300,9b6f6345a9257968f9a0d656fd863266010ce15596a073f6822f022fd0fc0245,1,sin_color,SCAP-32D96D397FD7BD30-TPL_05,"Textura geométrica sintética con grecas escalonadas, orientación horizontal, composición modular y simetría repetitiva."
300,TXT-0301,854f753f1d4b2783741e9e1dcf51be24fd675c74117af460bb46047596f15ae6,1,sin_color,SCAP-EFDC071AF166C8C3-TPL_01,Patrón geométrico sintético con una cuadrícula geométrica como motivo principal; orientación bidireccional; composición reticular; simetría repetitiva.
301,TXT-0302,909319f897f84bbbc6a8eba896a1f3a4c34b10b9b34ede22d2540306fc1e2dc0,1,sin_color,SCAP-EFDC071AF166C8C3-TPL_02,"Imagen abstracta formada por una cuadrícula geométrica, con orientación bidireccional, composición reticular y simetría repetitiva."
302,TXT-0303,45c38883379e275892409270afe235ea83ced49c457bc5ee4606bfe058b567b5,1,sin_color,SCAP-EFDC071AF166C8C3-TPL_03,"Diseño de composición reticular que muestra una cuadrícula geométrica, orientación bidireccional y simetría repetitiva."
303,TXT-0304,577e7bd9d2296a637b84ded93a0867b5628479dd233dbb11059470ae111bb045,1,sin_color,SCAP-EFDC071AF166C8C3-TPL_04,"Representación sintética de una cuadrícula geométrica; la orientación es bidireccional, la composición es reticular y la simetría es repetitiva."
304,TXT-0305,ad26f4bd1ccb19c762a144f2a9978f30f6899b9b95790e5244d01aab97fc8cc3,1,sin_color,SCAP-EFDC071AF166C8C3-TPL_05,"Textura geométrica sintética con una cuadrícula geométrica, orientación bidireccional, composición reticular y simetría repetitiva."
305,TXT-0306,a51892de5983bac5b22465f343b14c0c513beea879e06a2c76ece51960cf67f7,1,sin_color,SCAP-7193EBD1DE12399C-TPL_01,Patrón geométrico sintético con motivos geométricos combinados como motivo principal; orientación mixta; composición mixta; simetría asimétrica.
306,TXT-0307,213f22a15f57a20fbe655acc147314ecb7a7694948bde8ec42ebedf363fa4db7,1,sin_color,SCAP-7193EBD1DE12399C-TPL_02,"Imagen abstracta formada por motivos geométricos combinados, con orientación mixta, composición mixta y simetría asimétrica."
307,TXT-0308,916532410efd778a6528e2ae042c0e53dac9cc033fae22fabf743e07b6c13ab7,1,sin_color,SCAP-7193EBD1DE12399C-TPL_03,"Diseño de composición mixta que muestra motivos geométricos combinados, orientación mixta y simetría asimétrica."
308,TXT-0309,97ba53fc44634843ac6a64c1e9b6533f4df3e42788682bad13eea0dae3fb48d9,1,sin_color,SCAP-7193EBD1DE12399C-TPL_04,"Representación sintética de motivos geométricos combinados; la orientación es mixta, la composición es mixta y la simetría es asimétrica."
309,TXT-0310,71f627adbe371ddde8242c18390bca4566b85e474e6f103b201609b3d1543596,1,sin_color,SCAP-7193EBD1DE12399C-TPL_05,"Textura geométrica sintética con motivos geométricos combinados, orientación mixta, composición mixta y simetría asimétrica."
310,TXT-0311,04b6936360292136927061ba5c021c9233919804bd4fdb694263405b32ebf05c,1,sin_color,SCAP-DBE3E9729199A70D-TPL_01,Patrón geométrico sintético con chevrones como motivo principal; orientación diagonal; composición en bandas; simetría repetitiva.
311,TXT-0312,42eac6dfb41dc922fd3905cd04144b73a527d454feffe277cc14a09ebf9f9a33,1,sin_color,SCAP-DBE3E9729199A70D-TPL_02,"Imagen abstracta formada por chevrones, con orientación diagonal, composición en bandas y simetría repetitiva."
312,TXT-0313,30c457402636a43af4471dd0acb9f405cdfb456d9b08aec4d79529b408e86fd7,1,sin_color,SCAP-DBE3E9729199A70D-TPL_03,"Diseño de composición en bandas que muestra chevrones, orientación diagonal y simetría repetitiva."
313,TXT-0314,818d3b6743f34dd75dd7c10aa64b8725cf165d337af857a0e0fff6282341509a,1,sin_color,SCAP-DBE3E9729199A70D-TPL_04,"Representación sintética de chevrones; la orientación es diagonal, la composición es en bandas y la simetría es repetitiva."
314,TXT-0315,ecb39cdd49a84790b4168b653ff3e94448a989f45cb6379d596d5656f0568443,1,sin_color,SCAP-DBE3E9729199A70D-TPL_05,"Textura geométrica sintética con chevrones, orientación diagonal, composición en bandas y simetría repetitiva."
315,TXT-0316,abf5fc120b6a68112eef0181e1ebef6833b1bfd82bce3c4c0ea7fcdc6300333c,1,sin_color,SCAP-74979A46916B9B50-TPL_01,Patrón geométrico sintético con círculos concéntricos como motivo principal; orientación radial; composición central; simetría radial.
316,TXT-0317,490d35b2f9e3f0a3e043699b09be64a258ebc6c8d97cddb0b6d948ea34b5ffa1,1,sin_color,SCAP-74979A46916B9B50-TPL_02,"Imagen abstracta formada por círculos concéntricos, con orientación radial, composición central y simetría radial."
317,TXT-0318,61f35da0f7c2b0e5bbb198d4dd93a81d3978d3dd5510636efa04238b2a279ede,1,sin_color,SCAP-74979A46916B9B50-TPL_03,"Diseño de composición central que muestra círculos concéntricos, orientación radial y simetría radial."
318,TXT-0319,0061355aee2c04fd4fd9d7136e33516ca58cdfece8cc7f2449949dceb05a8269,1,sin_color,SCAP-74979A46916B9B50-TPL_04,"Representación sintética de círculos concéntricos; la orientación es radial, la composición es central y la simetría es radial."
319,TXT-0320,472d115379ed3c9da886633b59565a00385be70d5932919f560c3b77d0be6b59,1,sin_color,SCAP-74979A46916B9B50-TPL_05,"Textura geométrica sintética con círculos concéntricos, orientación radial, composición central y simetría radial."
320,TXT-0321,18884a42296a7da82c390b095e000d9099e481c8695a7f37a8e0b8f1278cb603,1,negativos_dificiles,HNC-V2_001-P01,"Patrón geométrico sintético con paleta rojo oscuro, negro y crema; con rombos como motivo principal; orientación horizontal; composición en bandas; simetría repetitiva."
321,TXT-0322,5b423046487a71176f9b954501348bca8b75e2a6c9b34b63ef3ea1a8125d7d61,1,negativos_dificiles,HNC-V2_001-P04,"Patrón geométrico sintético con paleta rojo oscuro, negro y crema; con bandas geométricas como motivo principal; orientación horizontal; composición central; simetría repetitiva."
322,TXT-0323,78f67ee93fdc17e8d043266f29cb991fd4a98ef1d45a578e0594de6ebe160d8d,1,negativos_dificiles,HNC-V2_001-P05,"Patrón geométrico sintético con paleta rojo oscuro, negro y crema; con bandas geométricas como motivo principal; orientación horizontal; composición en bandas; simetría bilateral."
323,TXT-0324,175a39cdfd6856e9edf96594476849d388633c2a89a965a5d5cfc60554e3cfb2,1,negativos_dificiles,HNC-V2_002-P02,"Patrón geométrico sintético con paleta azul profundo, crema y marrón; con bandas geométricas como motivo principal; orientación horizontal; composición central; simetría repetitiva."
324,TXT-0325,e8d155613f4428472513c332aa631db4d1388f45e70ffca2896dea77c5575863,1,negativos_dificiles,HNC-V2_002-P03,"Patrón geométrico sintético con paleta azul profundo, crema y marrón; con bandas geométricas como motivo principal; orientación horizontal; composición en bandas; simetría bilateral."
325,TXT-0326,e3c92080af968866d7e6ead4f5762f985c7d493845de741247fa8d818cbd7143,1,negativos_dificiles,HNC-V2_003-P02,"Patrón geométrico sintético con paleta ocre, marrón y negro; con bandas geométricas como motivo principal; orientación horizontal; composición central; simetría repetitiva."
326,TXT-0327,56d119ef76270429f79886559844187b0eb8d7b3986a7d26065aa93754ccad25,1,negativos_dificiles,HNC-V2_003-P03,"Patrón geométrico sintético con paleta ocre, marrón y negro; con bandas geométricas como motivo principal; orientación horizontal; composición en bandas; simetría bilateral."
327,TXT-0328,66b10f8d73fdced1919a2b75fe18f339cf174d68b379dc85fa11ffe3023e531f,1,negativos_dificiles,HNC-V2_003-P05,"Patrón geométrico sintético con paleta ocre, marrón y negro; con rombos como motivo principal; orientación horizontal; composición en bandas; simetría repetitiva."
328,TXT-0329,8c03ab0a99daabf748cd476fafe241f3213d228b7ebebc791b103ecbcc269b23,1,negativos_dificiles,HNC-V2_004-P01,"Patrón geométrico sintético con paleta blanco, negro y gris; con bandas geométricas como motivo principal; orientación horizontal; composición en bandas; simetría bilateral."
329,TXT-0330,2a30cea826a065b70ebe3c68b92d2c7627ecf89a04d8b5bc5b6dc86d3337a798,1,negativos_dificiles,HNC-V2_004-P04,"Patrón geométrico sintético con paleta blanco, negro y gris; con rombos como motivo principal; orientación horizontal; composición en bandas; simetría repetitiva."
330,TXT-0331,817ad05eca1768cbd3d5cecdc4b29f1447c58530191a13ed03b2f85f7cfad2ec,1,negativos_dificiles,HNC-V2_005-P02,"Patrón geométrico sintético con paleta rojo tierra, ocre, verde oscuro y azul profundo; con rombos como motivo principal; orientación horizontal; composición en bandas; simetría repetitiva."
331,TXT-0332,f387d73b5fd612a960d9b4715f0bd3afaa68889589981ba4c1011345a834c4e9,1,negativos_dificiles,HNC-V2_005-P04,"Patrón geométrico sintético con paleta rojo tierra, ocre, verde oscuro y azul profundo; con bandas geométricas como motivo principal; orientación horizontal; composición central; simetría repetitiva."
332,TXT-0333,3457b4b6da87d49149ac3b3f204cd36271e3815591b1506e3f15c299f838ea51,1,negativos_dificiles,HNC-V2_006-P01,"Patrón geométrico sintético con paleta rojo oscuro, negro y crema; con bandas geométricas como motivo principal; orientación diagonal; composición en bandas; simetría repetitiva."
333,TXT-0334,7eda95871a54ce7ed6c3ac1835badac4050fbdb6155ecc6ccc05e6ec089fa6ca,1,negativos_dificiles,HNC-V2_006-P02,"Patrón geométrico sintético con paleta rojo oscuro, negro y crema; con bandas geométricas como motivo principal; orientación vertical; composición central; simetría repetitiva."
334,TXT-0335,17fabf668002b6d4c9ca4c185c0e961953b0b999183e8a0142b89221ab50a7ee,1,negativos_dificiles,HNC-V2_006-P04,"Patrón geométrico sintético con paleta rojo oscuro, negro y crema; con bandas geométricas como motivo principal; orientación vertical; composición en bandas; simetría bilateral."
335,TXT-0336,6c81281bf6c6ee1a09619580ba034b4156a86368facb447a287c793268c593f7,1,negativos_dificiles,HNC-V2_006-P05,"Patrón geométrico sintético con paleta rojo oscuro, negro y crema; con rombos como motivo principal; orientación vertical; composición en bandas; simetría repetitiva."
336,TXT-0337,f3b1267bff4fc11337005df665e4681152463874cd05834f0df02915d6276cf8,1,negativos_dificiles,HNC-V2_007-P01,"Patrón geométrico sintético con paleta azul profundo, crema y marrón; con bandas geométricas como motivo principal; orientación vertical; composición central; simetría repetitiva."
337,TXT-0338,f8da901fa8e5833dbdfe4a165f61c4b4807771c6b8d98370d941dbf1780ab091,1,negativos_dificiles,HNC-V2_007-P02,"Patrón geométrico sintético con paleta azul profundo, crema y marrón; con bandas geométricas como motivo principal; orientación vertical; composición en bandas; simetría bilateral."
338,TXT-0339,67544716790e2e1b48e25cd5c35d08e01e3709e0eb5da71724aa85a8831bc714,1,negativos_dificiles,HNC-V2_007-P04,"Patrón geométrico sintético con paleta azul profundo, crema y marrón; con bandas geométricas como motivo principal; orientación diagonal; composición en bandas; simetría repetitiva."
339,TXT-0340,280ef9b11f22b87d581bdef3ec92fb461134fb5d616773838add2de4a14a1334,1,negativos_dificiles,HNC-V2_008-P01,"Patrón geométrico sintético con paleta ocre, marrón y negro; con bandas geométricas como motivo principal; orientación vertical; composición en bandas; simetría bilateral."
340,TXT-0341,389b90a47536426b5cdf8f8ab9ad8fbd399ac2238de305ebd28f4aed7a939b05,1,negativos_dificiles,HNC-V2_008-P04,"Patrón geométrico sintético con paleta ocre, marrón y negro; con rombos como motivo principal; orientación vertical; composición en bandas; simetría repetitiva."
341,TXT-0342,beebc628cf4212b55f3d7fd3ef5506dcd630c164b26f8614a602a4c66231e80a,1,negativos_dificiles,HNC-V2_008-P05,"Patrón geométrico sintético con paleta ocre, marrón y negro; con bandas geométricas como motivo principal; orientación vertical; composición central; simetría repetitiva."
342,TXT-0343,718066e98b37ce7726ddd38bf3964827dd29b10e7c5cbdfe422a1867341dc41c,1,negativos_dificiles,HNC-V2_009-P02,"Patrón geométrico sintético con paleta blanco, negro y gris; con rombos como motivo principal; orientación vertical; composición en bandas; simetría repetitiva."
343,TXT-0344,5f20b2ac868850164b024da6abade2a3fb1f69e438fe1f8e711021c44729395f,1,negativos_dificiles,HNC-V2_009-P03,"Patrón geométrico sintético con paleta blanco, negro y gris; con bandas geométricas como motivo principal; orientación diagonal; composición en bandas; simetría repetitiva."
344,TXT-0345,0501f192d9a0058f253ac034ffefbaee7d87ed8d29bd26b892c519f3558f6b01,1,negativos_dificiles,HNC-V2_009-P05,"Patrón geométrico sintético con paleta blanco, negro y gris; con bandas geométricas como motivo principal; orientación vertical; composición en bandas; simetría bilateral."
345,TXT-0346,3e35bb506f6d03fe96d31a8d886383e121eb4f864493ff2d2458db942283f832,1,negativos_dificiles,HNC-V2_010-P02,"Patrón geométrico sintético con paleta rojo tierra, ocre, verde oscuro y azul profundo; con rombos como motivo principal; orientación vertical; composición en bandas; simetría repetitiva."
346,TXT-0347,d57a8c3b02abec6e40546a7f960febb761c367bfb5df6e5f1063067b3a064bad,1,negativos_dificiles,HNC-V2_010-P03,"Patrón geométrico sintético con paleta rojo tierra, ocre, verde oscuro y azul profundo; con bandas geométricas como motivo principal; orientación diagonal; composición en bandas; simetría repetitiva."
347,TXT-0348,e1d5cdb6644f5691e99f4642a0e9ef5f1e0f21379e9bcd294cd000f71732a249,1,negativos_dificiles,HNC-V2_010-P04,"Patrón geométrico sintético con paleta rojo tierra, ocre, verde oscuro y azul profundo; con bandas geométricas como motivo principal; orientación vertical; composición central; simetría repetitiva."
348,TXT-0349,172f0b8e2a257f53d9b2c1071b50df6998b971173a0c3a48cfb05072cbcfd4aa,1,negativos_dificiles,HNC-V2_011-P01,"Patrón geométrico sintético con paleta rojo oscuro, negro y crema; con rombos como motivo principal; orientación diagonal; composición modular; simetría bilateral."
349,TXT-0350,2e3768439223133c0b27d5442cee21173d2e8a6fd713886d9e0d26f2048f5e2d,1,negativos_dificiles,HNC-V2_011-P02,"Patrón geométrico sintético con paleta rojo oscuro, negro y crema; con rombos como motivo principal; orientación diagonal; composición central; simetría asimétrica."
350,TXT-0351,12423614d3f8b0594054da4a7e41cadfbacd3949903f7eec16b22951571a9a18,1,negativos_dificiles,HNC-V2_011-P03,"Patrón geométrico sintético con paleta rojo oscuro, negro y crema; con grecas escalonadas como motivo principal; orientación diagonal; composición central; simetría bilateral."
351,TXT-0352,8925882b23143884a0f328f7122863846582619f226b9b4be6ccee6e59d0de07,1,negativos_dificiles,HNC-V2_011-P05,"Patrón geométrico sintético con paleta rojo oscuro, negro y crema; con rombos como motivo principal; orientación bidireccional; composición central; simetría bilateral."
352,TXT-0353,83c6759c6c991f9fd52f30b2152472653fc38f9eac29166eba1c82f0e7c104b9,1,negativos_dificiles,HNC-V2_012-P02,"Patrón geométrico sintético con paleta azul profundo, crema y marrón; con rombos como motivo principal; orientación diagonal; composición central; simetría asimétrica."
353,TXT-0354,d0f0acae7524700c85159f72e194e0483118f81c6cf861f590abcc7ca2d8ff9c,1,negativos_dificiles,HNC-V2_012-P04,"Patrón geométrico sintético con paleta azul profundo, crema y marrón; con rombos como motivo principal; orientación bidireccional; composición central; simetría bilateral."
354,TXT-0355,b7a32c671872a18c38b178ae708a2b31c2a58e93b4cd7a8cceb47c1ab53bebe3,1,negativos_dificiles,HNC-V2_012-P05,"Patrón geométrico sintético con paleta azul profundo, crema y marrón; con rombos como motivo principal; orientación diagonal; composición modular; simetría bilateral."
355,TXT-0356,abea5c428fd7f8da71dc5332bab077ec9dbf5f3a3690a8fe714f88f6476df066,1,negativos_dificiles,HNC-V2_013-P02,"Patrón geométrico sintético con paleta ocre, marrón y negro; con grecas escalonadas como motivo principal; orientación diagonal; composición central; simetría bilateral."
356,TXT-0357,6adf0801d6bfc8b62e9388b20365ecda5ba0632d7a407ff14c383a3f30ed5907,1,negativos_dificiles,HNC-V2_013-P04,"Patrón geométrico sintético con paleta ocre, marrón y negro; con rombos como motivo principal; orientación diagonal; composición modular; simetría bilateral."
357,TXT-0358,78a439e9635386104da15b7648447e9572e3f5da2d26d0f2d46f9f66a10fd5b8,1,negativos_dificiles,HNC-V2_013-P05,"Patrón geométrico sintético con paleta ocre, marrón y negro; con rombos como motivo principal; orientación diagonal; composición central; simetría asimétrica."
358,TXT-0359,972e08157b4cf21f02ebdd9c2d716dd68c256b494ef54670693bd325070c49d6,1,negativos_dificiles,HNC-V2_014-P01,"Patrón geométrico sintético con paleta blanco, negro y gris; con grecas escalonadas como motivo principal; orientación diagonal; composición central; simetría bilateral."
359,TXT-0360,41a83cf4d91b456a36bdadcc828168e080bd5f08fee5597a3055c7dc7d5e29f6,1,negativos_dificiles,HNC-V2_014-P02,"Patrón geométrico sintético con paleta blanco, negro y gris; con rombos como motivo principal; orientación bidireccional; composición central; simetría bilateral."
360,TXT-0361,e820a238c6a1313bf58a478aa543b40bb8658536c4727151060d87312d0d04a4,1,negativos_dificiles,HNC-V2_014-P03,"Patrón geométrico sintético con paleta blanco, negro y gris; con rombos como motivo principal; orientación diagonal; composición central; simetría asimétrica."
361,TXT-0362,d616a7ab1e622569c8ac62bbf1bfb45f0b954c2b8ade891d6f2358ed593127ed,1,negativos_dificiles,HNC-V2_015-P01,"Patrón geométrico sintético con paleta rojo tierra, ocre, verde oscuro y azul profundo; con rombos como motivo principal; orientación bidireccional; composición central; simetría bilateral."
362,TXT-0363,5f7a6704d1c46a29b425ab0eceb73b5a4861dcd7b91ac6c8d2d5ebb24753ffa4,1,negativos_dificiles,HNC-V2_015-P03,"Patrón geométrico sintético con paleta rojo tierra, ocre, verde oscuro y azul profundo; con rombos como motivo principal; orientación diagonal; composición modular; simetría bilateral."
363,TXT-0364,a53d27a0f947fa36c71ee5c2ebcf80af5b070b5a20e0b0837d9509e7fdc0baf3,1,negativos_dificiles,HNC-V2_015-P05,"Patrón geométrico sintético con paleta rojo tierra, ocre, verde oscuro y azul profundo; con grecas escalonadas como motivo principal; orientación diagonal; composición central; simetría bilateral."
364,TXT-0365,24b86bf9498c7832e1fa8eb87fbce3628339d94240cdda09936fb1181666f568,1,negativos_dificiles,HNC-V2_016-P01,"Patrón geométrico sintético con paleta rojo oscuro, negro y crema; con grecas escalonadas como motivo principal; orientación horizontal; composición modular; simetría bilateral."
365,TXT-0366,c0f5df2115211c815226e7ad0ca973189d88e4db9189c32e9f0456793aaaeaae,1,negativos_dificiles,HNC-V2_016-P02,"Patrón geométrico sintético con paleta rojo oscuro, negro y crema; con una cuadrícula geométrica como motivo principal; orientación horizontal; composición modular; simetría repetitiva."
366,TXT-0367,eb08c962aee408391a345c47ff38550e8da527cde5fa1cce6a6ecab321bd78e4,1,negativos_dificiles,HNC-V2_016-P03,"Patrón geométrico sintético con paleta rojo oscuro, negro y crema; con grecas escalonadas como motivo principal; orientación vertical; composición modular; simetría repetitiva."
367,TXT-0368,07f648d99bd698974d6ca0445eaa42c9d5f18af5be4ca3195bf4da545b63f124,1,negativos_dificiles,HNC-V2_016-P04,"Patrón geométrico sintético con paleta rojo oscuro, negro y crema; con grecas escalonadas como motivo principal; orientación horizontal; composición reticular; simetría repetitiva."
368,TXT-0369,5811d70e370856b0d92b33224dff5a52fc77e5f0a03836d674451d15a400018e,1,negativos_dificiles,HNC-V2_017-P03,"Patrón geométrico sintético con paleta azul profundo, crema y marrón; con grecas escalonadas como motivo principal; orientación vertical; composición modular; simetría repetitiva."
369,TXT-0370,c7dd6319eaa30cde27487ba90e792370ce775c705c6ea47cbe6a42993fd913f5,1,negativos_dificiles,HNC-V2_017-P04,"Patrón geométrico sintético con paleta azul profundo, crema y marrón; con grecas escalonadas como motivo principal; orientación horizontal; composición reticular; simetría repetitiva."
370,TXT-0371,37d302be4c9c5802094222599d26c53caf54a85f285abca057501e9f78856571,1,negativos_dificiles,HNC-V2_017-P05,"Patrón geométrico sintético con paleta azul profundo, crema y marrón; con grecas escalonadas como motivo principal; orientación horizontal; composición modular; simetría bilateral."
371,TXT-0372,dca561228cf11debaaeee25ae605b6ab5cb242e860a8181809e037daca6f0b6e,1,negativos_dificiles,HNC-V2_018-P01,"Patrón geométrico sintético con paleta ocre, marrón y negro; con una cuadrícula geométrica como motivo principal; orientación horizontal; composición modular; simetría repetitiva."
372,TXT-0373,9b99313b4c95a3e001b2212e0c8faf3fe31a45d1d2f0c5f2c10dd64716df2d4b,1,negativos_dificiles,HNC-V2_018-P02,"Patrón geométrico sintético con paleta ocre, marrón y negro; con grecas escalonadas como motivo principal; orientación horizontal; composición reticular; simetría repetitiva."
373,TXT-0374,c2566f55915b7b88c0d808ea8385b574fadbce2b6a26124a812ab95be54b563e,1,negativos_dificiles,HNC-V2_018-P03,"Patrón geométrico sintético con paleta ocre, marrón y negro; con grecas escalonadas como motivo principal; orientación horizontal; composición modular; simetría bilateral."
374,TXT-0375,4e8961ae14f3aa16c1dddd970f675e1f2084621a9319226d94adef23eba0850d,1,negativos_dificiles,HNC-V2_019-P02,"Patrón geométrico sintético con paleta blanco, negro y gris; con grecas escalonadas como motivo principal; orientación vertical; composición modular; simetría repetitiva."
375,TXT-0376,5098de933987cd89bad955325a60052e9673fed498595cae09b025856766872b,1,negativos_dificiles,HNC-V2_019-P03,"Patrón geométrico sintético con paleta blanco, negro y gris; con grecas escalonadas como motivo principal; orientación horizontal; composición modular; simetría bilateral."
376,TXT-0377,5ff1ef774c202d928bfc02aa5c111d8458d07441ec4b03cb8755e8334c226f0d,1,negativos_dificiles,HNC-V2_019-P05,"Patrón geométrico sintético con paleta blanco, negro y gris; con una cuadrícula geométrica como motivo principal; orientación horizontal; composición modular; simetría repetitiva."
377,TXT-0378,28f75307946362338faf42557a145fe0cab749d80c8effde9cf5330faa687719,1,negativos_dificiles,HNC-V2_020-P01,"Patrón geométrico sintético con paleta rojo tierra, ocre, verde oscuro y azul profundo; con grecas escalonadas como motivo principal; orientación horizontal; composición reticular; simetría repetitiva."
378,TXT-0379,15b8734d96a55eb55f8e84463889a4486266006edd0c66ed5bf06be0425933e2,1,negativos_dificiles,HNC-V2_020-P04,"Patrón geométrico sintético con paleta rojo tierra, ocre, verde oscuro y azul profundo; con una cuadrícula geométrica como motivo principal; orientación horizontal; composición modular; simetría repetitiva."
379,TXT-0380,32d2cf6e6b23cf7b7e71793ac4a3d36057099446f97f3fe7e2ca6f6cb3a71e18,1,negativos_dificiles,HNC-V2_020-P05,"Patrón geométrico sintético con paleta rojo tierra, ocre, verde oscuro y azul profundo; con grecas escalonadas como motivo principal; orientación vertical; composición modular; simetría repetitiva."
380,TXT-0381,fbc9d7778361fccfd9e5c51259fad121812131782388afbacdb0127c9fad6e98,1,negativos_dificiles,HNC-V2_021-P02,"Patrón geométrico sintético con paleta rojo oscuro, negro y crema; con motivos geométricos combinados como motivo principal; orientación bidireccional; composición reticular; simetría repetitiva."
381,TXT-0382,168a44fb825ea28341d3569c9c7a7f9a576ce39bf2bad657253cddae09f6ba93,1,negativos_dificiles,HNC-V2_021-P03,"Patrón geométrico sintético con paleta rojo oscuro, negro y crema; con una cuadrícula geométrica como motivo principal; orientación mixta; composición reticular; simetría repetitiva."
382,TXT-0383,3ebbf1436a812cacf42cb1a52ff583cd17472478a6165e49ee9d3540fea12f82,1,negativos_dificiles,HNC-V2_021-P04,"Patrón geométrico sintético con paleta rojo oscuro, negro y crema; con una cuadrícula geométrica como motivo principal; orientación bidireccional; composición mixta; simetría repetitiva."
383,TXT-0384,f09db5c9cc5b5e37301d0cd05de525c8d6b85cd0967c6f1e21c18d136a330d9c,1,negativos_dificiles,HNC-V2_021-P05,"Patrón geométrico sintético con paleta rojo oscuro, negro y crema; con una cuadrícula geométrica como motivo principal; orientación bidireccional; composición reticular; simetría bilateral."
384,TXT-0385,96ff637121af0b8d7498bd6784fc7cfd657ad9fcaabc38594321a6441d6ca321,1,negativos_dificiles,HNC-V2_022-P01,"Patrón geométrico sintético con paleta azul profundo, crema y marrón; con una cuadrícula geométrica como motivo principal; orientación mixta; composición reticular; simetría repetitiva."
385,TXT-0386,125a85efe433e6b48be4207378bd1b36f5828202c0f76cd935f42aabd4c47522,1,negativos_dificiles,HNC-V2_022-P02,"Patrón geométrico sintético con paleta azul profundo, crema y marrón; con una cuadrícula geométrica como motivo principal; orientación bidireccional; composición mixta; simetría repetitiva."
386,TXT-0387,8249e03969c0cec2879604e47fdedc5a0cea6753505308ac09c927ea8cbd711d,1,negativos_dificiles,HNC-V2_022-P04,"Patrón geométrico sintético con paleta azul profundo, crema y marrón; con una cuadrícula geométrica como motivo principal; orientación bidireccional; composición reticular; simetría bilateral."
387,TXT-0388,bb41dca391e728fec5e30a015b3e5bbf0c233e49a253343c03226f61559685b1,1,negativos_dificiles,HNC-V2_023-P01,"Patrón geométrico sintético con paleta ocre, marrón y negro; con una cuadrícula geométrica como motivo principal; orientación bidireccional; composición mixta; simetría repetitiva."
388,TXT-0389,abcae956bfb84bcad954286d1f9f91b8ea9d41c9c5d87cea92d0d42950660ffd,1,negativos_dificiles,HNC-V2_023-P02,"Patrón geométrico sintético con paleta ocre, marrón y negro; con una cuadrícula geométrica como motivo principal; orientación bidireccional; composición reticular; simetría bilateral."
389,TXT-0390,5dac56142d1a79dbbc2279cea15752e17b61f8b79bd0d92ae703da4a12eb6172,1,negativos_dificiles,HNC-V2_023-P04,"Patrón geométrico sintético con paleta ocre, marrón y negro; con motivos geométricos combinados como motivo principal; orientación bidireccional; composición reticular; simetría repetitiva."
390,TXT-0391,b5329066d059bedcdb0dd3f0c852e652e475fb2024d3e0b31a361bd01ef8ba39,1,negativos_dificiles,HNC-V2_024-P01,"Patrón geométrico sintético con paleta blanco, negro y gris; con una cuadrícula geométrica como motivo principal; orientación bidireccional; composición reticular; simetría bilateral."
391,TXT-0392,81972219ed75fb825f283e1922673b34e9e85f8ddba186e5d56b20118d9d6dbe,1,negativos_dificiles,HNC-V2_024-P04,"Patrón geométrico sintético con paleta blanco, negro y gris; con motivos geométricos combinados como motivo principal; orientación bidireccional; composición reticular; simetría repetitiva."
392,TXT-0393,fdd51bc0b36dccfe3eeecf446146bd2b1f8694059c80e47c0df09e2d4c975599,1,negativos_dificiles,HNC-V2_024-P05,"Patrón geométrico sintético con paleta blanco, negro y gris; con una cuadrícula geométrica como motivo principal; orientación mixta; composición reticular; simetría repetitiva."
393,TXT-0394,1b058d8cc8c90844f782a48f5986e3548a128e0560596fffc2a61a6d93c70b73,1,negativos_dificiles,HNC-V2_025-P02,"Patrón geométrico sintético con paleta rojo tierra, ocre, verde oscuro y azul profundo; con motivos geométricos combinados como motivo principal; orientación bidireccional; composición reticular; simetría repetitiva."
394,TXT-0395,c73ed80b2af4e9ec5b86c5cc5f42db662101eff0aed3fe7f1aa02358e218c071,1,negativos_dificiles,HNC-V2_025-P03,"Patrón geométrico sintético con paleta rojo tierra, ocre, verde oscuro y azul profundo; con una cuadrícula geométrica como motivo principal; orientación mixta; composición reticular; simetría repetitiva."
395,TXT-0396,b40d429f743fcfa70d3e84e7823059849a296a01bed03c924799357d2b553555,1,negativos_dificiles,HNC-V2_025-P05,"Patrón geométrico sintético con paleta rojo tierra, ocre, verde oscuro y azul profundo; con una cuadrícula geométrica como motivo principal; orientación bidireccional; composición mixta; simetría repetitiva."
396,TXT-0397,41774125bc2b69cdd62f47daed63b9ea005523013585aca3101b334c92b2d3a3,1,negativos_dificiles,HNC-V2_026-P01,"Patrón geométrico sintético con paleta rojo oscuro, negro y crema; con motivos geométricos combinados como motivo principal; orientación radial; composición mixta; simetría asimétrica."
397,TXT-0398,35a18c03d0e5314cd8f6af76bfb1af2e3b0e25f14cb7714a0b1785b32d3da766,1,negativos_dificiles,HNC-V2_026-P03,"Patrón geométrico sintético con paleta rojo oscuro, negro y crema; con motivos geométricos combinados como motivo principal; orientación mixta; composición en bandas; simetría asimétrica."
398,TXT-0399,41c353a7cbba0b882caa4cc0dd1e5716f0ce0cfccbb6dd0eefbfd8f11b7dc82e,1,negativos_dificiles,HNC-V2_026-P04,"Patrón geométrico sintético con paleta rojo oscuro, negro y crema; con motivos geométricos combinados como motivo principal; orientación mixta; composición mixta; simetría radial."
399,TXT-0400,dff33e5d84bbaeeb225c6499dee84bad9d0b9fc8224b66a569caff34bae503da,1,negativos_dificiles,HNC-V2_026-P05,"Patrón geométrico sintético con paleta rojo oscuro, negro y crema; con chevrones como motivo principal; orientación mixta; composición mixta; simetría asimétrica."
400,TXT-0401,12d7409883bbe210d4aff743ff874c46c86056e290e844dfbe6cc20b3727bbb5,1,negativos_dificiles,HNC-V2_027-P01,"Patrón geométrico sintético con paleta azul profundo, crema y marrón; con motivos geométricos combinados como motivo principal; orientación mixta; composición en bandas; simetría asimétrica."
401,TXT-0402,4a14069c6ae401187d2e450c80195073af991f3e38e7b1326597a217d6cfe01f,1,negativos_dificiles,HNC-V2_027-P02,"Patrón geométrico sintético con paleta azul profundo, crema y marrón; con motivos geométricos combinados como motivo principal; orientación mixta; composición mixta; simetría radial."
402,TXT-0403,27480541cc8283720f6359fc6ed81ec7144962e58fa989954fafacebee973f23,1,negativos_dificiles,HNC-V2_027-P05,"Patrón geométrico sintético con paleta azul profundo, crema y marrón; con motivos geométricos combinados como motivo principal; orientación radial; composición mixta; simetría asimétrica."
403,TXT-0404,11e2091581c5e75a2f2b98b9496c81032c2687a76734e1790bc5b52139d445c4,1,negativos_dificiles,HNC-V2_028-P02,"Patrón geométrico sintético con paleta ocre, marrón y negro; con motivos geométricos combinados como motivo principal; orientación mixta; composición mixta; simetría radial."
404,TXT-0405,23f51a614febb9c65f78bb8323be07c7e001ec75225f94c1342e7d99e5e879d6,1,negativos_dificiles,HNC-V2_028-P04,"Patrón geométrico sintético con paleta ocre, marrón y negro; con chevrones como motivo principal; orientación mixta; composición mixta; simetría asimétrica."
405,TXT-0406,750883123e7d831adbacabeef445c45d0bd80e03effa545bd84ca11026209e54,1,negativos_dificiles,HNC-V2_028-P05,"Patrón geométrico sintético con paleta ocre, marrón y negro; con motivos geométricos combinados como motivo principal; orientación mixta; composición en bandas; simetría asimétrica."
406,TXT-0407,1590ccf1df5552a807f3743f1e70b8fc05b5334823895545e3638e6de5c91484,1,negativos_dificiles,HNC-V2_029-P02,"Patrón geométrico sintético con paleta blanco, negro y gris; con chevrones como motivo principal; orientación mixta; composición mixta; simetría asimétrica."
407,TXT-0408,122c16f2c078089bff371324de10766b3e9f12e9d07c9c8bb8249c2af5e40c61,1,negativos_dificiles,HNC-V2_029-P04,"Patrón geométrico sintético con paleta blanco, negro y gris; con motivos geométricos combinados como motivo principal; orientación radial; composición mixta; simetría asimétrica."
408,TXT-0409,150a30036c934c2691bef7dd8c4ecf86b27c88c91f6cfef4725784ae3ec64e6b,1,negativos_dificiles,HNC-V2_029-P05,"Patrón geométrico sintético con paleta blanco, negro y gris; con motivos geométricos combinados como motivo principal; orientación mixta; composición mixta; simetría radial."
409,TXT-0410,6dcfe391be21e266b7f34cd1d15896148b62141c377ab598ada9ebfa6f7fe4e5,1,negativos_dificiles,HNC-V2_030-P01,"Patrón geométrico sintético con paleta rojo tierra, ocre, verde oscuro y azul profundo; con chevrones como motivo principal; orientación mixta; composición mixta; simetría asimétrica."
410,TXT-0411,c4382d9c30186e69bf9a82ad02657b048f87e5fd55a1e316619c556ffd06705b,1,negativos_dificiles,HNC-V2_030-P02,"Patrón geométrico sintético con paleta rojo tierra, ocre, verde oscuro y azul profundo; con motivos geométricos combinados como motivo principal; orientación radial; composición mixta; simetría asimétrica."
411,TXT-0412,f0ffacfb57a73944efcc471a2ced18a336123842ea8d048fc2ab18aa2cfe1323,1,negativos_dificiles,HNC-V2_030-P03,"Patrón geométrico sintético con paleta rojo tierra, ocre, verde oscuro y azul profundo; con motivos geométricos combinados como motivo principal; orientación mixta; composición en bandas; simetría asimétrica."
412,TXT-0413,0845b6ff3e4ce0d67ea6f3d01bf26540041199c8f3aff39eb2a32792b2051466,1,negativos_dificiles,HNC-V2_031-P01,"Patrón geométrico sintético con paleta verde, ocre y crema; con bandas geométricas como motivo principal; orientación horizontal; composición central; simetría repetitiva."
413,TXT-0414,ad1bbcead4f1276739ed20c946704ff9c86df60d1691b1713d94e8ab260dc99f,1,negativos_dificiles,HNC-V2_031-P02,"Patrón geométrico sintético con paleta verde, ocre y crema; con bandas geométricas como motivo principal; orientación horizontal; composición en bandas; simetría bilateral."
414,TXT-0415,4afc9caae55fc157526962b6414beebda1bf19f38ac7a97fadca68cab87d5e4b,1,negativos_dificiles,HNC-V2_031-P04,"Patrón geométrico sintético con paleta verde, ocre y crema; con rombos como motivo principal; orientación horizontal; composición en bandas; simetría repetitiva."
415,TXT-0416,a6982cba2fed8623ff0189ac689b50754c39415d4c27c19a002bc6a6533aa489,1,negativos_dificiles,HNC-V2_032-P01,"Patrón geométrico sintético con paleta morado, gris y rosa; con bandas geométricas como motivo principal; orientación horizontal; composición en bandas; simetría bilateral."
416,TXT-0417,bd2de88897adb85d58fffe7f6a8f1b77cf3f42015d0ad98ca77617ee2c72c643,1,negativos_dificiles,HNC-V2_032-P04,"Patrón geométrico sintético con paleta morado, gris y rosa; con bandas geométricas como motivo principal; orientación horizontal; composición central; simetría repetitiva."
417,TXT-0418,dab4cb27ba25809334596ca88b41902f0f06cf5f34c6428ea40b79b9f96a296f,1,negativos_dificiles,HNC-V2_033-P03,"Patrón geométrico sintético con paleta verde, ocre y crema; con rombos como motivo principal; orientación vertical; composición en bandas; simetría repetitiva."
418,TXT-0419,9efa154b6c67e5528968a0b5bc3298d0af8676b59c5c8db6e6676d451630598d,1,negativos_dificiles,HNC-V2_033-P04,"Patrón geométrico sintético con paleta verde, ocre y crema; con bandas geométricas como motivo principal; orientación vertical; composición central; simetría repetitiva."
419,TXT-0420,cc9b470ceddd8b91ff158f09358d12414b4e894b5710994292ba7a83e0563a0f,1,negativos_dificiles,HNC-V2_033-P05,"Patrón geométrico sintético con paleta verde, ocre y crema; con bandas geométricas como motivo principal; orientación vertical; composición en bandas; simetría bilateral."
420,TXT-0421,e02ce0f4c51466a456766a91f275e372bac15f242df3470901779304236489e3,1,negativos_dificiles,HNC-V2_034-P01,"Patrón geométrico sintético con paleta morado, gris y rosa; con rombos como motivo principal; orientación vertical; composición en bandas; simetría repetitiva."
421,TXT-0422,b40cfc3011045612df705b45af3d85577c4b1c5b2f125f3f79296468bd8e9581,1,negativos_dificiles,HNC-V2_034-P02,"Patrón geométrico sintético con paleta morado, gris y rosa; con bandas geométricas como motivo principal; orientación diagonal; composición en bandas; simetría repetitiva."
422,TXT-0423,aa8f3c8fa97cdecd6a55f0e6dd44af239b62ab91d15e2734fd206848ae4422f6,1,negativos_dificiles,HNC-V2_034-P03,"Patrón geométrico sintético con paleta morado, gris y rosa; con bandas geométricas como motivo principal; orientación vertical; composición en bandas; simetría bilateral."
423,TXT-0424,81e0ea3040e5c902caeaef2b7f5886239645c86086f4c9db87da4756ea10aa0d,1,negativos_dificiles,HNC-V2_035-P02,"Patrón geométrico sintético con paleta verde, ocre y crema; con rombos como motivo principal; orientación bidireccional; composición central; simetría bilateral."
424,TXT-0425,0c19752ada1f4dddc4082e24c108eacc0b7041fcbc7cc05e9e8caf2a43962b55,1,negativos_dificiles,HNC-V2_035-P03,"Patrón geométrico sintético con paleta verde, ocre y crema; con rombos como motivo principal; orientación diagonal; composición modular; simetría bilateral."
425,TXT-0426,488a92a0d563242240fdef62a7d43c99e8ed70ddfcc30efed516fc205f16a0c3,1,negativos_dificiles,HNC-V2_035-P05,"Patrón geométrico sintético con paleta verde, ocre y crema; con grecas escalonadas como motivo principal; orientación diagonal; composición central; simetría bilateral."
426,TXT-0427,9d1db1ff8fcc86a099ba77fd36033f08dcaf641541d2f117177cf3bc5bc30c16,1,negativos_dificiles,HNC-V2_036-P01,"Patrón geométrico sintético con paleta morado, gris y rosa; con rombos como motivo principal; orientación diagonal; composición central; simetría asimétrica."
427,TXT-0428,02712e0d8afdd93cfa4635e8dfdd21d8f17cd794b6e0e9905b58c1312c63ac11,1,negativos_dificiles,HNC-V2_036-P02,"Patrón geométrico sintético con paleta morado, gris y rosa; con grecas escalonadas como motivo principal; orientación diagonal; composición central; simetría bilateral."
428,TXT-0429,13c46a3e1d12fdac90ff956a167b57a191c027b867883574df77057e0fce40e7,1,negativos_dificiles,HNC-V2_036-P03,"Patrón geométrico sintético con paleta morado, gris y rosa; con rombos como motivo principal; orientación bidireccional; composición central; simetría bilateral."
429,TXT-0430,a38df17784a6e7600b1355153300ddd2ad743bb78124ab1e34637a2a27be1843,1,negativos_dificiles,HNC-V2_036-P05,"Patrón geométrico sintético con paleta morado, gris y rosa; con rombos como motivo principal; orientación diagonal; composición modular; simetría bilateral."
430,TXT-0431,7c53b22c5107103fdc3125b0dabdd16ce128eb29f28bc1540ed24d3289a5ac75,1,negativos_dificiles,HNC-V2_037-P03,"Patrón geométrico sintético con paleta verde, ocre y crema; con grecas escalonadas como motivo principal; orientación vertical; composición modular; simetría repetitiva."
431,TXT-0432,4039d1fb7e0a37df21f393092a3cbe7b1da90c88fd1a2ef710220f5b86d609f8,1,negativos_dificiles,HNC-V2_037-P04,"Patrón geométrico sintético con paleta verde, ocre y crema; con grecas escalonadas como motivo principal; orientación horizontal; composición reticular; simetría repetitiva."
432,TXT-0433,1bcf8e2d83fdd11d4e62fd70cbadb40b42ebb4923e5b3b1d1d0fb520b3422fac,1,negativos_dificiles,HNC-V2_037-P05,"Patrón geométrico sintético con paleta verde, ocre y crema; con grecas escalonadas como motivo principal; orientación horizontal; composición modular; simetría bilateral."
433,TXT-0434,ac1774582c4d4cb5994d1969d9e853ad926620fa61abc2190cb7e252fb56ddc5,1,negativos_dificiles,HNC-V2_038-P01,"Patrón geométrico sintético con paleta morado, gris y rosa; con una cuadrícula geométrica como motivo principal; orientación horizontal; composición modular; simetría repetitiva."
434,TXT-0435,79650e346b2cdac1a190b477da3beee1ae8e770f844671b16b9a62d6984151c6,1,negativos_dificiles,HNC-V2_038-P02,"Patrón geométrico sintético con paleta morado, gris y rosa; con grecas escalonadas como motivo principal; orientación horizontal; composición reticular; simetría repetitiva."
435,TXT-0436,4e247a5ff044011871f681eb8a6c6fdac111d73ef11328f2deb8738897dd8071,1,negativos_dificiles,HNC-V2_038-P04,"Patrón geométrico sintético con paleta morado, gris y rosa; con grecas escalonadas como motivo principal; orientación horizontal; composición modular; simetría bilateral."
436,TXT-0437,f38a3154b0db3fc2efd5f221f052a441a49a2f745452d44c2a979b42cd4ae18b,1,negativos_dificiles,HNC-V2_039-P01,"Patrón geométrico sintético con paleta verde, ocre y crema; con una cuadrícula geométrica como motivo principal; orientación mixta; composición reticular; simetría repetitiva."
437,TXT-0438,649a3af6d0608e160de19ed83a64a882ff095365857759224e7879c40de13e5f,1,negativos_dificiles,HNC-V2_039-P02,"Patrón geométrico sintético con paleta verde, ocre y crema; con una cuadrícula geométrica como motivo principal; orientación bidireccional; composición reticular; simetría bilateral."
438,TXT-0439,058bd66af8580ae784d0290669d9e9ce1136ec9544cf03f515288770b9f914fb,1,negativos_dificiles,HNC-V2_039-P04,"Patrón geométrico sintético con paleta verde, ocre y crema; con motivos geométricos combinados como motivo principal; orientación bidireccional; composición reticular; simetría repetitiva."
439,TXT-0440,705e4eab294ce6acc0a7499437637dff86ce9608a921d6bb41b670daf4a381cf,1,negativos_dificiles,HNC-V2_040-P01,"Patrón geométrico sintético con paleta morado, gris y rosa; con una cuadrícula geométrica como motivo principal; orientación bidireccional; composición mixta; simetría repetitiva."
440,TXT-0441,9b7ae346474fd4f42eac1cde6a7b19e64f5bdd2462a8fd9ba989202c0b6ec4e3,1,negativos_dificiles,HNC-V2_040-P04,"Patrón geométrico sintético con paleta morado, gris y rosa; con motivos geométricos combinados como motivo principal; orientación bidireccional; composición reticular; simetría repetitiva."
441,TXT-0442,e4ce39f1af53532c681842c8912f0cc0c6894ac926f35c2469d9919c41d5fb07,1,negativos_dificiles,HNC-V2_040-P05,"Patrón geométrico sintético con paleta morado, gris y rosa; con una cuadrícula geométrica como motivo principal; orientación mixta; composición reticular; simetría repetitiva."
442,TXT-0443,e3775535e324a341840705c25165a8ad8f85ae6dbb1f12b1721357474195e7af,1,negativos_dificiles,HNC-V2_041-P01,"Patrón geométrico sintético con paleta verde, ocre y crema; con chevrones como motivo principal; orientación mixta; composición mixta; simetría asimétrica."
443,TXT-0444,199876e223f264814b4c29f8415b5f1c478cef7ce4f26ea4b210b50dca655bad,1,negativos_dificiles,HNC-V2_041-P02,"Patrón geométrico sintético con paleta verde, ocre y crema; con motivos geométricos combinados como motivo principal; orientación radial; composición mixta; simetría asimétrica."
444,TXT-0445,3c36f7b8f3cce8dbc8045d1c38ebd918a6c69e4bd675a5deb2dba34c8b55da4b,1,negativos_dificiles,HNC-V2_041-P03,"Patrón geométrico sintético con paleta verde, ocre y crema; con motivos geométricos combinados como motivo principal; orientación mixta; composición en bandas; simetría asimétrica."
445,TXT-0446,54583edc1c9fe83ce15aa0d01609c87fa2779df691eff25d9b915239c0e2f490,1,negativos_dificiles,HNC-V2_041-P04,"Patrón geométrico sintético con paleta verde, ocre y crema; con motivos geométricos combinados como motivo principal; orientación mixta; composición mixta; simetría radial."
446,TXT-0447,b901b31d085410c7f90f1c54d8430fff0579acdf83b5a405883671651c0f3f3c,1,negativos_dificiles,HNC-V2_042-P01,"Patrón geométrico sintético con paleta morado, gris y rosa; con motivos geométricos combinados como motivo principal; orientación radial; composición mixta; simetría asimétrica."
447,TXT-0448,1ae4f2bce6a1445ea1ab9533b586e39e68ca9bb18e44c12eb4f4f81f5e72ce3c,1,negativos_dificiles,HNC-V2_042-P03,"Patrón geométrico sintético con paleta morado, gris y rosa; con motivos geométricos combinados como motivo principal; orientación mixta; composición en bandas; simetría asimétrica."
448,TXT-0449,e4bac224e7238d49fbbe5109efc6c54b69cb1592fc4ee1a622d1e6621808554c,1,negativos_dificiles,HNC-V2_042-P04,"Patrón geométrico sintético con paleta morado, gris y rosa; con motivos geométricos combinados como motivo principal; orientación mixta; composición mixta; simetría radial."
449,TXT-0450,38f3e9c8d103a8c77aff75e39f4a5dc532ff33f989d3bc94fd2690c7f6136825,1,negativos_dificiles,HNC-V2_043-P01,"Patrón geométrico sintético con paleta rojo oscuro, negro y crema; con chevrones como motivo principal; orientación diagonal; composición central; simetría repetitiva."
450,TXT-0451,8bda9229ed9f94d8edc136401f88b81e9888b49d80227ab94a65f0776f51f14b,1,negativos_dificiles,HNC-V2_043-P02,"Patrón geométrico sintético con paleta rojo oscuro, negro y crema; con chevrones como motivo principal; orientación diagonal; composición en bandas; simetría bilateral."
451,TXT-0452,8b294cc07f7b209f03800fa3f3aad61037cb0e4f11291cd5b7563e418a882dc3,1,negativos_dificiles,HNC-V2_043-P05,"Patrón geométrico sintético con paleta rojo oscuro, negro y crema; con círculos concéntricos como motivo principal; orientación diagonal; composición en bandas; simetría repetitiva."
452,TXT-0453,9bb03366d4b7de23f994e39d0421da9f915a727b60e28df15aba4a72f08d656d,1,negativos_dificiles,HNC-V2_044-P02,"Patrón geométrico sintético con paleta azul profundo, crema y marrón; con chevrones como motivo principal; orientación diagonal; composición en bandas; simetría bilateral."
453,TXT-0454,89735e95cc978040dc57709bf3e5af12b2dcaa21dac7eef6e7d4a6f7358d0b1a,1,negativos_dificiles,HNC-V2_044-P04,"Patrón geométrico sintético con paleta azul profundo, crema y marrón; con círculos concéntricos como motivo principal; orientación diagonal; composición en bandas; simetría repetitiva."
454,TXT-0455,6d325c0af7878f2c33ba85b427b9f4847b53c7ab423e708feb884078473e66b2,1,negativos_dificiles,HNC-V2_044-P05,"Patrón geométrico sintético con paleta azul profundo, crema y marrón; con chevrones como motivo principal; orientación bidireccional; composición en bandas; simetría repetitiva."
455,TXT-0456,21eff3179e3fb5614c0cf7029c955f91ed4f8d89522d8ebe52a1acd28e33cd9e,1,negativos_dificiles,HNC-V2_045-P02,"Patrón geométrico sintético con paleta ocre, marrón y negro; con círculos concéntricos como motivo principal; orientación diagonal; composición en bandas; simetría repetitiva."
456,TXT-0457,3a65322c407eef34e8a90981b78b4edde164d06872ae6a6a2b169fd95887f3b6,1,negativos_dificiles,HNC-V2_045-P04,"Patrón geométrico sintético con paleta ocre, marrón y negro; con chevrones como motivo principal; orientación bidireccional; composición en bandas; simetría repetitiva."
457,TXT-0458,463b74e587efac03775f874803ae7a7e54b4b7b30a603b9982464b67d6fbfc59,1,negativos_dificiles,HNC-V2_045-P05,"Patrón geométrico sintético con paleta ocre, marrón y negro; con chevrones como motivo principal; orientación diagonal; composición central; simetría repetitiva."
458,TXT-0459,fd098a80dbb0749ccbb1d09526658ec89fb73446dafc7ec73fa9d2df024750d2,1,negativos_dificiles,HNC-V2_046-P02,"Patrón geométrico sintético con paleta blanco, negro y gris; con chevrones como motivo principal; orientación bidireccional; composición en bandas; simetría repetitiva."
459,TXT-0460,f01ce9c396e7e0232d30eb5ab6ecb704b91c49df5b380bd345847e9777886690,1,negativos_dificiles,HNC-V2_046-P03,"Patrón geométrico sintético con paleta blanco, negro y gris; con chevrones como motivo principal; orientación diagonal; composición central; simetría repetitiva."
460,TXT-0461,43a7830820094128b82ae78cdaa6891451ed7840475d2aeec6de31f9fda7c111,1,negativos_dificiles,HNC-V2_046-P04,"Patrón geométrico sintético con paleta blanco, negro y gris; con chevrones como motivo principal; orientación diagonal; composición en bandas; simetría bilateral."
461,TXT-0462,c4897cd748167ca6a4c257d1ca65fdf8ffcf3c93501e44044e7860d8f93c9452,1,negativos_dificiles,HNC-V2_046-P05,"Patrón geométrico sintético con paleta blanco, negro y gris; con círculos concéntricos como motivo principal; orientación diagonal; composición en bandas; simetría repetitiva."
462,TXT-0463,cff58be37f5da2d70a05d21472bf3c6bd46ebac2f67f26e6769e6847b7f8dfb0,1,negativos_dificiles,HNC-V2_047-P01,"Patrón geométrico sintético con paleta rojo tierra, ocre, verde oscuro y azul profundo; con chevrones como motivo principal; orientación diagonal; composición central; simetría repetitiva."
463,TXT-0464,8c7a646629b0ea70543feb74446958ded9e6ad1294be43edf02b64c1e686bafb,1,negativos_dificiles,HNC-V2_047-P02,"Patrón geométrico sintético con paleta rojo tierra, ocre, verde oscuro y azul profundo; con chevrones como motivo principal; orientación diagonal; composición en bandas; simetría bilateral."
464,TXT-0465,3cd911a354cde11feeaec5bb5603b776e539668755843b1a4746d87770699487,1,negativos_dificiles,HNC-V2_047-P05,"Patrón geométrico sintético con paleta rojo tierra, ocre, verde oscuro y azul profundo; con chevrones como motivo principal; orientación bidireccional; composición en bandas; simetría repetitiva."
465,TXT-0466,7499d410ac26a3955475c7e0ad022167b085d0643ced21fbcf13b8e874a693ce,1,negativos_dificiles,HNC-V2_048-P01,"Patrón geométrico sintético con paleta rojo oscuro, negro y crema; con círculos concéntricos como motivo principal; orientación radial; composición central; simetría repetitiva."
466,TXT-0467,cf21b1ced0c471eab42a14af3a6111ca2dfe8bf86d9f3244079854a3c0987938,1,negativos_dificiles,HNC-V2_048-P03,"Patrón geométrico sintético con paleta rojo oscuro, negro y crema; con bandas geométricas como motivo principal; orientación radial; composición central; simetría radial."
467,TXT-0468,cdf01ab3ca8abdbeb15d10980d645932729251013490fc1f4e1db649f485b298,1,negativos_dificiles,HNC-V2_048-P04,"Patrón geométrico sintético con paleta rojo oscuro, negro y crema; con círculos concéntricos como motivo principal; orientación radial; composición modular; simetría radial."
468,TXT-0469,7e0e247b9c65df1eeaa35db6652fe6a138ed640ffdde6a2c15f8f031bd2a7e97,1,negativos_dificiles,HNC-V2_049-P03,"Patrón geométrico sintético con paleta azul profundo, crema y marrón; con bandas geométricas como motivo principal; orientación radial; composición central; simetría radial."
469,TXT-0470,23b2524ccbc18f790b648a778bdc5c43a743e65dc93e5e8e071c7bd3aca8027b,1,negativos_dificiles,HNC-V2_049-P04,"Patrón geométrico sintético con paleta azul profundo, crema y marrón; con círculos concéntricos como motivo principal; orientación horizontal; composición central; simetría radial."
470,TXT-0471,6814563fdb1c43bbdc5496b38a0576cbfeecb473dd84f5209f58e6fc85b25d92,1,negativos_dificiles,HNC-V2_049-P05,"Patrón geométrico sintético con paleta azul profundo, crema y marrón; con círculos concéntricos como motivo principal; orientación radial; composición central; simetría repetitiva."
471,TXT-0472,fbf3b66a8906716b64160c909705fdc7db3bc2d4d43be07773e77afaa1cf17f1,1,negativos_dificiles,HNC-V2_050-P01,"Patrón geométrico sintético con paleta ocre, marrón y negro; con bandas geométricas como motivo principal; orientación radial; composición central; simetría radial."
472,TXT-0473,82a327b17e60de3cab7af8a21c6b5c8b4ca214dc7f3e3090f9fab690ce069b56,1,negativos_dificiles,HNC-V2_050-P02,"Patrón geométrico sintético con paleta ocre, marrón y negro; con círculos concéntricos como motivo principal; orientación horizontal; composición central; simetría radial."
473,TXT-0474,5fe1ba4cfe376db6cb337562fdfcb29bb39a352729218c9956b72be251cae2fb,1,negativos_dificiles,HNC-V2_050-P03,"Patrón geométrico sintético con paleta ocre, marrón y negro; con círculos concéntricos como motivo principal; orientación radial; composición modular; simetría radial."
474,TXT-0475,76bb6ff05b9ee3c5bce20efe4d86e6758ecbad80652397c27f52d0e880d82c6b,1,negativos_dificiles,HNC-V2_051-P01,"Patrón geométrico sintético con paleta blanco, negro y gris; con círculos concéntricos como motivo principal; orientación radial; composición modular; simetría radial."
475,TXT-0476,cc44be2673da7716e08934bab57fb7273e73b96189b98be6b4a3de0138b9b4d9,1,negativos_dificiles,HNC-V2_051-P03,"Patrón geométrico sintético con paleta blanco, negro y gris; con círculos concéntricos como motivo principal; orientación radial; composición central; simetría repetitiva."
476,TXT-0477,bb3be71c28aec34248bf61c4985938445b58cccc6b496104d47efb4833f03726,1,negativos_dificiles,HNC-V2_051-P04,"Patrón geométrico sintético con paleta blanco, negro y gris; con bandas geométricas como motivo principal; orientación radial; composición central; simetría radial."
477,TXT-0478,e12ab95607fc5767dbc2266bd40d5ed85984a534c4b2f3dece10cf1b519ec674,1,negativos_dificiles,HNC-V2_051-P05,"Patrón geométrico sintético con paleta blanco, negro y gris; con círculos concéntricos como motivo principal; orientación horizontal; composición central; simetría radial."
478,TXT-0479,c3a920eca5521713040866d03218efa4cc02579364e61cce97546a9830e65c63,1,negativos_dificiles,HNC-V2_052-P01,"Patrón geométrico sintético con paleta rojo tierra, ocre, verde oscuro y azul profundo; con círculos concéntricos como motivo principal; orientación radial; composición central; simetría repetitiva."
479,TXT-0480,0986c84a841c6b33428ac9826385a996e6b62b089d79bec9fd2c837e43876b2e,1,negativos_dificiles,HNC-V2_052-P03,"Patrón geométrico sintético con paleta rojo tierra, ocre, verde oscuro y azul profundo; con círculos concéntricos como motivo principal; orientación horizontal; composición central; simetría radial."
480,TXT-0481,a0e7b7aa6513fba81866a5bbe07c26261f8409395f616cded5ec1c7081c15cb3,1,negativos_dificiles,HNC-V2_052-P05,"Patrón geométrico sintético con paleta rojo tierra, ocre, verde oscuro y azul profundo; con círculos concéntricos como motivo principal; orientación radial; composición modular; simetría radial."
481,TXT-0482,e85ca32ff90e849e40f170c7173eb8cade4edd4dcb5776bb0e0854d9701689a6,1,negativos_dificiles,HNC-V2_053-P03,"Patrón geométrico sintético con paleta verde, ocre y crema; con círculos concéntricos como motivo principal; orientación diagonal; composición en bandas; simetría repetitiva."
482,TXT-0483,4e39f505d941799b967a12f77413059afc9c4953a0e85d47e16cf567c30c0794,1,negativos_dificiles,HNC-V2_053-P04,"Patrón geométrico sintético con paleta verde, ocre y crema; con chevrones como motivo principal; orientación diagonal; composición central; simetría repetitiva."
483,TXT-0484,6b1655b05a1581ad8ef89576583d6165eceaeb630e737b3bb74b31f7cb181780,1,negativos_dificiles,HNC-V2_053-P05,"Patrón geométrico sintético con paleta verde, ocre y crema; con chevrones como motivo principal; orientación diagonal; composición en bandas; simetría bilateral."
484,TXT-0485,249ecf1c776cbc94f133d4f65de747629b25057aa342548f6533c27d462c161e,1,negativos_dificiles,HNC-V2_054-P01,"Patrón geométrico sintético con paleta morado, gris y rosa; con círculos concéntricos como motivo principal; orientación diagonal; composición en bandas; simetría repetitiva."
485,TXT-0486,1cea398cd14ca68763a1e50926732102984a249991555de6e7a56a3d15f1b30b,1,negativos_dificiles,HNC-V2_054-P02,"Patrón geométrico sintético con paleta morado, gris y rosa; con chevrones como motivo principal; orientación bidireccional; composición en bandas; simetría repetitiva."
486,TXT-0487,357a0f1fdba5d22e0cfb26fa38ad3917bd2dc8bc51cc3847cdc317bd44f5d8eb,1,negativos_dificiles,HNC-V2_054-P04,"Patrón geométrico sintético con paleta morado, gris y rosa; con chevrones como motivo principal; orientación diagonal; composición en bandas; simetría bilateral."
487,TXT-0488,23a35eca30ef846ca03221935ab4b58ec808d0d60526aed1415a0a869521ee61,1,negativos_dificiles,HNC-V2_055-P01,"Patrón geométrico sintético con paleta verde, ocre y crema; con círculos concéntricos como motivo principal; orientación horizontal; composición central; simetría radial."
488,TXT-0489,ef966ae9cc067f75a0ff1cae063ba8283410b3deb99046420ed9fc4475d6ca1f,1,negativos_dificiles,HNC-V2_055-P02,"Patrón geométrico sintético con paleta verde, ocre y crema; con círculos concéntricos como motivo principal; orientación radial; composición modular; simetría radial."
489,TXT-0490,91d96c7b285d9f81d9225849e05c6f23f24986cb68b1d7482b57e8980b8cea15,1,negativos_dificiles,HNC-V2_055-P04,"Patrón geométrico sintético con paleta verde, ocre y crema; con bandas geométricas como motivo principal; orientación radial; composición central; simetría radial."
490,TXT-0491,b6196de29e6a582988aacdf3245cb4fb96ea16ef461e3fbc61fb0780b87bd361,1,negativos_dificiles,HNC-V2_056-P01,"Patrón geométrico sintético con paleta morado, gris y rosa; con círculos concéntricos como motivo principal; orientación radial; composición central; simetría repetitiva."
491,TXT-0492,a49a942d6074cf01e3031e6c9a057cb032f64b8a4b7d04e69a5b796099cb2d6e,1,negativos_dificiles,HNC-V2_056-P02,"Patrón geométrico sintético con paleta morado, gris y rosa; con bandas geométricas como motivo principal; orientación radial; composición central; simetría radial."
492,TXT-0493,8264c885f176e7667a0329213caea991103f225fa193b903301780c03c461c49,1,negativos_dificiles,HNC-V2_056-P04,"Patrón geométrico sintético con paleta morado, gris y rosa; con círculos concéntricos como motivo principal; orientación horizontal; composición central; simetría radial."
493,TXT-0494,2b01dfc35bc97efa24cc6de98594a9bb6d6a2023a291aa21e3d560c43c49af86,1,negativos_dificiles,HNC-V2_056-P05,"Patrón geométrico sintético con paleta morado, gris y rosa; con círculos concéntricos como motivo principal; orientación radial; composición modular; simetría radial."
