query_id,query_index,candidate_id,candidate_position,image_id,semantic_id,split,pattern_id,ambiguity_level,template_id,candidate_role,is_positive,relevance_label,changed_attribute,omitted_attribute,old_value,new_value,hamming_distance,negative_type,is_global_positive_text,is_negative_global_overlap,matching_positive_image_ids,matching_positive_semantic_ids,matching_positive_count,original_palette_id,original_motif,original_orientation,original_composition,original_symmetry,candidate_palette_id,candidate_motif,candidate_orientation,candidate_composition,candidate_symmetry,candidate_text,candidate_sha256
HNQ-V2_001,0,HNC-V2_001-P01,1,V2_001,SEM-726372BFFF43534D,id,bands_horizontal,bajo,TPL_01,hard_negative,false,0,motif,palette_id,bandas geométricas,rombos,1,counterfactual_only,false,false,,,0,rojo_negro_crema,bandas geométricas,horizontal,bandas,repetitiva,rojo_negro_crema,rombos,horizontal,bandas,repetitiva,"Patrón geométrico sintético con paleta rojo oscuro, negro y crema; con rombos como motivo principal; orientación horizontal; composición en bandas; simetría repetitiva.",18884a42296a7da82c390b095e000d9099e481c8695a7f37a8e0b8f1278cb603
HNQ-V2_001,0,HNC-V2_001-P02,2,V2_001,SEM-726372BFFF43534D,id,bands_horizontal,bajo,TPL_01,positive,true,1,,palette_id,,,0,not_applicable,true,false,V2_001,SEM-726372BFFF43534D,1,rojo_negro_crema,bandas geométricas,horizontal,bandas,repetitiva,rojo_negro_crema,bandas geométricas,horizontal,bandas,repetitiva,"Patrón geométrico sintético con paleta rojo oscuro, negro y crema; con bandas geométricas como motivo principal; orientación horizontal; composición en bandas; simetría repetitiva.",84e939eafb084dff790f0fdfd595d80103765300bc417b615c202737f4f6129c
HNQ-V2_001,0,HNC-V2_001-P03,3,V2_001,SEM-726372BFFF43534D,id,bands_horizontal,bajo,TPL_01,hard_negative,false,0,orientation,palette_id,horizontal,vertical,1,global_overlap,true,true,V2_006,SEM-4699702E8A447735,1,rojo_negro_crema,bandas geométricas,horizontal,bandas,repetitiva,rojo_negro_crema,bandas geométricas,vertical,bandas,repetitiva,"Patrón geométrico sintético con paleta rojo oscuro, negro y crema; con bandas geométricas como motivo principal; orientación vertical; composición en bandas; simetría repetitiva.",37c6aa35b8bf15ef1b40b8c44f46fbadd2a5395736edae7ce78c85e8abf72787
HNQ-V2_001,0,HNC-V2_001-P04,4,V2_001,SEM-726372BFFF43534D,id,bands_horizontal,bajo,TPL_01,hard_negative,false,0,composition,palette_id,bandas,central,1,counterfactual_only,false,false,,,0,rojo_negro_crema,bandas geométricas,horizontal,bandas,repetitiva,rojo_negro_crema,bandas geométricas,horizontal,central,repetitiva,"Patrón geométrico sintético con paleta rojo oscuro, negro y crema; con bandas geométricas como motivo principal; orientación horizontal; composición central; simetría repetitiva.",5b423046487a71176f9b954501348bca8b75e2a6c9b34b63ef3ea1a8125d7d61
HNQ-V2_001,0,HNC-V2_001-P05,5,V2_001,SEM-726372BFFF43534D,id,bands_horizontal,bajo,TPL_01,hard_negative,false,0,symmetry,palette_id,repetitiva,bilateral,1,counterfactual_only,false,false,,,0,rojo_negro_crema,bandas geométricas,horizontal,bandas,repetitiva,rojo_negro_crema,bandas geométricas,horizontal,bandas,bilateral,"Patrón geométrico sintético con paleta rojo oscuro, negro y crema; con bandas geométricas como motivo principal; orientación horizontal; composición en bandas; simetría bilateral.",78f67ee93fdc17e8d043266f29cb991fd4a98ef1d45a578e0594de6ebe160d8d
HNQ-V2_002,1,HNC-V2_002-P01,1,V2_002,SEM-5B84448A62787787,id,bands_horizontal,bajo,TPL_01,hard_negative,false,0,orientation,motif,horizontal,vertical,1,global_overlap,true,true,V2_007,SEM-657EAE79EA891854,1,azul_crema_marron,bandas geométricas,horizontal,bandas,repetitiva,azul_crema_marron,bandas geométricas,vertical,bandas,repetitiva,"Patrón geométrico sintético con paleta azul profundo, crema y marrón; con bandas geométricas como motivo principal; orientación vertical; composición en bandas; simetría repetitiva.",7f8c12c6b6b9f23631236e8d578e793464df7022624cd580e5a3ee4793cfddb9
HNQ-V2_002,1,HNC-V2_002-P02,2,V2_002,SEM-5B84448A62787787,id,bands_horizontal,bajo,TPL_01,hard_negative,false,0,composition,motif,bandas,central,1,counterfactual_only,false,false,,,0,azul_crema_marron,bandas geométricas,horizontal,bandas,repetitiva,azul_crema_marron,bandas geométricas,horizontal,central,repetitiva,"Patrón geométrico sintético con paleta azul profundo, crema y marrón; con bandas geométricas como motivo principal; orientación horizontal; composición central; simetría repetitiva.",175a39cdfd6856e9edf96594476849d388633c2a89a965a5d5cfc60554e3cfb2
HNQ-V2_002,1,HNC-V2_002-P03,3,V2_002,SEM-5B84448A62787787,id,bands_horizontal,bajo,TPL_01,hard_negative,false,0,symmetry,motif,repetitiva,bilateral,1,counterfactual_only,false,false,,,0,azul_crema_marron,bandas geométricas,horizontal,bandas,repetitiva,azul_crema_marron,bandas geométricas,horizontal,bandas,bilateral,"Patrón geométrico sintético con paleta azul profundo, crema y marrón; con bandas geométricas como motivo principal; orientación horizontal; composición en bandas; simetría bilateral.",e8d155613f4428472513c332aa631db4d1388f45e70ffca2896dea77c5575863
HNQ-V2_002,1,HNC-V2_002-P04,4,V2_002,SEM-5B84448A62787787,id,bands_horizontal,bajo,TPL_01,positive,true,1,,motif,,,0,not_applicable,true,false,V2_002,SEM-5B84448A62787787,1,azul_crema_marron,bandas geométricas,horizontal,bandas,repetitiva,azul_crema_marron,bandas geométricas,horizontal,bandas,repetitiva,"Patrón geométrico sintético con paleta azul profundo, crema y marrón; con bandas geométricas como motivo principal; orientación horizontal; composición en bandas; simetría repetitiva.",5b0e7814b78265de3ce0a1cadc203e184565520ce0344033ed23b1e852e9ec43
HNQ-V2_002,1,HNC-V2_002-P05,5,V2_002,SEM-5B84448A62787787,id,bands_horizontal,bajo,TPL_01,hard_negative,false,0,palette_id,motif,azul_crema_marron,ocre_marron_negro,1,global_overlap,true,true,V2_003,SEM-7418F4CCBDB8F621,1,azul_crema_marron,bandas geométricas,horizontal,bandas,repetitiva,ocre_marron_negro,bandas geométricas,horizontal,bandas,repetitiva,"Patrón geométrico sintético con paleta ocre, marrón y negro; con bandas geométricas como motivo principal; orientación horizontal; composición en bandas; simetría repetitiva.",58173b82a0b54909da8da67aeaf2bddb4e835cf84deb6c4fffec81e9e2b51c54
HNQ-V2_003,2,HNC-V2_003-P01,1,V2_003,SEM-7418F4CCBDB8F621,id,bands_horizontal,bajo,TPL_01,positive,true,1,,orientation,,,0,not_applicable,true,false,V2_003,SEM-7418F4CCBDB8F621,1,ocre_marron_negro,bandas geométricas,horizontal,bandas,repetitiva,ocre_marron_negro,bandas geométricas,horizontal,bandas,repetitiva,"Patrón geométrico sintético con paleta ocre, marrón y negro; con bandas geométricas como motivo principal; orientación horizontal; composición en bandas; simetría repetitiva.",58173b82a0b54909da8da67aeaf2bddb4e835cf84deb6c4fffec81e9e2b51c54
HNQ-V2_003,2,HNC-V2_003-P02,2,V2_003,SEM-7418F4CCBDB8F621,id,bands_horizontal,bajo,TPL_01,hard_negative,false,0,composition,orientation,bandas,central,1,counterfactual_only,false,false,,,0,ocre_marron_negro,bandas geométricas,horizontal,bandas,repetitiva,ocre_marron_negro,bandas geométricas,horizontal,central,repetitiva,"Patrón geométrico sintético con paleta ocre, marrón y negro; con bandas geométricas como motivo principal; orientación horizontal; composición central; simetría repetitiva.",e3c92080af968866d7e6ead4f5762f985c7d493845de741247fa8d818cbd7143
HNQ-V2_003,2,HNC-V2_003-P03,3,V2_003,SEM-7418F4CCBDB8F621,id,bands_horizontal,bajo,TPL_01,hard_negative,false,0,symmetry,orientation,repetitiva,bilateral,1,counterfactual_only,false,false,,,0,ocre_marron_negro,bandas geométricas,horizontal,bandas,repetitiva,ocre_marron_negro,bandas geométricas,horizontal,bandas,bilateral,"Patrón geométrico sintético con paleta ocre, marrón y negro; con bandas geométricas como motivo principal; orientación horizontal; composición en bandas; simetría bilateral.",56d119ef76270429f79886559844187b0eb8d7b3986a7d26065aa93754ccad25
HNQ-V2_003,2,HNC-V2_003-P04,4,V2_003,SEM-7418F4CCBDB8F621,id,bands_horizontal,bajo,TPL_01,hard_negative,false,0,palette_id,orientation,ocre_marron_negro,blanco_negro_gris,1,global_overlap,true,true,V2_004,SEM-7CE10D3F8F559237,1,ocre_marron_negro,bandas geométricas,horizontal,bandas,repetitiva,blanco_negro_gris,bandas geométricas,horizontal,bandas,repetitiva,"Patrón geométrico sintético con paleta blanco, negro y gris; con bandas geométricas como motivo principal; orientación horizontal; composición en bandas; simetría repetitiva.",edb688349ab3fb3842bd0b03e1317b202fa6f7b67f5590c5802ee1e069685283
HNQ-V2_003,2,HNC-V2_003-P05,5,V2_003,SEM-7418F4CCBDB8F621,id,bands_horizontal,bajo,TPL_01,hard_negative,false,0,motif,orientation,bandas geométricas,rombos,1,counterfactual_only,false,false,,,0,ocre_marron_negro,bandas geométricas,horizontal,bandas,repetitiva,ocre_marron_negro,rombos,horizontal,bandas,repetitiva,"Patrón geométrico sintético con paleta ocre, marrón y negro; con rombos como motivo principal; orientación horizontal; composición en bandas; simetría repetitiva.",66b10f8d73fdced1919a2b75fe18f339cf174d68b379dc85fa11ffe3023e531f
HNQ-V2_004,3,HNC-V2_004-P01,1,V2_004,SEM-7CE10D3F8F559237,id,bands_horizontal,bajo,TPL_01,hard_negative,false,0,symmetry,composition,repetitiva,bilateral,1,counterfactual_only,false,false,,,0,blanco_negro_gris,bandas geométricas,horizontal,bandas,repetitiva,blanco_negro_gris,bandas geométricas,horizontal,bandas,bilateral,"Patrón geométrico sintético con paleta blanco, negro y gris; con bandas geométricas como motivo principal; orientación horizontal; composición en bandas; simetría bilateral.",8c03ab0a99daabf748cd476fafe241f3213d228b7ebebc791b103ecbcc269b23
HNQ-V2_004,3,HNC-V2_004-P02,2,V2_004,SEM-7CE10D3F8F559237,id,bands_horizontal,bajo,TPL_01,hard_negative,false,0,palette_id,composition,blanco_negro_gris,multicolor_tierra,1,global_overlap,true,true,V2_005,SEM-CA5D6EBFCD7B84E3,1,blanco_negro_gris,bandas geométricas,horizontal,bandas,repetitiva,multicolor_tierra,bandas geométricas,horizontal,bandas,repetitiva,"Patrón geométrico sintético con paleta rojo tierra, ocre, verde oscuro y azul profundo; con bandas geométricas como motivo principal; orientación horizontal; composición en bandas; simetría repetitiva.",adb2799492b9914413ea999edec58a5f53b8494a59aeba0ba4cc201449833575
HNQ-V2_004,3,HNC-V2_004-P03,3,V2_004,SEM-7CE10D3F8F559237,id,bands_horizontal,bajo,TPL_01,positive,true,1,,composition,,,0,not_applicable,true,false,V2_004,SEM-7CE10D3F8F559237,1,blanco_negro_gris,bandas geométricas,horizontal,bandas,repetitiva,blanco_negro_gris,bandas geométricas,horizontal,bandas,repetitiva,"Patrón geométrico sintético con paleta blanco, negro y gris; con bandas geométricas como motivo principal; orientación horizontal; composición en bandas; simetría repetitiva.",edb688349ab3fb3842bd0b03e1317b202fa6f7b67f5590c5802ee1e069685283
HNQ-V2_004,3,HNC-V2_004-P04,4,V2_004,SEM-7CE10D3F8F559237,id,bands_horizontal,bajo,TPL_01,hard_negative,false,0,motif,composition,bandas geométricas,rombos,1,counterfactual_only,false,false,,,0,blanco_negro_gris,bandas geométricas,horizontal,bandas,repetitiva,blanco_negro_gris,rombos,horizontal,bandas,repetitiva,"Patrón geométrico sintético con paleta blanco, negro y gris; con rombos como motivo principal; orientación horizontal; composición en bandas; simetría repetitiva.",2a30cea826a065b70ebe3c68b92d2c7627ecf89a04d8b5bc5b6dc86d3337a798
HNQ-V2_004,3,HNC-V2_004-P05,5,V2_004,SEM-7CE10D3F8F559237,id,bands_horizontal,bajo,TPL_01,hard_negative,false,0,orientation,composition,horizontal,vertical,1,global_overlap,true,true,V2_009,SEM-0EFA93DD8D5CE9AD,1,blanco_negro_gris,bandas geométricas,horizontal,bandas,repetitiva,blanco_negro_gris,bandas geométricas,vertical,bandas,repetitiva,"Patrón geométrico sintético con paleta blanco, negro y gris; con bandas geométricas como motivo principal; orientación vertical; composición en bandas; simetría repetitiva.",bc085670f5620cf71de15c3c5894f3d4750e7dc5142f863dde1ecbcb828ed4c5
HNQ-V2_005,4,HNC-V2_005-P01,1,V2_005,SEM-CA5D6EBFCD7B84E3,id,bands_horizontal,bajo,TPL_01,hard_negative,false,0,palette_id,symmetry,multicolor_tierra,verde_ocre_crema,1,global_overlap,true,true,V2_031,SEM-5385CECF3CA2ED7C,1,multicolor_tierra,bandas geométricas,horizontal,bandas,repetitiva,verde_ocre_crema,bandas geométricas,horizontal,bandas,repetitiva,"Patrón geométrico sintético con paleta verde, ocre y crema; con bandas geométricas como motivo principal; orientación horizontal; composición en bandas; simetría repetitiva.",4510181f3d572f5916240991ce97faa61283b0617927b7c6dce23528054a1d1b
HNQ-V2_005,4,HNC-V2_005-P02,2,V2_005,SEM-CA5D6EBFCD7B84E3,id,bands_horizontal,bajo,TPL_01,hard_negative,false,0,motif,symmetry,bandas geométricas,rombos,1,counterfactual_only,false,false,,,0,multicolor_tierra,bandas geométricas,horizontal,bandas,repetitiva,multicolor_tierra,rombos,horizontal,bandas,repetitiva,"Patrón geométrico sintético con paleta rojo tierra, ocre, verde oscuro y azul profundo; con rombos como motivo principal; orientación horizontal; composición en bandas; simetría repetitiva.",817ad05eca1768cbd3d5cecdc4b29f1447c58530191a13ed03b2f85f7cfad2ec
HNQ-V2_005,4,HNC-V2_005-P03,3,V2_005,SEM-CA5D6EBFCD7B84E3,id,bands_horizontal,bajo,TPL_01,hard_negative,false,0,orientation,symmetry,horizontal,vertical,1,global_overlap,true,true,V2_010,SEM-7E4D8819AF0D376B,1,multicolor_tierra,bandas geométricas,horizontal,bandas,repetitiva,multicolor_tierra,bandas geométricas,vertical,bandas,repetitiva,"Patrón geométrico sintético con paleta rojo tierra, ocre, verde oscuro y azul profundo; con bandas geométricas como motivo principal; orientación vertical; composición en bandas; simetría repetitiva.",551534df8b5a7aa8be5b5e88d1d0a96becce2e37dfe1226c0daafcbc13474875
HNQ-V2_005,4,HNC-V2_005-P04,4,V2_005,SEM-CA5D6EBFCD7B84E3,id,bands_horizontal,bajo,TPL_01,hard_negative,false,0,composition,symmetry,bandas,central,1,counterfactual_only,false,false,,,0,multicolor_tierra,bandas geométricas,horizontal,bandas,repetitiva,multicolor_tierra,bandas geométricas,horizontal,central,repetitiva,"Patrón geométrico sintético con paleta rojo tierra, ocre, verde oscuro y azul profundo; con bandas geométricas como motivo principal; orientación horizontal; composición central; simetría repetitiva.",f387d73b5fd612a960d9b4715f0bd3afaa68889589981ba4c1011345a834c4e9
HNQ-V2_005,4,HNC-V2_005-P05,5,V2_005,SEM-CA5D6EBFCD7B84E3,id,bands_horizontal,bajo,TPL_01,positive,true,1,,symmetry,,,0,not_applicable,true,false,V2_005,SEM-CA5D6EBFCD7B84E3,1,multicolor_tierra,bandas geométricas,horizontal,bandas,repetitiva,multicolor_tierra,bandas geométricas,horizontal,bandas,repetitiva,"Patrón geométrico sintético con paleta rojo tierra, ocre, verde oscuro y azul profundo; con bandas geométricas como motivo principal; orientación horizontal; composición en bandas; simetría repetitiva.",adb2799492b9914413ea999edec58a5f53b8494a59aeba0ba4cc201449833575
HNQ-V2_006,5,HNC-V2_006-P01,1,V2_006,SEM-4699702E8A447735,id,bands_vertical,bajo,TPL_01,hard_negative,false,0,orientation,palette_id,vertical,diagonal,1,counterfactual_only,false,false,,,0,rojo_negro_crema,bandas geométricas,vertical,bandas,repetitiva,rojo_negro_crema,bandas geométricas,diagonal,bandas,repetitiva,"Patrón geométrico sintético con paleta rojo oscuro, negro y crema; con bandas geométricas como motivo principal; orientación diagonal; composición en bandas; simetría repetitiva.",3457b4b6da87d49149ac3b3f204cd36271e3815591b1506e3f15c299f838ea51
HNQ-V2_006,5,HNC-V2_006-P02,2,V2_006,SEM-4699702E8A447735,id,bands_vertical,bajo,TPL_01,hard_negative,false,0,composition,palette_id,bandas,central,1,counterfactual_only,false,false,,,0,rojo_negro_crema,bandas geométricas,vertical,bandas,repetitiva,rojo_negro_crema,bandas geométricas,vertical,central,repetitiva,"Patrón geométrico sintético con paleta rojo oscuro, negro y crema; con bandas geométricas como motivo principal; orientación vertical; composición central; simetría repetitiva.",7eda95871a54ce7ed6c3ac1835badac4050fbdb6155ecc6ccc05e6ec089fa6ca
HNQ-V2_006,5,HNC-V2_006-P03,3,V2_006,SEM-4699702E8A447735,id,bands_vertical,bajo,TPL_01,positive,true,1,,palette_id,,,0,not_applicable,true,false,V2_006,SEM-4699702E8A447735,1,rojo_negro_crema,bandas geométricas,vertical,bandas,repetitiva,rojo_negro_crema,bandas geométricas,vertical,bandas,repetitiva,"Patrón geométrico sintético con paleta rojo oscuro, negro y crema; con bandas geométricas como motivo principal; orientación vertical; composición en bandas; simetría repetitiva.",37c6aa35b8bf15ef1b40b8c44f46fbadd2a5395736edae7ce78c85e8abf72787
HNQ-V2_006,5,HNC-V2_006-P04,4,V2_006,SEM-4699702E8A447735,id,bands_vertical,bajo,TPL_01,hard_negative,false,0,symmetry,palette_id,repetitiva,bilateral,1,counterfactual_only,false,false,,,0,rojo_negro_crema,bandas geométricas,vertical,bandas,repetitiva,rojo_negro_crema,bandas geométricas,vertical,bandas,bilateral,"Patrón geométrico sintético con paleta rojo oscuro, negro y crema; con bandas geométricas como motivo principal; orientación vertical; composición en bandas; simetría bilateral.",17fabf668002b6d4c9ca4c185c0e961953b0b999183e8a0142b89221ab50a7ee
HNQ-V2_006,5,HNC-V2_006-P05,5,V2_006,SEM-4699702E8A447735,id,bands_vertical,bajo,TPL_01,hard_negative,false,0,motif,palette_id,bandas geométricas,rombos,1,counterfactual_only,false,false,,,0,rojo_negro_crema,bandas geométricas,vertical,bandas,repetitiva,rojo_negro_crema,rombos,vertical,bandas,repetitiva,"Patrón geométrico sintético con paleta rojo oscuro, negro y crema; con rombos como motivo principal; orientación vertical; composición en bandas; simetría repetitiva.",6c81281bf6c6ee1a09619580ba034b4156a86368facb447a287c793268c593f7
HNQ-V2_007,6,HNC-V2_007-P01,1,V2_007,SEM-657EAE79EA891854,id,bands_vertical,bajo,TPL_01,hard_negative,false,0,composition,motif,bandas,central,1,counterfactual_only,false,false,,,0,azul_crema_marron,bandas geométricas,vertical,bandas,repetitiva,azul_crema_marron,bandas geométricas,vertical,central,repetitiva,"Patrón geométrico sintético con paleta azul profundo, crema y marrón; con bandas geométricas como motivo principal; orientación vertical; composición central; simetría repetitiva.",f3b1267bff4fc11337005df665e4681152463874cd05834f0df02915d6276cf8
HNQ-V2_007,6,HNC-V2_007-P02,2,V2_007,SEM-657EAE79EA891854,id,bands_vertical,bajo,TPL_01,hard_negative,false,0,symmetry,motif,repetitiva,bilateral,1,counterfactual_only,false,false,,,0,azul_crema_marron,bandas geométricas,vertical,bandas,repetitiva,azul_crema_marron,bandas geométricas,vertical,bandas,bilateral,"Patrón geométrico sintético con paleta azul profundo, crema y marrón; con bandas geométricas como motivo principal; orientación vertical; composición en bandas; simetría bilateral.",f8da901fa8e5833dbdfe4a165f61c4b4807771c6b8d98370d941dbf1780ab091
HNQ-V2_007,6,HNC-V2_007-P03,3,V2_007,SEM-657EAE79EA891854,id,bands_vertical,bajo,TPL_01,hard_negative,false,0,palette_id,motif,azul_crema_marron,ocre_marron_negro,1,global_overlap,true,true,V2_008,SEM-F49183E2AB7334C9,1,azul_crema_marron,bandas geométricas,vertical,bandas,repetitiva,ocre_marron_negro,bandas geométricas,vertical,bandas,repetitiva,"Patrón geométrico sintético con paleta ocre, marrón y negro; con bandas geométricas como motivo principal; orientación vertical; composición en bandas; simetría repetitiva.",dc95cbf8badee2b2fea8d2d26e3eeb726a78c4c1c4fb6e2f4c0af6ec52ea0d51
HNQ-V2_007,6,HNC-V2_007-P04,4,V2_007,SEM-657EAE79EA891854,id,bands_vertical,bajo,TPL_01,hard_negative,false,0,orientation,motif,vertical,diagonal,1,counterfactual_only,false,false,,,0,azul_crema_marron,bandas geométricas,vertical,bandas,repetitiva,azul_crema_marron,bandas geométricas,diagonal,bandas,repetitiva,"Patrón geométrico sintético con paleta azul profundo, crema y marrón; con bandas geométricas como motivo principal; orientación diagonal; composición en bandas; simetría repetitiva.",67544716790e2e1b48e25cd5c35d08e01e3709e0eb5da71724aa85a8831bc714
HNQ-V2_007,6,HNC-V2_007-P05,5,V2_007,SEM-657EAE79EA891854,id,bands_vertical,bajo,TPL_01,positive,true,1,,motif,,,0,not_applicable,true,false,V2_007,SEM-657EAE79EA891854,1,azul_crema_marron,bandas geométricas,vertical,bandas,repetitiva,azul_crema_marron,bandas geométricas,vertical,bandas,repetitiva,"Patrón geométrico sintético con paleta azul profundo, crema y marrón; con bandas geométricas como motivo principal; orientación vertical; composición en bandas; simetría repetitiva.",7f8c12c6b6b9f23631236e8d578e793464df7022624cd580e5a3ee4793cfddb9
HNQ-V2_008,7,HNC-V2_008-P01,1,V2_008,SEM-F49183E2AB7334C9,id,bands_vertical,bajo,TPL_01,hard_negative,false,0,symmetry,orientation,repetitiva,bilateral,1,counterfactual_only,false,false,,,0,ocre_marron_negro,bandas geométricas,vertical,bandas,repetitiva,ocre_marron_negro,bandas geométricas,vertical,bandas,bilateral,"Patrón geométrico sintético con paleta ocre, marrón y negro; con bandas geométricas como motivo principal; orientación vertical; composición en bandas; simetría bilateral.",280ef9b11f22b87d581bdef3ec92fb461134fb5d616773838add2de4a14a1334
HNQ-V2_008,7,HNC-V2_008-P02,2,V2_008,SEM-F49183E2AB7334C9,id,bands_vertical,bajo,TPL_01,positive,true,1,,orientation,,,0,not_applicable,true,false,V2_008,SEM-F49183E2AB7334C9,1,ocre_marron_negro,bandas geométricas,vertical,bandas,repetitiva,ocre_marron_negro,bandas geométricas,vertical,bandas,repetitiva,"Patrón geométrico sintético con paleta ocre, marrón y negro; con bandas geométricas como motivo principal; orientación vertical; composición en bandas; simetría repetitiva.",dc95cbf8badee2b2fea8d2d26e3eeb726a78c4c1c4fb6e2f4c0af6ec52ea0d51
HNQ-V2_008,7,HNC-V2_008-P03,3,V2_008,SEM-F49183E2AB7334C9,id,bands_vertical,bajo,TPL_01,hard_negative,false,0,palette_id,orientation,ocre_marron_negro,blanco_negro_gris,1,global_overlap,true,true,V2_009,SEM-0EFA93DD8D5CE9AD,1,ocre_marron_negro,bandas geométricas,vertical,bandas,repetitiva,blanco_negro_gris,bandas geométricas,vertical,bandas,repetitiva,"Patrón geométrico sintético con paleta blanco, negro y gris; con bandas geométricas como motivo principal; orientación vertical; composición en bandas; simetría repetitiva.",bc085670f5620cf71de15c3c5894f3d4750e7dc5142f863dde1ecbcb828ed4c5
HNQ-V2_008,7,HNC-V2_008-P04,4,V2_008,SEM-F49183E2AB7334C9,id,bands_vertical,bajo,TPL_01,hard_negative,false,0,motif,orientation,bandas geométricas,rombos,1,counterfactual_only,false,false,,,0,ocre_marron_negro,bandas geométricas,vertical,bandas,repetitiva,ocre_marron_negro,rombos,vertical,bandas,repetitiva,"Patrón geométrico sintético con paleta ocre, marrón y negro; con rombos como motivo principal; orientación vertical; composición en bandas; simetría repetitiva.",389b90a47536426b5cdf8f8ab9ad8fbd399ac2238de305ebd28f4aed7a939b05
HNQ-V2_008,7,HNC-V2_008-P05,5,V2_008,SEM-F49183E2AB7334C9,id,bands_vertical,bajo,TPL_01,hard_negative,false,0,composition,orientation,bandas,central,1,counterfactual_only,false,false,,,0,ocre_marron_negro,bandas geométricas,vertical,bandas,repetitiva,ocre_marron_negro,bandas geométricas,vertical,central,repetitiva,"Patrón geométrico sintético con paleta ocre, marrón y negro; con bandas geométricas como motivo principal; orientación vertical; composición central; simetría repetitiva.",beebc628cf4212b55f3d7fd3ef5506dcd630c164b26f8614a602a4c66231e80a
HNQ-V2_009,8,HNC-V2_009-P01,1,V2_009,SEM-0EFA93DD8D5CE9AD,id,bands_vertical,bajo,TPL_01,hard_negative,false,0,palette_id,composition,blanco_negro_gris,multicolor_tierra,1,global_overlap,true,true,V2_010,SEM-7E4D8819AF0D376B,1,blanco_negro_gris,bandas geométricas,vertical,bandas,repetitiva,multicolor_tierra,bandas geométricas,vertical,bandas,repetitiva,"Patrón geométrico sintético con paleta rojo tierra, ocre, verde oscuro y azul profundo; con bandas geométricas como motivo principal; orientación vertical; composición en bandas; simetría repetitiva.",551534df8b5a7aa8be5b5e88d1d0a96becce2e37dfe1226c0daafcbc13474875
HNQ-V2_009,8,HNC-V2_009-P02,2,V2_009,SEM-0EFA93DD8D5CE9AD,id,bands_vertical,bajo,TPL_01,hard_negative,false,0,motif,composition,bandas geométricas,rombos,1,counterfactual_only,false,false,,,0,blanco_negro_gris,bandas geométricas,vertical,bandas,repetitiva,blanco_negro_gris,rombos,vertical,bandas,repetitiva,"Patrón geométrico sintético con paleta blanco, negro y gris; con rombos como motivo principal; orientación vertical; composición en bandas; simetría repetitiva.",718066e98b37ce7726ddd38bf3964827dd29b10e7c5cbdfe422a1867341dc41c
HNQ-V2_009,8,HNC-V2_009-P03,3,V2_009,SEM-0EFA93DD8D5CE9AD,id,bands_vertical,bajo,TPL_01,hard_negative,false,0,orientation,composition,vertical,diagonal,1,counterfactual_only,false,false,,,0,blanco_negro_gris,bandas geométricas,vertical,bandas,repetitiva,blanco_negro_gris,bandas geométricas,diagonal,bandas,repetitiva,"Patrón geométrico sintético con paleta blanco, negro y gris; con bandas geométricas como motivo principal; orientación diagonal; composición en bandas; simetría repetitiva.",5f20b2ac868850164b024da6abade2a3fb1f69e438fe1f8e711021c44729395f
HNQ-V2_009,8,HNC-V2_009-P04,4,V2_009,SEM-0EFA93DD8D5CE9AD,id,bands_vertical,bajo,TPL_01,positive,true,1,,composition,,,0,not_applicable,true,false,V2_009,SEM-0EFA93DD8D5CE9AD,1,blanco_negro_gris,bandas geométricas,vertical,bandas,repetitiva,blanco_negro_gris,bandas geométricas,vertical,bandas,repetitiva,"Patrón geométrico sintético con paleta blanco, negro y gris; con bandas geométricas como motivo principal; orientación vertical; composición en bandas; simetría repetitiva.",bc085670f5620cf71de15c3c5894f3d4750e7dc5142f863dde1ecbcb828ed4c5
HNQ-V2_009,8,HNC-V2_009-P05,5,V2_009,SEM-0EFA93DD8D5CE9AD,id,bands_vertical,bajo,TPL_01,hard_negative,false,0,symmetry,composition,repetitiva,bilateral,1,counterfactual_only,false,false,,,0,blanco_negro_gris,bandas geométricas,vertical,bandas,repetitiva,blanco_negro_gris,bandas geométricas,vertical,bandas,bilateral,"Patrón geométrico sintético con paleta blanco, negro y gris; con bandas geométricas como motivo principal; orientación vertical; composición en bandas; simetría bilateral.",0501f192d9a0058f253ac034ffefbaee7d87ed8d29bd26b892c519f3558f6b01
HNQ-V2_010,9,HNC-V2_010-P01,1,V2_010,SEM-7E4D8819AF0D376B,id,bands_vertical,bajo,TPL_01,positive,true,1,,symmetry,,,0,not_applicable,true,false,V2_010,SEM-7E4D8819AF0D376B,1,multicolor_tierra,bandas geométricas,vertical,bandas,repetitiva,multicolor_tierra,bandas geométricas,vertical,bandas,repetitiva,"Patrón geométrico sintético con paleta rojo tierra, ocre, verde oscuro y azul profundo; con bandas geométricas como motivo principal; orientación vertical; composición en bandas; simetría repetitiva.",551534df8b5a7aa8be5b5e88d1d0a96becce2e37dfe1226c0daafcbc13474875
HNQ-V2_010,9,HNC-V2_010-P02,2,V2_010,SEM-7E4D8819AF0D376B,id,bands_vertical,bajo,TPL_01,hard_negative,false,0,motif,symmetry,bandas geométricas,rombos,1,counterfactual_only,false,false,,,0,multicolor_tierra,bandas geométricas,vertical,bandas,repetitiva,multicolor_tierra,rombos,vertical,bandas,repetitiva,"Patrón geométrico sintético con paleta rojo tierra, ocre, verde oscuro y azul profundo; con rombos como motivo principal; orientación vertical; composición en bandas; simetría repetitiva.",3e35bb506f6d03fe96d31a8d886383e121eb4f864493ff2d2458db942283f832
HNQ-V2_010,9,HNC-V2_010-P03,3,V2_010,SEM-7E4D8819AF0D376B,id,bands_vertical,bajo,TPL_01,hard_negative,false,0,orientation,symmetry,vertical,diagonal,1,counterfactual_only,false,false,,,0,multicolor_tierra,bandas geométricas,vertical,bandas,repetitiva,multicolor_tierra,bandas geométricas,diagonal,bandas,repetitiva,"Patrón geométrico sintético con paleta rojo tierra, ocre, verde oscuro y azul profundo; con bandas geométricas como motivo principal; orientación diagonal; composición en bandas; simetría repetitiva.",d57a8c3b02abec6e40546a7f960febb761c367bfb5df6e5f1063067b3a064bad
HNQ-V2_010,9,HNC-V2_010-P04,4,V2_010,SEM-7E4D8819AF0D376B,id,bands_vertical,bajo,TPL_01,hard_negative,false,0,composition,symmetry,bandas,central,1,counterfactual_only,false,false,,,0,multicolor_tierra,bandas geométricas,vertical,bandas,repetitiva,multicolor_tierra,bandas geométricas,vertical,central,repetitiva,"Patrón geométrico sintético con paleta rojo tierra, ocre, verde oscuro y azul profundo; con bandas geométricas como motivo principal; orientación vertical; composición central; simetría repetitiva.",e1d5cdb6644f5691e99f4642a0e9ef5f1e0f21379e9bcd294cd000f71732a249
HNQ-V2_010,9,HNC-V2_010-P05,5,V2_010,SEM-7E4D8819AF0D376B,id,bands_vertical,bajo,TPL_01,hard_negative,false,0,palette_id,symmetry,multicolor_tierra,verde_ocre_crema,1,global_overlap,true,true,V2_033,SEM-5B7B82044BDAE8EB,1,multicolor_tierra,bandas geométricas,vertical,bandas,repetitiva,verde_ocre_crema,bandas geométricas,vertical,bandas,repetitiva,"Patrón geométrico sintético con paleta verde, ocre y crema; con bandas geométricas como motivo principal; orientación vertical; composición en bandas; simetría repetitiva.",4efc5614dbfbf2c48a2cc7f23b125eee642aef36ccadad100adfb2ac507c51da
HNQ-V2_011,10,HNC-V2_011-P01,1,V2_011,SEM-E6BF74678BDAC828,id,diamonds_central,medio,TPL_01,hard_negative,false,0,composition,palette_id,central,modular,1,counterfactual_only,false,false,,,0,rojo_negro_crema,rombos,diagonal,central,bilateral,rojo_negro_crema,rombos,diagonal,modular,bilateral,"Patrón geométrico sintético con paleta rojo oscuro, negro y crema; con rombos como motivo principal; orientación diagonal; composición modular; simetría bilateral.",172f0b8e2a257f53d9b2c1071b50df6998b971173a0c3a48cfb05072cbcfd4aa
HNQ-V2_011,10,HNC-V2_011-P02,2,V2_011,SEM-E6BF74678BDAC828,id,diamonds_central,medio,TPL_01,hard_negative,false,0,symmetry,palette_id,bilateral,asimétrica,1,counterfactual_only,false,false,,,0,rojo_negro_crema,rombos,diagonal,central,bilateral,rojo_negro_crema,rombos,diagonal,central,asimétrica,"Patrón geométrico sintético con paleta rojo oscuro, negro y crema; con rombos como motivo principal; orientación diagonal; composición central; simetría asimétrica.",2e3768439223133c0b27d5442cee21173d2e8a6fd713886d9e0d26f2048f5e2d
HNQ-V2_011,10,HNC-V2_011-P03,3,V2_011,SEM-E6BF74678BDAC828,id,diamonds_central,medio,TPL_01,hard_negative,false,0,motif,palette_id,rombos,grecas escalonadas,1,counterfactual_only,false,false,,,0,rojo_negro_crema,rombos,diagonal,central,bilateral,rojo_negro_crema,grecas escalonadas,diagonal,central,bilateral,"Patrón geométrico sintético con paleta rojo oscuro, negro y crema; con grecas escalonadas como motivo principal; orientación diagonal; composición central; simetría bilateral.",12423614d3f8b0594054da4a7e41cadfbacd3949903f7eec16b22951571a9a18
HNQ-V2_011,10,HNC-V2_011-P04,4,V2_011,SEM-E6BF74678BDAC828,id,diamonds_central,medio,TPL_01,positive,true,1,,palette_id,,,0,not_applicable,true,false,V2_011,SEM-E6BF74678BDAC828,1,rojo_negro_crema,rombos,diagonal,central,bilateral,rojo_negro_crema,rombos,diagonal,central,bilateral,"Patrón geométrico sintético con paleta rojo oscuro, negro y crema; con rombos como motivo principal; orientación diagonal; composición central; simetría bilateral.",29338237967537da3689364f3169596aedc00c3a8a184a85595cee1119f65c68
HNQ-V2_011,10,HNC-V2_011-P05,5,V2_011,SEM-E6BF74678BDAC828,id,diamonds_central,medio,TPL_01,hard_negative,false,0,orientation,palette_id,diagonal,bidireccional,1,counterfactual_only,false,false,,,0,rojo_negro_crema,rombos,diagonal,central,bilateral,rojo_negro_crema,rombos,bidireccional,central,bilateral,"Patrón geométrico sintético con paleta rojo oscuro, negro y crema; con rombos como motivo principal; orientación bidireccional; composición central; simetría bilateral.",8925882b23143884a0f328f7122863846582619f226b9b4be6ccee6e59d0de07
HNQ-V2_012,11,HNC-V2_012-P01,1,V2_012,SEM-F5F0E5F56F3B9CDD,id,diamonds_central,medio,TPL_01,positive,true,1,,motif,,,0,not_applicable,true,false,V2_012,SEM-F5F0E5F56F3B9CDD,1,azul_crema_marron,rombos,diagonal,central,bilateral,azul_crema_marron,rombos,diagonal,central,bilateral,"Patrón geométrico sintético con paleta azul profundo, crema y marrón; con rombos como motivo principal; orientación diagonal; composición central; simetría bilateral.",572278c0c78e7ff7c02f9e58f84e366a259b51561ff49614835ae3746042fb67
HNQ-V2_012,11,HNC-V2_012-P02,2,V2_012,SEM-F5F0E5F56F3B9CDD,id,diamonds_central,medio,TPL_01,hard_negative,false,0,symmetry,motif,bilateral,asimétrica,1,counterfactual_only,false,false,,,0,azul_crema_marron,rombos,diagonal,central,bilateral,azul_crema_marron,rombos,diagonal,central,asimétrica,"Patrón geométrico sintético con paleta azul profundo, crema y marrón; con rombos como motivo principal; orientación diagonal; composición central; simetría asimétrica.",83c6759c6c991f9fd52f30b2152472653fc38f9eac29166eba1c82f0e7c104b9
HNQ-V2_012,11,HNC-V2_012-P03,3,V2_012,SEM-F5F0E5F56F3B9CDD,id,diamonds_central,medio,TPL_01,hard_negative,false,0,palette_id,motif,azul_crema_marron,ocre_marron_negro,1,global_overlap,true,true,V2_013,SEM-6C847486A44390D1,1,azul_crema_marron,rombos,diagonal,central,bilateral,ocre_marron_negro,rombos,diagonal,central,bilateral,"Patrón geométrico sintético con paleta ocre, marrón y negro; con rombos como motivo principal; orientación diagonal; composición central; simetría bilateral.",e6be548cdc2a938ccbdc9000d0b0cc2e388a073cc31df760a93448d8219ff40a
HNQ-V2_012,11,HNC-V2_012-P04,4,V2_012,SEM-F5F0E5F56F3B9CDD,id,diamonds_central,medio,TPL_01,hard_negative,false,0,orientation,motif,diagonal,bidireccional,1,counterfactual_only,false,false,,,0,azul_crema_marron,rombos,diagonal,central,bilateral,azul_crema_marron,rombos,bidireccional,central,bilateral,"Patrón geométrico sintético con paleta azul profundo, crema y marrón; con rombos como motivo principal; orientación bidireccional; composición central; simetría bilateral.",d0f0acae7524700c85159f72e194e0483118f81c6cf861f590abcc7ca2d8ff9c
HNQ-V2_012,11,HNC-V2_012-P05,5,V2_012,SEM-F5F0E5F56F3B9CDD,id,diamonds_central,medio,TPL_01,hard_negative,false,0,composition,motif,central,modular,1,counterfactual_only,false,false,,,0,azul_crema_marron,rombos,diagonal,central,bilateral,azul_crema_marron,rombos,diagonal,modular,bilateral,"Patrón geométrico sintético con paleta azul profundo, crema y marrón; con rombos como motivo principal; orientación diagonal; composición modular; simetría bilateral.",b7a32c671872a18c38b178ae708a2b31c2a58e93b4cd7a8cceb47c1ab53bebe3
HNQ-V2_013,12,HNC-V2_013-P01,1,V2_013,SEM-6C847486A44390D1,id,diamonds_central,medio,TPL_01,hard_negative,false,0,palette_id,orientation,ocre_marron_negro,blanco_negro_gris,1,global_overlap,true,true,V2_014,SEM-B0502F5A4E58AF67,1,ocre_marron_negro,rombos,diagonal,central,bilateral,blanco_negro_gris,rombos,diagonal,central,bilateral,"Patrón geométrico sintético con paleta blanco, negro y gris; con rombos como motivo principal; orientación diagonal; composición central; simetría bilateral.",8f7cf49c5be2ccbbbaaaaccb459d14850ee61d273267d750007b31558b81c913
HNQ-V2_013,12,HNC-V2_013-P02,2,V2_013,SEM-6C847486A44390D1,id,diamonds_central,medio,TPL_01,hard_negative,false,0,motif,orientation,rombos,grecas escalonadas,1,counterfactual_only,false,false,,,0,ocre_marron_negro,rombos,diagonal,central,bilateral,ocre_marron_negro,grecas escalonadas,diagonal,central,bilateral,"Patrón geométrico sintético con paleta ocre, marrón y negro; con grecas escalonadas como motivo principal; orientación diagonal; composición central; simetría bilateral.",abea5c428fd7f8da71dc5332bab077ec9dbf5f3a3690a8fe714f88f6476df066
HNQ-V2_013,12,HNC-V2_013-P03,3,V2_013,SEM-6C847486A44390D1,id,diamonds_central,medio,TPL_01,positive,true,1,,orientation,,,0,not_applicable,true,false,V2_013,SEM-6C847486A44390D1,1,ocre_marron_negro,rombos,diagonal,central,bilateral,ocre_marron_negro,rombos,diagonal,central,bilateral,"Patrón geométrico sintético con paleta ocre, marrón y negro; con rombos como motivo principal; orientación diagonal; composición central; simetría bilateral.",e6be548cdc2a938ccbdc9000d0b0cc2e388a073cc31df760a93448d8219ff40a
HNQ-V2_013,12,HNC-V2_013-P04,4,V2_013,SEM-6C847486A44390D1,id,diamonds_central,medio,TPL_01,hard_negative,false,0,composition,orientation,central,modular,1,counterfactual_only,false,false,,,0,ocre_marron_negro,rombos,diagonal,central,bilateral,ocre_marron_negro,rombos,diagonal,modular,bilateral,"Patrón geométrico sintético con paleta ocre, marrón y negro; con rombos como motivo principal; orientación diagonal; composición modular; simetría bilateral.",6adf0801d6bfc8b62e9388b20365ecda5ba0632d7a407ff14c383a3f30ed5907
HNQ-V2_013,12,HNC-V2_013-P05,5,V2_013,SEM-6C847486A44390D1,id,diamonds_central,medio,TPL_01,hard_negative,false,0,symmetry,orientation,bilateral,asimétrica,1,counterfactual_only,false,false,,,0,ocre_marron_negro,rombos,diagonal,central,bilateral,ocre_marron_negro,rombos,diagonal,central,asimétrica,"Patrón geométrico sintético con paleta ocre, marrón y negro; con rombos como motivo principal; orientación diagonal; composición central; simetría asimétrica.",78a439e9635386104da15b7648447e9572e3f5da2d26d0f2d46f9f66a10fd5b8
HNQ-V2_014,13,HNC-V2_014-P01,1,V2_014,SEM-B0502F5A4E58AF67,id,diamonds_central,medio,TPL_01,hard_negative,false,0,motif,composition,rombos,grecas escalonadas,1,counterfactual_only,false,false,,,0,blanco_negro_gris,rombos,diagonal,central,bilateral,blanco_negro_gris,grecas escalonadas,diagonal,central,bilateral,"Patrón geométrico sintético con paleta blanco, negro y gris; con grecas escalonadas como motivo principal; orientación diagonal; composición central; simetría bilateral.",972e08157b4cf21f02ebdd9c2d716dd68c256b494ef54670693bd325070c49d6
HNQ-V2_014,13,HNC-V2_014-P02,2,V2_014,SEM-B0502F5A4E58AF67,id,diamonds_central,medio,TPL_01,hard_negative,false,0,orientation,composition,diagonal,bidireccional,1,counterfactual_only,false,false,,,0,blanco_negro_gris,rombos,diagonal,central,bilateral,blanco_negro_gris,rombos,bidireccional,central,bilateral,"Patrón geométrico sintético con paleta blanco, negro y gris; con rombos como motivo principal; orientación bidireccional; composición central; simetría bilateral.",41a83cf4d91b456a36bdadcc828168e080bd5f08fee5597a3055c7dc7d5e29f6
HNQ-V2_014,13,HNC-V2_014-P03,3,V2_014,SEM-B0502F5A4E58AF67,id,diamonds_central,medio,TPL_01,hard_negative,false,0,symmetry,composition,bilateral,asimétrica,1,counterfactual_only,false,false,,,0,blanco_negro_gris,rombos,diagonal,central,bilateral,blanco_negro_gris,rombos,diagonal,central,asimétrica,"Patrón geométrico sintético con paleta blanco, negro y gris; con rombos como motivo principal; orientación diagonal; composición central; simetría asimétrica.",e820a238c6a1313bf58a478aa543b40bb8658536c4727151060d87312d0d04a4
HNQ-V2_014,13,HNC-V2_014-P04,4,V2_014,SEM-B0502F5A4E58AF67,id,diamonds_central,medio,TPL_01,hard_negative,false,0,palette_id,composition,blanco_negro_gris,multicolor_tierra,1,global_overlap,true,true,V2_015,SEM-48FFBCDFBB1178FE,1,blanco_negro_gris,rombos,diagonal,central,bilateral,multicolor_tierra,rombos,diagonal,central,bilateral,"Patrón geométrico sintético con paleta rojo tierra, ocre, verde oscuro y azul profundo; con rombos como motivo principal; orientación diagonal; composición central; simetría bilateral.",b2c7408029e43e52b87de220d56014c7726607dfedb300ebc98d2ed48bfdb0c0
HNQ-V2_014,13,HNC-V2_014-P05,5,V2_014,SEM-B0502F5A4E58AF67,id,diamonds_central,medio,TPL_01,positive,true,1,,composition,,,0,not_applicable,true,false,V2_014,SEM-B0502F5A4E58AF67,1,blanco_negro_gris,rombos,diagonal,central,bilateral,blanco_negro_gris,rombos,diagonal,central,bilateral,"Patrón geométrico sintético con paleta blanco, negro y gris; con rombos como motivo principal; orientación diagonal; composición central; simetría bilateral.",8f7cf49c5be2ccbbbaaaaccb459d14850ee61d273267d750007b31558b81c913
HNQ-V2_015,14,HNC-V2_015-P01,1,V2_015,SEM-48FFBCDFBB1178FE,id,diamonds_central,medio,TPL_01,hard_negative,false,0,orientation,symmetry,diagonal,bidireccional,1,counterfactual_only,false,false,,,0,multicolor_tierra,rombos,diagonal,central,bilateral,multicolor_tierra,rombos,bidireccional,central,bilateral,"Patrón geométrico sintético con paleta rojo tierra, ocre, verde oscuro y azul profundo; con rombos como motivo principal; orientación bidireccional; composición central; simetría bilateral.",d616a7ab1e622569c8ac62bbf1bfb45f0b954c2b8ade891d6f2358ed593127ed
HNQ-V2_015,14,HNC-V2_015-P02,2,V2_015,SEM-48FFBCDFBB1178FE,id,diamonds_central,medio,TPL_01,positive,true,1,,symmetry,,,0,not_applicable,true,false,V2_015,SEM-48FFBCDFBB1178FE,1,multicolor_tierra,rombos,diagonal,central,bilateral,multicolor_tierra,rombos,diagonal,central,bilateral,"Patrón geométrico sintético con paleta rojo tierra, ocre, verde oscuro y azul profundo; con rombos como motivo principal; orientación diagonal; composición central; simetría bilateral.",b2c7408029e43e52b87de220d56014c7726607dfedb300ebc98d2ed48bfdb0c0
HNQ-V2_015,14,HNC-V2_015-P03,3,V2_015,SEM-48FFBCDFBB1178FE,id,diamonds_central,medio,TPL_01,hard_negative,false,0,composition,symmetry,central,modular,1,counterfactual_only,false,false,,,0,multicolor_tierra,rombos,diagonal,central,bilateral,multicolor_tierra,rombos,diagonal,modular,bilateral,"Patrón geométrico sintético con paleta rojo tierra, ocre, verde oscuro y azul profundo; con rombos como motivo principal; orientación diagonal; composición modular; simetría bilateral.",5f7a6704d1c46a29b425ab0eceb73b5a4861dcd7b91ac6c8d2d5ebb24753ffa4
HNQ-V2_015,14,HNC-V2_015-P04,4,V2_015,SEM-48FFBCDFBB1178FE,id,diamonds_central,medio,TPL_01,hard_negative,false,0,palette_id,symmetry,multicolor_tierra,verde_ocre_crema,1,global_overlap,true,true,V2_035,SEM-FFE7DFAAFAF2AC61,1,multicolor_tierra,rombos,diagonal,central,bilateral,verde_ocre_crema,rombos,diagonal,central,bilateral,"Patrón geométrico sintético con paleta verde, ocre y crema; con rombos como motivo principal; orientación diagonal; composición central; simetría bilateral.",f5b328ee55d76417a0832dbec1d09000eaddedbb27f019bb621466551e5c21d5
HNQ-V2_015,14,HNC-V2_015-P05,5,V2_015,SEM-48FFBCDFBB1178FE,id,diamonds_central,medio,TPL_01,hard_negative,false,0,motif,symmetry,rombos,grecas escalonadas,1,counterfactual_only,false,false,,,0,multicolor_tierra,rombos,diagonal,central,bilateral,multicolor_tierra,grecas escalonadas,diagonal,central,bilateral,"Patrón geométrico sintético con paleta rojo tierra, ocre, verde oscuro y azul profundo; con grecas escalonadas como motivo principal; orientación diagonal; composición central; simetría bilateral.",a53d27a0f947fa36c71ee5c2ebcf80af5b070b5a20e0b0837d9509e7fdc0baf3
HNQ-V2_016,15,HNC-V2_016-P01,1,V2_016,SEM-1F7D0D80E51AE939,id,grecas_modular,medio,TPL_01,hard_negative,false,0,symmetry,palette_id,repetitiva,bilateral,1,counterfactual_only,false,false,,,0,rojo_negro_crema,grecas escalonadas,horizontal,modular,repetitiva,rojo_negro_crema,grecas escalonadas,horizontal,modular,bilateral,"Patrón geométrico sintético con paleta rojo oscuro, negro y crema; con grecas escalonadas como motivo principal; orientación horizontal; composición modular; simetría bilateral.",24b86bf9498c7832e1fa8eb87fbce3628339d94240cdda09936fb1181666f568
HNQ-V2_016,15,HNC-V2_016-P02,2,V2_016,SEM-1F7D0D80E51AE939,id,grecas_modular,medio,TPL_01,hard_negative,false,0,motif,palette_id,grecas escalonadas,cuadrícula geométrica,1,counterfactual_only,false,false,,,0,rojo_negro_crema,grecas escalonadas,horizontal,modular,repetitiva,rojo_negro_crema,cuadrícula geométrica,horizontal,modular,repetitiva,"Patrón geométrico sintético con paleta rojo oscuro, negro y crema; con una cuadrícula geométrica como motivo principal; orientación horizontal; composición modular; simetría repetitiva.",c0f5df2115211c815226e7ad0ca973189d88e4db9189c32e9f0456793aaaeaae
HNQ-V2_016,15,HNC-V2_016-P03,3,V2_016,SEM-1F7D0D80E51AE939,id,grecas_modular,medio,TPL_01,hard_negative,false,0,orientation,palette_id,horizontal,vertical,1,counterfactual_only,false,false,,,0,rojo_negro_crema,grecas escalonadas,horizontal,modular,repetitiva,rojo_negro_crema,grecas escalonadas,vertical,modular,repetitiva,"Patrón geométrico sintético con paleta rojo oscuro, negro y crema; con grecas escalonadas como motivo principal; orientación vertical; composición modular; simetría repetitiva.",eb08c962aee408391a345c47ff38550e8da527cde5fa1cce6a6ecab321bd78e4
HNQ-V2_016,15,HNC-V2_016-P04,4,V2_016,SEM-1F7D0D80E51AE939,id,grecas_modular,medio,TPL_01,hard_negative,false,0,composition,palette_id,modular,reticular,1,counterfactual_only,false,false,,,0,rojo_negro_crema,grecas escalonadas,horizontal,modular,repetitiva,rojo_negro_crema,grecas escalonadas,horizontal,reticular,repetitiva,"Patrón geométrico sintético con paleta rojo oscuro, negro y crema; con grecas escalonadas como motivo principal; orientación horizontal; composición reticular; simetría repetitiva.",07f648d99bd698974d6ca0445eaa42c9d5f18af5be4ca3195bf4da545b63f124
HNQ-V2_016,15,HNC-V2_016-P05,5,V2_016,SEM-1F7D0D80E51AE939,id,grecas_modular,medio,TPL_01,positive,true,1,,palette_id,,,0,not_applicable,true,false,V2_016,SEM-1F7D0D80E51AE939,1,rojo_negro_crema,grecas escalonadas,horizontal,modular,repetitiva,rojo_negro_crema,grecas escalonadas,horizontal,modular,repetitiva,"Patrón geométrico sintético con paleta rojo oscuro, negro y crema; con grecas escalonadas como motivo principal; orientación horizontal; composición modular; simetría repetitiva.",5596e7f79a991d55c35de03a66475134cd34012da62e520cdaff3096be423c7a
HNQ-V2_017,16,HNC-V2_017-P01,1,V2_017,SEM-B4047E6372E8425A,id,grecas_modular,medio,TPL_01,hard_negative,false,0,palette_id,motif,azul_crema_marron,ocre_marron_negro,1,global_overlap,true,true,V2_018,SEM-8DD56A09C7883053,1,azul_crema_marron,grecas escalonadas,horizontal,modular,repetitiva,ocre_marron_negro,grecas escalonadas,horizontal,modular,repetitiva,"Patrón geométrico sintético con paleta ocre, marrón y negro; con grecas escalonadas como motivo principal; orientación horizontal; composición modular; simetría repetitiva.",099dd9e328c60d9a680d9f6c97bd9f87078d4379ed237d0e895cf2b08d01053e
HNQ-V2_017,16,HNC-V2_017-P02,2,V2_017,SEM-B4047E6372E8425A,id,grecas_modular,medio,TPL_01,positive,true,1,,motif,,,0,not_applicable,true,false,V2_017,SEM-B4047E6372E8425A,1,azul_crema_marron,grecas escalonadas,horizontal,modular,repetitiva,azul_crema_marron,grecas escalonadas,horizontal,modular,repetitiva,"Patrón geométrico sintético con paleta azul profundo, crema y marrón; con grecas escalonadas como motivo principal; orientación horizontal; composición modular; simetría repetitiva.",fade7c455a97e491689c79920bfbee3b56214c5209d5f13cca5f8b15a1e32821
HNQ-V2_017,16,HNC-V2_017-P03,3,V2_017,SEM-B4047E6372E8425A,id,grecas_modular,medio,TPL_01,hard_negative,false,0,orientation,motif,horizontal,vertical,1,counterfactual_only,false,false,,,0,azul_crema_marron,grecas escalonadas,horizontal,modular,repetitiva,azul_crema_marron,grecas escalonadas,vertical,modular,repetitiva,"Patrón geométrico sintético con paleta azul profundo, crema y marrón; con grecas escalonadas como motivo principal; orientación vertical; composición modular; simetría repetitiva.",5811d70e370856b0d92b33224dff5a52fc77e5f0a03836d674451d15a400018e
HNQ-V2_017,16,HNC-V2_017-P04,4,V2_017,SEM-B4047E6372E8425A,id,grecas_modular,medio,TPL_01,hard_negative,false,0,composition,motif,modular,reticular,1,counterfactual_only,false,false,,,0,azul_crema_marron,grecas escalonadas,horizontal,modular,repetitiva,azul_crema_marron,grecas escalonadas,horizontal,reticular,repetitiva,"Patrón geométrico sintético con paleta azul profundo, crema y marrón; con grecas escalonadas como motivo principal; orientación horizontal; composición reticular; simetría repetitiva.",c7dd6319eaa30cde27487ba90e792370ce775c705c6ea47cbe6a42993fd913f5
HNQ-V2_017,16,HNC-V2_017-P05,5,V2_017,SEM-B4047E6372E8425A,id,grecas_modular,medio,TPL_01,hard_negative,false,0,symmetry,motif,repetitiva,bilateral,1,counterfactual_only,false,false,,,0,azul_crema_marron,grecas escalonadas,horizontal,modular,repetitiva,azul_crema_marron,grecas escalonadas,horizontal,modular,bilateral,"Patrón geométrico sintético con paleta azul profundo, crema y marrón; con grecas escalonadas como motivo principal; orientación horizontal; composición modular; simetría bilateral.",37d302be4c9c5802094222599d26c53caf54a85f285abca057501e9f78856571
HNQ-V2_018,17,HNC-V2_018-P01,1,V2_018,SEM-8DD56A09C7883053,id,grecas_modular,medio,TPL_01,hard_negative,false,0,motif,orientation,grecas escalonadas,cuadrícula geométrica,1,counterfactual_only,false,false,,,0,ocre_marron_negro,grecas escalonadas,horizontal,modular,repetitiva,ocre_marron_negro,cuadrícula geométrica,horizontal,modular,repetitiva,"Patrón geométrico sintético con paleta ocre, marrón y negro; con una cuadrícula geométrica como motivo principal; orientación horizontal; composición modular; simetría repetitiva.",dca561228cf11debaaeee25ae605b6ab5cb242e860a8181809e037daca6f0b6e
HNQ-V2_018,17,HNC-V2_018-P02,2,V2_018,SEM-8DD56A09C7883053,id,grecas_modular,medio,TPL_01,hard_negative,false,0,composition,orientation,modular,reticular,1,counterfactual_only,false,false,,,0,ocre_marron_negro,grecas escalonadas,horizontal,modular,repetitiva,ocre_marron_negro,grecas escalonadas,horizontal,reticular,repetitiva,"Patrón geométrico sintético con paleta ocre, marrón y negro; con grecas escalonadas como motivo principal; orientación horizontal; composición reticular; simetría repetitiva.",9b99313b4c95a3e001b2212e0c8faf3fe31a45d1d2f0c5f2c10dd64716df2d4b
HNQ-V2_018,17,HNC-V2_018-P03,3,V2_018,SEM-8DD56A09C7883053,id,grecas_modular,medio,TPL_01,hard_negative,false,0,symmetry,orientation,repetitiva,bilateral,1,counterfactual_only,false,false,,,0,ocre_marron_negro,grecas escalonadas,horizontal,modular,repetitiva,ocre_marron_negro,grecas escalonadas,horizontal,modular,bilateral,"Patrón geométrico sintético con paleta ocre, marrón y negro; con grecas escalonadas como motivo principal; orientación horizontal; composición modular; simetría bilateral.",c2566f55915b7b88c0d808ea8385b574fadbce2b6a26124a812ab95be54b563e
HNQ-V2_018,17,HNC-V2_018-P04,4,V2_018,SEM-8DD56A09C7883053,id,grecas_modular,medio,TPL_01,positive,true,1,,orientation,,,0,not_applicable,true,false,V2_018,SEM-8DD56A09C7883053,1,ocre_marron_negro,grecas escalonadas,horizontal,modular,repetitiva,ocre_marron_negro,grecas escalonadas,horizontal,modular,repetitiva,"Patrón geométrico sintético con paleta ocre, marrón y negro; con grecas escalonadas como motivo principal; orientación horizontal; composición modular; simetría repetitiva.",099dd9e328c60d9a680d9f6c97bd9f87078d4379ed237d0e895cf2b08d01053e
HNQ-V2_018,17,HNC-V2_018-P05,5,V2_018,SEM-8DD56A09C7883053,id,grecas_modular,medio,TPL_01,hard_negative,false,0,palette_id,orientation,ocre_marron_negro,blanco_negro_gris,1,global_overlap,true,true,V2_019,SEM-92B4FA22CEDB29E6,1,ocre_marron_negro,grecas escalonadas,horizontal,modular,repetitiva,blanco_negro_gris,grecas escalonadas,horizontal,modular,repetitiva,"Patrón geométrico sintético con paleta blanco, negro y gris; con grecas escalonadas como motivo principal; orientación horizontal; composición modular; simetría repetitiva.",1547af5ac7c093f6d9bed9f051800c9abf2fb827c3a3a562dd934597718b7576
HNQ-V2_019,18,HNC-V2_019-P01,1,V2_019,SEM-92B4FA22CEDB29E6,id,grecas_modular,medio,TPL_01,positive,true,1,,composition,,,0,not_applicable,true,false,V2_019,SEM-92B4FA22CEDB29E6,1,blanco_negro_gris,grecas escalonadas,horizontal,modular,repetitiva,blanco_negro_gris,grecas escalonadas,horizontal,modular,repetitiva,"Patrón geométrico sintético con paleta blanco, negro y gris; con grecas escalonadas como motivo principal; orientación horizontal; composición modular; simetría repetitiva.",1547af5ac7c093f6d9bed9f051800c9abf2fb827c3a3a562dd934597718b7576
HNQ-V2_019,18,HNC-V2_019-P02,2,V2_019,SEM-92B4FA22CEDB29E6,id,grecas_modular,medio,TPL_01,hard_negative,false,0,orientation,composition,horizontal,vertical,1,counterfactual_only,false,false,,,0,blanco_negro_gris,grecas escalonadas,horizontal,modular,repetitiva,blanco_negro_gris,grecas escalonadas,vertical,modular,repetitiva,"Patrón geométrico sintético con paleta blanco, negro y gris; con grecas escalonadas como motivo principal; orientación vertical; composición modular; simetría repetitiva.",4e8961ae14f3aa16c1dddd970f675e1f2084621a9319226d94adef23eba0850d
HNQ-V2_019,18,HNC-V2_019-P03,3,V2_019,SEM-92B4FA22CEDB29E6,id,grecas_modular,medio,TPL_01,hard_negative,false,0,symmetry,composition,repetitiva,bilateral,1,counterfactual_only,false,false,,,0,blanco_negro_gris,grecas escalonadas,horizontal,modular,repetitiva,blanco_negro_gris,grecas escalonadas,horizontal,modular,bilateral,"Patrón geométrico sintético con paleta blanco, negro y gris; con grecas escalonadas como motivo principal; orientación horizontal; composición modular; simetría bilateral.",5098de933987cd89bad955325a60052e9673fed498595cae09b025856766872b
HNQ-V2_019,18,HNC-V2_019-P04,4,V2_019,SEM-92B4FA22CEDB29E6,id,grecas_modular,medio,TPL_01,hard_negative,false,0,palette_id,composition,blanco_negro_gris,multicolor_tierra,1,global_overlap,true,true,V2_020,SEM-A02450BA65AD4237,1,blanco_negro_gris,grecas escalonadas,horizontal,modular,repetitiva,multicolor_tierra,grecas escalonadas,horizontal,modular,repetitiva,"Patrón geométrico sintético con paleta rojo tierra, ocre, verde oscuro y azul profundo; con grecas escalonadas como motivo principal; orientación horizontal; composición modular; simetría repetitiva.",de421ad819d5b4d630c12c5d47eac05a817f6eafba5d8063c7db55ab69eb5195
HNQ-V2_019,18,HNC-V2_019-P05,5,V2_019,SEM-92B4FA22CEDB29E6,id,grecas_modular,medio,TPL_01,hard_negative,false,0,motif,composition,grecas escalonadas,cuadrícula geométrica,1,counterfactual_only,false,false,,,0,blanco_negro_gris,grecas escalonadas,horizontal,modular,repetitiva,blanco_negro_gris,cuadrícula geométrica,horizontal,modular,repetitiva,"Patrón geométrico sintético con paleta blanco, negro y gris; con una cuadrícula geométrica como motivo principal; orientación horizontal; composición modular; simetría repetitiva.",5ff1ef774c202d928bfc02aa5c111d8458d07441ec4b03cb8755e8334c226f0d
HNQ-V2_020,19,HNC-V2_020-P01,1,V2_020,SEM-A02450BA65AD4237,id,grecas_modular,medio,TPL_01,hard_negative,false,0,composition,symmetry,modular,reticular,1,counterfactual_only,false,false,,,0,multicolor_tierra,grecas escalonadas,horizontal,modular,repetitiva,multicolor_tierra,grecas escalonadas,horizontal,reticular,repetitiva,"Patrón geométrico sintético con paleta rojo tierra, ocre, verde oscuro y azul profundo; con grecas escalonadas como motivo principal; orientación horizontal; composición reticular; simetría repetitiva.",28f75307946362338faf42557a145fe0cab749d80c8effde9cf5330faa687719
HNQ-V2_020,19,HNC-V2_020-P02,2,V2_020,SEM-A02450BA65AD4237,id,grecas_modular,medio,TPL_01,hard_negative,false,0,palette_id,symmetry,multicolor_tierra,verde_ocre_crema,1,global_overlap,true,true,V2_037,SEM-5300F3F8950CB672,1,multicolor_tierra,grecas escalonadas,horizontal,modular,repetitiva,verde_ocre_crema,grecas escalonadas,horizontal,modular,repetitiva,"Patrón geométrico sintético con paleta verde, ocre y crema; con grecas escalonadas como motivo principal; orientación horizontal; composición modular; simetría repetitiva.",53ea6ccd54778020b27c560c3c89cf1e36839745deca5ffdfc25615e39e311b5
HNQ-V2_020,19,HNC-V2_020-P03,3,V2_020,SEM-A02450BA65AD4237,id,grecas_modular,medio,TPL_01,positive,true,1,,symmetry,,,0,not_applicable,true,false,V2_020,SEM-A02450BA65AD4237,1,multicolor_tierra,grecas escalonadas,horizontal,modular,repetitiva,multicolor_tierra,grecas escalonadas,horizontal,modular,repetitiva,"Patrón geométrico sintético con paleta rojo tierra, ocre, verde oscuro y azul profundo; con grecas escalonadas como motivo principal; orientación horizontal; composición modular; simetría repetitiva.",de421ad819d5b4d630c12c5d47eac05a817f6eafba5d8063c7db55ab69eb5195
HNQ-V2_020,19,HNC-V2_020-P04,4,V2_020,SEM-A02450BA65AD4237,id,grecas_modular,medio,TPL_01,hard_negative,false,0,motif,symmetry,grecas escalonadas,cuadrícula geométrica,1,counterfactual_only,false,false,,,0,multicolor_tierra,grecas escalonadas,horizontal,modular,repetitiva,multicolor_tierra,cuadrícula geométrica,horizontal,modular,repetitiva,"Patrón geométrico sintético con paleta rojo tierra, ocre, verde oscuro y azul profundo; con una cuadrícula geométrica como motivo principal; orientación horizontal; composición modular; simetría repetitiva.",15b8734d96a55eb55f8e84463889a4486266006edd0c66ed5bf06be0425933e2
HNQ-V2_020,19,HNC-V2_020-P05,5,V2_020,SEM-A02450BA65AD4237,id,grecas_modular,medio,TPL_01,hard_negative,false,0,orientation,symmetry,horizontal,vertical,1,counterfactual_only,false,false,,,0,multicolor_tierra,grecas escalonadas,horizontal,modular,repetitiva,multicolor_tierra,grecas escalonadas,vertical,modular,repetitiva,"Patrón geométrico sintético con paleta rojo tierra, ocre, verde oscuro y azul profundo; con grecas escalonadas como motivo principal; orientación vertical; composición modular; simetría repetitiva.",32d2cf6e6b23cf7b7e71793ac4a3d36057099446f97f3fe7e2ca6f6cb3a71e18
HNQ-V2_021,20,HNC-V2_021-P01,1,V2_021,SEM-C35EEC4AAFF32C4A,id,grid_reticular,bajo,TPL_01,positive,true,1,,palette_id,,,0,not_applicable,true,false,V2_021,SEM-C35EEC4AAFF32C4A,1,rojo_negro_crema,cuadrícula geométrica,bidireccional,reticular,repetitiva,rojo_negro_crema,cuadrícula geométrica,bidireccional,reticular,repetitiva,"Patrón geométrico sintético con paleta rojo oscuro, negro y crema; con una cuadrícula geométrica como motivo principal; orientación bidireccional; composición reticular; simetría repetitiva.",c8f0ecae7756eead137dd868ed807273b0722696cb014331464a69d7c76fcebc
HNQ-V2_021,20,HNC-V2_021-P02,2,V2_021,SEM-C35EEC4AAFF32C4A,id,grid_reticular,bajo,TPL_01,hard_negative,false,0,motif,palette_id,cuadrícula geométrica,motivos geométricos combinados,1,counterfactual_only,false,false,,,0,rojo_negro_crema,cuadrícula geométrica,bidireccional,reticular,repetitiva,rojo_negro_crema,motivos geométricos combinados,bidireccional,reticular,repetitiva,"Patrón geométrico sintético con paleta rojo oscuro, negro y crema; con motivos geométricos combinados como motivo principal; orientación bidireccional; composición reticular; simetría repetitiva.",fbc9d7778361fccfd9e5c51259fad121812131782388afbacdb0127c9fad6e98
HNQ-V2_021,20,HNC-V2_021-P03,3,V2_021,SEM-C35EEC4AAFF32C4A,id,grid_reticular,bajo,TPL_01,hard_negative,false,0,orientation,palette_id,bidireccional,mixta,1,counterfactual_only,false,false,,,0,rojo_negro_crema,cuadrícula geométrica,bidireccional,reticular,repetitiva,rojo_negro_crema,cuadrícula geométrica,mixta,reticular,repetitiva,"Patrón geométrico sintético con paleta rojo oscuro, negro y crema; con una cuadrícula geométrica como motivo principal; orientación mixta; composición reticular; simetría repetitiva.",168a44fb825ea28341d3569c9c7a7f9a576ce39bf2bad657253cddae09f6ba93
HNQ-V2_021,20,HNC-V2_021-P04,4,V2_021,SEM-C35EEC4AAFF32C4A,id,grid_reticular,bajo,TPL_01,hard_negative,false,0,composition,palette_id,reticular,mixta,1,counterfactual_only,false,false,,,0,rojo_negro_crema,cuadrícula geométrica,bidireccional,reticular,repetitiva,rojo_negro_crema,cuadrícula geométrica,bidireccional,mixta,repetitiva,"Patrón geométrico sintético con paleta rojo oscuro, negro y crema; con una cuadrícula geométrica como motivo principal; orientación bidireccional; composición mixta; simetría repetitiva.",3ebbf1436a812cacf42cb1a52ff583cd17472478a6165e49ee9d3540fea12f82
HNQ-V2_021,20,HNC-V2_021-P05,5,V2_021,SEM-C35EEC4AAFF32C4A,id,grid_reticular,bajo,TPL_01,hard_negative,false,0,symmetry,palette_id,repetitiva,bilateral,1,counterfactual_only,false,false,,,0,rojo_negro_crema,cuadrícula geométrica,bidireccional,reticular,repetitiva,rojo_negro_crema,cuadrícula geométrica,bidireccional,reticular,bilateral,"Patrón geométrico sintético con paleta rojo oscuro, negro y crema; con una cuadrícula geométrica como motivo principal; orientación bidireccional; composición reticular; simetría bilateral.",f09db5c9cc5b5e37301d0cd05de525c8d6b85cd0967c6f1e21c18d136a330d9c
HNQ-V2_022,21,HNC-V2_022-P01,1,V2_022,SEM-14694FF153156266,id,grid_reticular,bajo,TPL_01,hard_negative,false,0,orientation,motif,bidireccional,mixta,1,counterfactual_only,false,false,,,0,azul_crema_marron,cuadrícula geométrica,bidireccional,reticular,repetitiva,azul_crema_marron,cuadrícula geométrica,mixta,reticular,repetitiva,"Patrón geométrico sintético con paleta azul profundo, crema y marrón; con una cuadrícula geométrica como motivo principal; orientación mixta; composición reticular; simetría repetitiva.",96ff637121af0b8d7498bd6784fc7cfd657ad9fcaabc38594321a6441d6ca321
HNQ-V2_022,21,HNC-V2_022-P02,2,V2_022,SEM-14694FF153156266,id,grid_reticular,bajo,TPL_01,hard_negative,false,0,composition,motif,reticular,mixta,1,counterfactual_only,false,false,,,0,azul_crema_marron,cuadrícula geométrica,bidireccional,reticular,repetitiva,azul_crema_marron,cuadrícula geométrica,bidireccional,mixta,repetitiva,"Patrón geométrico sintético con paleta azul profundo, crema y marrón; con una cuadrícula geométrica como motivo principal; orientación bidireccional; composición mixta; simetría repetitiva.",125a85efe433e6b48be4207378bd1b36f5828202c0f76cd935f42aabd4c47522
HNQ-V2_022,21,HNC-V2_022-P03,3,V2_022,SEM-14694FF153156266,id,grid_reticular,bajo,TPL_01,positive,true,1,,motif,,,0,not_applicable,true,false,V2_022,SEM-14694FF153156266,1,azul_crema_marron,cuadrícula geométrica,bidireccional,reticular,repetitiva,azul_crema_marron,cuadrícula geométrica,bidireccional,reticular,repetitiva,"Patrón geométrico sintético con paleta azul profundo, crema y marrón; con una cuadrícula geométrica como motivo principal; orientación bidireccional; composición reticular; simetría repetitiva.",b1cbec5d21808dc3117d559e730b45e9a6aecc18640577addd22472dd12fb928
HNQ-V2_022,21,HNC-V2_022-P04,4,V2_022,SEM-14694FF153156266,id,grid_reticular,bajo,TPL_01,hard_negative,false,0,symmetry,motif,repetitiva,bilateral,1,counterfactual_only,false,false,,,0,azul_crema_marron,cuadrícula geométrica,bidireccional,reticular,repetitiva,azul_crema_marron,cuadrícula geométrica,bidireccional,reticular,bilateral,"Patrón geométrico sintético con paleta azul profundo, crema y marrón; con una cuadrícula geométrica como motivo principal; orientación bidireccional; composición reticular; simetría bilateral.",8249e03969c0cec2879604e47fdedc5a0cea6753505308ac09c927ea8cbd711d
HNQ-V2_022,21,HNC-V2_022-P05,5,V2_022,SEM-14694FF153156266,id,grid_reticular,bajo,TPL_01,hard_negative,false,0,palette_id,motif,azul_crema_marron,ocre_marron_negro,1,global_overlap,true,true,V2_023,SEM-E2B97A08DEBB8084,1,azul_crema_marron,cuadrícula geométrica,bidireccional,reticular,repetitiva,ocre_marron_negro,cuadrícula geométrica,bidireccional,reticular,repetitiva,"Patrón geométrico sintético con paleta ocre, marrón y negro; con una cuadrícula geométrica como motivo principal; orientación bidireccional; composición reticular; simetría repetitiva.",cfb119ddda3022f810e27a0fed111604c2ed2396b597b2b305b60ba55e3d42ee
HNQ-V2_023,22,HNC-V2_023-P01,1,V2_023,SEM-E2B97A08DEBB8084,id,grid_reticular,bajo,TPL_01,hard_negative,false,0,composition,orientation,reticular,mixta,1,counterfactual_only,false,false,,,0,ocre_marron_negro,cuadrícula geométrica,bidireccional,reticular,repetitiva,ocre_marron_negro,cuadrícula geométrica,bidireccional,mixta,repetitiva,"Patrón geométrico sintético con paleta ocre, marrón y negro; con una cuadrícula geométrica como motivo principal; orientación bidireccional; composición mixta; simetría repetitiva.",bb41dca391e728fec5e30a015b3e5bbf0c233e49a253343c03226f61559685b1
HNQ-V2_023,22,HNC-V2_023-P02,2,V2_023,SEM-E2B97A08DEBB8084,id,grid_reticular,bajo,TPL_01,hard_negative,false,0,symmetry,orientation,repetitiva,bilateral,1,counterfactual_only,false,false,,,0,ocre_marron_negro,cuadrícula geométrica,bidireccional,reticular,repetitiva,ocre_marron_negro,cuadrícula geométrica,bidireccional,reticular,bilateral,"Patrón geométrico sintético con paleta ocre, marrón y negro; con una cuadrícula geométrica como motivo principal; orientación bidireccional; composición reticular; simetría bilateral.",abcae956bfb84bcad954286d1f9f91b8ea9d41c9c5d87cea92d0d42950660ffd
HNQ-V2_023,22,HNC-V2_023-P03,3,V2_023,SEM-E2B97A08DEBB8084,id,grid_reticular,bajo,TPL_01,hard_negative,false,0,palette_id,orientation,ocre_marron_negro,blanco_negro_gris,1,global_overlap,true,true,V2_024,SEM-E18D189C6A8F47C1,1,ocre_marron_negro,cuadrícula geométrica,bidireccional,reticular,repetitiva,blanco_negro_gris,cuadrícula geométrica,bidireccional,reticular,repetitiva,"Patrón geométrico sintético con paleta blanco, negro y gris; con una cuadrícula geométrica como motivo principal; orientación bidireccional; composición reticular; simetría repetitiva.",1abaa86d1bd39dda4065d68a27035f07de9844808fc5648b15d30ea06be585a2
HNQ-V2_023,22,HNC-V2_023-P04,4,V2_023,SEM-E2B97A08DEBB8084,id,grid_reticular,bajo,TPL_01,hard_negative,false,0,motif,orientation,cuadrícula geométrica,motivos geométricos combinados,1,counterfactual_only,false,false,,,0,ocre_marron_negro,cuadrícula geométrica,bidireccional,reticular,repetitiva,ocre_marron_negro,motivos geométricos combinados,bidireccional,reticular,repetitiva,"Patrón geométrico sintético con paleta ocre, marrón y negro; con motivos geométricos combinados como motivo principal; orientación bidireccional; composición reticular; simetría repetitiva.",5dac56142d1a79dbbc2279cea15752e17b61f8b79bd0d92ae703da4a12eb6172
HNQ-V2_023,22,HNC-V2_023-P05,5,V2_023,SEM-E2B97A08DEBB8084,id,grid_reticular,bajo,TPL_01,positive,true,1,,orientation,,,0,not_applicable,true,false,V2_023,SEM-E2B97A08DEBB8084,1,ocre_marron_negro,cuadrícula geométrica,bidireccional,reticular,repetitiva,ocre_marron_negro,cuadrícula geométrica,bidireccional,reticular,repetitiva,"Patrón geométrico sintético con paleta ocre, marrón y negro; con una cuadrícula geométrica como motivo principal; orientación bidireccional; composición reticular; simetría repetitiva.",cfb119ddda3022f810e27a0fed111604c2ed2396b597b2b305b60ba55e3d42ee
HNQ-V2_024,23,HNC-V2_024-P01,1,V2_024,SEM-E18D189C6A8F47C1,id,grid_reticular,bajo,TPL_01,hard_negative,false,0,symmetry,composition,repetitiva,bilateral,1,counterfactual_only,false,false,,,0,blanco_negro_gris,cuadrícula geométrica,bidireccional,reticular,repetitiva,blanco_negro_gris,cuadrícula geométrica,bidireccional,reticular,bilateral,"Patrón geométrico sintético con paleta blanco, negro y gris; con una cuadrícula geométrica como motivo principal; orientación bidireccional; composición reticular; simetría bilateral.",b5329066d059bedcdb0dd3f0c852e652e475fb2024d3e0b31a361bd01ef8ba39
HNQ-V2_024,23,HNC-V2_024-P02,2,V2_024,SEM-E18D189C6A8F47C1,id,grid_reticular,bajo,TPL_01,positive,true,1,,composition,,,0,not_applicable,true,false,V2_024,SEM-E18D189C6A8F47C1,1,blanco_negro_gris,cuadrícula geométrica,bidireccional,reticular,repetitiva,blanco_negro_gris,cuadrícula geométrica,bidireccional,reticular,repetitiva,"Patrón geométrico sintético con paleta blanco, negro y gris; con una cuadrícula geométrica como motivo principal; orientación bidireccional; composición reticular; simetría repetitiva.",1abaa86d1bd39dda4065d68a27035f07de9844808fc5648b15d30ea06be585a2
HNQ-V2_024,23,HNC-V2_024-P03,3,V2_024,SEM-E18D189C6A8F47C1,id,grid_reticular,bajo,TPL_01,hard_negative,false,0,palette_id,composition,blanco_negro_gris,multicolor_tierra,1,global_overlap,true,true,V2_025,SEM-07F558960B386287,1,blanco_negro_gris,cuadrícula geométrica,bidireccional,reticular,repetitiva,multicolor_tierra,cuadrícula geométrica,bidireccional,reticular,repetitiva,"Patrón geométrico sintético con paleta rojo tierra, ocre, verde oscuro y azul profundo; con una cuadrícula geométrica como motivo principal; orientación bidireccional; composición reticular; simetría repetitiva.",bc83cfb5144d7091b1084f0df755be4b135a5e48644b5ad04ac858359b58a3b5
HNQ-V2_024,23,HNC-V2_024-P04,4,V2_024,SEM-E18D189C6A8F47C1,id,grid_reticular,bajo,TPL_01,hard_negative,false,0,motif,composition,cuadrícula geométrica,motivos geométricos combinados,1,counterfactual_only,false,false,,,0,blanco_negro_gris,cuadrícula geométrica,bidireccional,reticular,repetitiva,blanco_negro_gris,motivos geométricos combinados,bidireccional,reticular,repetitiva,"Patrón geométrico sintético con paleta blanco, negro y gris; con motivos geométricos combinados como motivo principal; orientación bidireccional; composición reticular; simetría repetitiva.",81972219ed75fb825f283e1922673b34e9e85f8ddba186e5d56b20118d9d6dbe
HNQ-V2_024,23,HNC-V2_024-P05,5,V2_024,SEM-E18D189C6A8F47C1,id,grid_reticular,bajo,TPL_01,hard_negative,false,0,orientation,composition,bidireccional,mixta,1,counterfactual_only,false,false,,,0,blanco_negro_gris,cuadrícula geométrica,bidireccional,reticular,repetitiva,blanco_negro_gris,cuadrícula geométrica,mixta,reticular,repetitiva,"Patrón geométrico sintético con paleta blanco, negro y gris; con una cuadrícula geométrica como motivo principal; orientación mixta; composición reticular; simetría repetitiva.",fdd51bc0b36dccfe3eeecf446146bd2b1f8694059c80e47c0df09e2d4c975599
HNQ-V2_025,24,HNC-V2_025-P01,1,V2_025,SEM-07F558960B386287,id,grid_reticular,bajo,TPL_01,hard_negative,false,0,palette_id,symmetry,multicolor_tierra,verde_ocre_crema,1,global_overlap,true,true,V2_039,SEM-99B04CC5A7706E4B,1,multicolor_tierra,cuadrícula geométrica,bidireccional,reticular,repetitiva,verde_ocre_crema,cuadrícula geométrica,bidireccional,reticular,repetitiva,"Patrón geométrico sintético con paleta verde, ocre y crema; con una cuadrícula geométrica como motivo principal; orientación bidireccional; composición reticular; simetría repetitiva.",3087651e8e65d01367942d9bf9777f1640e9bb2dbea74741258efdb516d700ea
HNQ-V2_025,24,HNC-V2_025-P02,2,V2_025,SEM-07F558960B386287,id,grid_reticular,bajo,TPL_01,hard_negative,false,0,motif,symmetry,cuadrícula geométrica,motivos geométricos combinados,1,counterfactual_only,false,false,,,0,multicolor_tierra,cuadrícula geométrica,bidireccional,reticular,repetitiva,multicolor_tierra,motivos geométricos combinados,bidireccional,reticular,repetitiva,"Patrón geométrico sintético con paleta rojo tierra, ocre, verde oscuro y azul profundo; con motivos geométricos combinados como motivo principal; orientación bidireccional; composición reticular; simetría repetitiva.",1b058d8cc8c90844f782a48f5986e3548a128e0560596fffc2a61a6d93c70b73
HNQ-V2_025,24,HNC-V2_025-P03,3,V2_025,SEM-07F558960B386287,id,grid_reticular,bajo,TPL_01,hard_negative,false,0,orientation,symmetry,bidireccional,mixta,1,counterfactual_only,false,false,,,0,multicolor_tierra,cuadrícula geométrica,bidireccional,reticular,repetitiva,multicolor_tierra,cuadrícula geométrica,mixta,reticular,repetitiva,"Patrón geométrico sintético con paleta rojo tierra, ocre, verde oscuro y azul profundo; con una cuadrícula geométrica como motivo principal; orientación mixta; composición reticular; simetría repetitiva.",c73ed80b2af4e9ec5b86c5cc5f42db662101eff0aed3fe7f1aa02358e218c071
HNQ-V2_025,24,HNC-V2_025-P04,4,V2_025,SEM-07F558960B386287,id,grid_reticular,bajo,TPL_01,positive,true,1,,symmetry,,,0,not_applicable,true,false,V2_025,SEM-07F558960B386287,1,multicolor_tierra,cuadrícula geométrica,bidireccional,reticular,repetitiva,multicolor_tierra,cuadrícula geométrica,bidireccional,reticular,repetitiva,"Patrón geométrico sintético con paleta rojo tierra, ocre, verde oscuro y azul profundo; con una cuadrícula geométrica como motivo principal; orientación bidireccional; composición reticular; simetría repetitiva.",bc83cfb5144d7091b1084f0df755be4b135a5e48644b5ad04ac858359b58a3b5
HNQ-V2_025,24,HNC-V2_025-P05,5,V2_025,SEM-07F558960B386287,id,grid_reticular,bajo,TPL_01,hard_negative,false,0,composition,symmetry,reticular,mixta,1,counterfactual_only,false,false,,,0,multicolor_tierra,cuadrícula geométrica,bidireccional,reticular,repetitiva,multicolor_tierra,cuadrícula geométrica,bidireccional,mixta,repetitiva,"Patrón geométrico sintético con paleta rojo tierra, ocre, verde oscuro y azul profundo; con una cuadrícula geométrica como motivo principal; orientación bidireccional; composición mixta; simetría repetitiva.",b40d429f743fcfa70d3e84e7823059849a296a01bed03c924799357d2b553555
HNQ-V2_026,25,HNC-V2_026-P01,1,V2_026,SEM-13F83CA2D0998B44,id,mixed_asymmetric,alto,TPL_01,hard_negative,false,0,orientation,palette_id,mixta,radial,1,counterfactual_only,false,false,,,0,rojo_negro_crema,motivos geométricos combinados,mixta,mixta,asimétrica,rojo_negro_crema,motivos geométricos combinados,radial,mixta,asimétrica,"Patrón geométrico sintético con paleta rojo oscuro, negro y crema; con motivos geométricos combinados como motivo principal; orientación radial; composición mixta; simetría asimétrica.",41774125bc2b69cdd62f47daed63b9ea005523013585aca3101b334c92b2d3a3
HNQ-V2_026,25,HNC-V2_026-P02,2,V2_026,SEM-13F83CA2D0998B44,id,mixed_asymmetric,alto,TPL_01,positive,true,1,,palette_id,,,0,not_applicable,true,false,V2_026,SEM-13F83CA2D0998B44,1,rojo_negro_crema,motivos geométricos combinados,mixta,mixta,asimétrica,rojo_negro_crema,motivos geométricos combinados,mixta,mixta,asimétrica,"Patrón geométrico sintético con paleta rojo oscuro, negro y crema; con motivos geométricos combinados como motivo principal; orientación mixta; composición mixta; simetría asimétrica.",88ffc688ebfa4a8905abd903dd6dba411e41be5fba1b0971ead046691410d20b
HNQ-V2_026,25,HNC-V2_026-P03,3,V2_026,SEM-13F83CA2D0998B44,id,mixed_asymmetric,alto,TPL_01,hard_negative,false,0,composition,palette_id,mixta,bandas,1,counterfactual_only,false,false,,,0,rojo_negro_crema,motivos geométricos combinados,mixta,mixta,asimétrica,rojo_negro_crema,motivos geométricos combinados,mixta,bandas,asimétrica,"Patrón geométrico sintético con paleta rojo oscuro, negro y crema; con motivos geométricos combinados como motivo principal; orientación mixta; composición en bandas; simetría asimétrica.",35a18c03d0e5314cd8f6af76bfb1af2e3b0e25f14cb7714a0b1785b32d3da766
HNQ-V2_026,25,HNC-V2_026-P04,4,V2_026,SEM-13F83CA2D0998B44,id,mixed_asymmetric,alto,TPL_01,hard_negative,false,0,symmetry,palette_id,asimétrica,radial,1,counterfactual_only,false,false,,,0,rojo_negro_crema,motivos geométricos combinados,mixta,mixta,asimétrica,rojo_negro_crema,motivos geométricos combinados,mixta,mixta,radial,"Patrón geométrico sintético con paleta rojo oscuro, negro y crema; con motivos geométricos combinados como motivo principal; orientación mixta; composición mixta; simetría radial.",41c353a7cbba0b882caa4cc0dd1e5716f0ce0cfccbb6dd0eefbfd8f11b7dc82e
HNQ-V2_026,25,HNC-V2_026-P05,5,V2_026,SEM-13F83CA2D0998B44,id,mixed_asymmetric,alto,TPL_01,hard_negative,false,0,motif,palette_id,motivos geométricos combinados,chevrones,1,counterfactual_only,false,false,,,0,rojo_negro_crema,motivos geométricos combinados,mixta,mixta,asimétrica,rojo_negro_crema,chevrones,mixta,mixta,asimétrica,"Patrón geométrico sintético con paleta rojo oscuro, negro y crema; con chevrones como motivo principal; orientación mixta; composición mixta; simetría asimétrica.",dff33e5d84bbaeeb225c6499dee84bad9d0b9fc8224b66a569caff34bae503da
HNQ-V2_027,26,HNC-V2_027-P01,1,V2_027,SEM-A81DDA56894526D2,id,mixed_asymmetric,alto,TPL_01,hard_negative,false,0,composition,motif,mixta,bandas,1,counterfactual_only,false,false,,,0,azul_crema_marron,motivos geométricos combinados,mixta,mixta,asimétrica,azul_crema_marron,motivos geométricos combinados,mixta,bandas,asimétrica,"Patrón geométrico sintético con paleta azul profundo, crema y marrón; con motivos geométricos combinados como motivo principal; orientación mixta; composición en bandas; simetría asimétrica.",12d7409883bbe210d4aff743ff874c46c86056e290e844dfbe6cc20b3727bbb5
HNQ-V2_027,26,HNC-V2_027-P02,2,V2_027,SEM-A81DDA56894526D2,id,mixed_asymmetric,alto,TPL_01,hard_negative,false,0,symmetry,motif,asimétrica,radial,1,counterfactual_only,false,false,,,0,azul_crema_marron,motivos geométricos combinados,mixta,mixta,asimétrica,azul_crema_marron,motivos geométricos combinados,mixta,mixta,radial,"Patrón geométrico sintético con paleta azul profundo, crema y marrón; con motivos geométricos combinados como motivo principal; orientación mixta; composición mixta; simetría radial.",4a14069c6ae401187d2e450c80195073af991f3e38e7b1326597a217d6cfe01f
HNQ-V2_027,26,HNC-V2_027-P03,3,V2_027,SEM-A81DDA56894526D2,id,mixed_asymmetric,alto,TPL_01,hard_negative,false,0,palette_id,motif,azul_crema_marron,ocre_marron_negro,1,global_overlap,true,true,V2_028,SEM-395EB585FE6F4A0F,1,azul_crema_marron,motivos geométricos combinados,mixta,mixta,asimétrica,ocre_marron_negro,motivos geométricos combinados,mixta,mixta,asimétrica,"Patrón geométrico sintético con paleta ocre, marrón y negro; con motivos geométricos combinados como motivo principal; orientación mixta; composición mixta; simetría asimétrica.",477d3f1b28a1a2d977c4a157a74f3a63f4f0183d71e4842e742e2f9461648779
HNQ-V2_027,26,HNC-V2_027-P04,4,V2_027,SEM-A81DDA56894526D2,id,mixed_asymmetric,alto,TPL_01,positive,true,1,,motif,,,0,not_applicable,true,false,V2_027,SEM-A81DDA56894526D2,1,azul_crema_marron,motivos geométricos combinados,mixta,mixta,asimétrica,azul_crema_marron,motivos geométricos combinados,mixta,mixta,asimétrica,"Patrón geométrico sintético con paleta azul profundo, crema y marrón; con motivos geométricos combinados como motivo principal; orientación mixta; composición mixta; simetría asimétrica.",7c6058084e5a136443f68f271ecd01e65f0bd284b7816eb69382c448621a9c0c
HNQ-V2_027,26,HNC-V2_027-P05,5,V2_027,SEM-A81DDA56894526D2,id,mixed_asymmetric,alto,TPL_01,hard_negative,false,0,orientation,motif,mixta,radial,1,counterfactual_only,false,false,,,0,azul_crema_marron,motivos geométricos combinados,mixta,mixta,asimétrica,azul_crema_marron,motivos geométricos combinados,radial,mixta,asimétrica,"Patrón geométrico sintético con paleta azul profundo, crema y marrón; con motivos geométricos combinados como motivo principal; orientación radial; composición mixta; simetría asimétrica.",27480541cc8283720f6359fc6ed81ec7144962e58fa989954fafacebee973f23
HNQ-V2_028,27,HNC-V2_028-P01,1,V2_028,SEM-395EB585FE6F4A0F,id,mixed_asymmetric,alto,TPL_01,positive,true,1,,orientation,,,0,not_applicable,true,false,V2_028,SEM-395EB585FE6F4A0F,1,ocre_marron_negro,motivos geométricos combinados,mixta,mixta,asimétrica,ocre_marron_negro,motivos geométricos combinados,mixta,mixta,asimétrica,"Patrón geométrico sintético con paleta ocre, marrón y negro; con motivos geométricos combinados como motivo principal; orientación mixta; composición mixta; simetría asimétrica.",477d3f1b28a1a2d977c4a157a74f3a63f4f0183d71e4842e742e2f9461648779
HNQ-V2_028,27,HNC-V2_028-P02,2,V2_028,SEM-395EB585FE6F4A0F,id,mixed_asymmetric,alto,TPL_01,hard_negative,false,0,symmetry,orientation,asimétrica,radial,1,counterfactual_only,false,false,,,0,ocre_marron_negro,motivos geométricos combinados,mixta,mixta,asimétrica,ocre_marron_negro,motivos geométricos combinados,mixta,mixta,radial,"Patrón geométrico sintético con paleta ocre, marrón y negro; con motivos geométricos combinados como motivo principal; orientación mixta; composición mixta; simetría radial.",11e2091581c5e75a2f2b98b9496c81032c2687a76734e1790bc5b52139d445c4
HNQ-V2_028,27,HNC-V2_028-P03,3,V2_028,SEM-395EB585FE6F4A0F,id,mixed_asymmetric,alto,TPL_01,hard_negative,false,0,palette_id,orientation,ocre_marron_negro,blanco_negro_gris,1,global_overlap,true,true,V2_029,SEM-4F620F242D17BFDE,1,ocre_marron_negro,motivos geométricos combinados,mixta,mixta,asimétrica,blanco_negro_gris,motivos geométricos combinados,mixta,mixta,asimétrica,"Patrón geométrico sintético con paleta blanco, negro y gris; con motivos geométricos combinados como motivo principal; orientación mixta; composición mixta; simetría asimétrica.",c8bf8a072e3118987307c7ef2cc3f031ff219c8b5e2d2d41740da57be8c55c2d
HNQ-V2_028,27,HNC-V2_028-P04,4,V2_028,SEM-395EB585FE6F4A0F,id,mixed_asymmetric,alto,TPL_01,hard_negative,false,0,motif,orientation,motivos geométricos combinados,chevrones,1,counterfactual_only,false,false,,,0,ocre_marron_negro,motivos geométricos combinados,mixta,mixta,asimétrica,ocre_marron_negro,chevrones,mixta,mixta,asimétrica,"Patrón geométrico sintético con paleta ocre, marrón y negro; con chevrones como motivo principal; orientación mixta; composición mixta; simetría asimétrica.",23f51a614febb9c65f78bb8323be07c7e001ec75225f94c1342e7d99e5e879d6
HNQ-V2_028,27,HNC-V2_028-P05,5,V2_028,SEM-395EB585FE6F4A0F,id,mixed_asymmetric,alto,TPL_01,hard_negative,false,0,composition,orientation,mixta,bandas,1,counterfactual_only,false,false,,,0,ocre_marron_negro,motivos geométricos combinados,mixta,mixta,asimétrica,ocre_marron_negro,motivos geométricos combinados,mixta,bandas,asimétrica,"Patrón geométrico sintético con paleta ocre, marrón y negro; con motivos geométricos combinados como motivo principal; orientación mixta; composición en bandas; simetría asimétrica.",750883123e7d831adbacabeef445c45d0bd80e03effa545bd84ca11026209e54
HNQ-V2_029,28,HNC-V2_029-P01,1,V2_029,SEM-4F620F242D17BFDE,id,mixed_asymmetric,alto,TPL_01,hard_negative,false,0,palette_id,composition,blanco_negro_gris,multicolor_tierra,1,global_overlap,true,true,V2_030,SEM-395AFC2FCA575E5C,1,blanco_negro_gris,motivos geométricos combinados,mixta,mixta,asimétrica,multicolor_tierra,motivos geométricos combinados,mixta,mixta,asimétrica,"Patrón geométrico sintético con paleta rojo tierra, ocre, verde oscuro y azul profundo; con motivos geométricos combinados como motivo principal; orientación mixta; composición mixta; simetría asimétrica.",c65695c9b8c5e56efbbc0543cc69db2c19b69afda0923318baec8a1408b0cb31
HNQ-V2_029,28,HNC-V2_029-P02,2,V2_029,SEM-4F620F242D17BFDE,id,mixed_asymmetric,alto,TPL_01,hard_negative,false,0,motif,composition,motivos geométricos combinados,chevrones,1,counterfactual_only,false,false,,,0,blanco_negro_gris,motivos geométricos combinados,mixta,mixta,asimétrica,blanco_negro_gris,chevrones,mixta,mixta,asimétrica,"Patrón geométrico sintético con paleta blanco, negro y gris; con chevrones como motivo principal; orientación mixta; composición mixta; simetría asimétrica.",1590ccf1df5552a807f3743f1e70b8fc05b5334823895545e3638e6de5c91484
HNQ-V2_029,28,HNC-V2_029-P03,3,V2_029,SEM-4F620F242D17BFDE,id,mixed_asymmetric,alto,TPL_01,positive,true,1,,composition,,,0,not_applicable,true,false,V2_029,SEM-4F620F242D17BFDE,1,blanco_negro_gris,motivos geométricos combinados,mixta,mixta,asimétrica,blanco_negro_gris,motivos geométricos combinados,mixta,mixta,asimétrica,"Patrón geométrico sintético con paleta blanco, negro y gris; con motivos geométricos combinados como motivo principal; orientación mixta; composición mixta; simetría asimétrica.",c8bf8a072e3118987307c7ef2cc3f031ff219c8b5e2d2d41740da57be8c55c2d
HNQ-V2_029,28,HNC-V2_029-P04,4,V2_029,SEM-4F620F242D17BFDE,id,mixed_asymmetric,alto,TPL_01,hard_negative,false,0,orientation,composition,mixta,radial,1,counterfactual_only,false,false,,,0,blanco_negro_gris,motivos geométricos combinados,mixta,mixta,asimétrica,blanco_negro_gris,motivos geométricos combinados,radial,mixta,asimétrica,"Patrón geométrico sintético con paleta blanco, negro y gris; con motivos geométricos combinados como motivo principal; orientación radial; composición mixta; simetría asimétrica.",122c16f2c078089bff371324de10766b3e9f12e9d07c9c8bb8249c2af5e40c61
HNQ-V2_029,28,HNC-V2_029-P05,5,V2_029,SEM-4F620F242D17BFDE,id,mixed_asymmetric,alto,TPL_01,hard_negative,false,0,symmetry,composition,asimétrica,radial,1,counterfactual_only,false,false,,,0,blanco_negro_gris,motivos geométricos combinados,mixta,mixta,asimétrica,blanco_negro_gris,motivos geométricos combinados,mixta,mixta,radial,"Patrón geométrico sintético con paleta blanco, negro y gris; con motivos geométricos combinados como motivo principal; orientación mixta; composición mixta; simetría radial.",150a30036c934c2691bef7dd8c4ecf86b27c88c91f6cfef4725784ae3ec64e6b
HNQ-V2_030,29,HNC-V2_030-P01,1,V2_030,SEM-395AFC2FCA575E5C,id,mixed_asymmetric,alto,TPL_01,hard_negative,false,0,motif,symmetry,motivos geométricos combinados,chevrones,1,counterfactual_only,false,false,,,0,multicolor_tierra,motivos geométricos combinados,mixta,mixta,asimétrica,multicolor_tierra,chevrones,mixta,mixta,asimétrica,"Patrón geométrico sintético con paleta rojo tierra, ocre, verde oscuro y azul profundo; con chevrones como motivo principal; orientación mixta; composición mixta; simetría asimétrica.",6dcfe391be21e266b7f34cd1d15896148b62141c377ab598ada9ebfa6f7fe4e5
HNQ-V2_030,29,HNC-V2_030-P02,2,V2_030,SEM-395AFC2FCA575E5C,id,mixed_asymmetric,alto,TPL_01,hard_negative,false,0,orientation,symmetry,mixta,radial,1,counterfactual_only,false,false,,,0,multicolor_tierra,motivos geométricos combinados,mixta,mixta,asimétrica,multicolor_tierra,motivos geométricos combinados,radial,mixta,asimétrica,"Patrón geométrico sintético con paleta rojo tierra, ocre, verde oscuro y azul profundo; con motivos geométricos combinados como motivo principal; orientación radial; composición mixta; simetría asimétrica.",c4382d9c30186e69bf9a82ad02657b048f87e5fd55a1e316619c556ffd06705b
HNQ-V2_030,29,HNC-V2_030-P03,3,V2_030,SEM-395AFC2FCA575E5C,id,mixed_asymmetric,alto,TPL_01,hard_negative,false,0,composition,symmetry,mixta,bandas,1,counterfactual_only,false,false,,,0,multicolor_tierra,motivos geométricos combinados,mixta,mixta,asimétrica,multicolor_tierra,motivos geométricos combinados,mixta,bandas,asimétrica,"Patrón geométrico sintético con paleta rojo tierra, ocre, verde oscuro y azul profundo; con motivos geométricos combinados como motivo principal; orientación mixta; composición en bandas; simetría asimétrica.",f0ffacfb57a73944efcc471a2ced18a336123842ea8d048fc2ab18aa2cfe1323
HNQ-V2_030,29,HNC-V2_030-P04,4,V2_030,SEM-395AFC2FCA575E5C,id,mixed_asymmetric,alto,TPL_01,hard_negative,false,0,palette_id,symmetry,multicolor_tierra,verde_ocre_crema,1,global_overlap,true,true,V2_041,SEM-7182256D7B84CB51,1,multicolor_tierra,motivos geométricos combinados,mixta,mixta,asimétrica,verde_ocre_crema,motivos geométricos combinados,mixta,mixta,asimétrica,"Patrón geométrico sintético con paleta verde, ocre y crema; con motivos geométricos combinados como motivo principal; orientación mixta; composición mixta; simetría asimétrica.",c60b8c606a3ff5bdf5529ba8bf73574360bac5e286140c561cc562573207af94
HNQ-V2_030,29,HNC-V2_030-P05,5,V2_030,SEM-395AFC2FCA575E5C,id,mixed_asymmetric,alto,TPL_01,positive,true,1,,symmetry,,,0,not_applicable,true,false,V2_030,SEM-395AFC2FCA575E5C,1,multicolor_tierra,motivos geométricos combinados,mixta,mixta,asimétrica,multicolor_tierra,motivos geométricos combinados,mixta,mixta,asimétrica,"Patrón geométrico sintético con paleta rojo tierra, ocre, verde oscuro y azul profundo; con motivos geométricos combinados como motivo principal; orientación mixta; composición mixta; simetría asimétrica.",c65695c9b8c5e56efbbc0543cc69db2c19b69afda0923318baec8a1408b0cb31
HNQ-V2_031,30,HNC-V2_031-P01,1,V2_031,SEM-5385CECF3CA2ED7C,ood_palette,bands_horizontal,bajo,TPL_01,hard_negative,false,0,composition,palette_id,bandas,central,1,counterfactual_only,false,false,,,0,verde_ocre_crema,bandas geométricas,horizontal,bandas,repetitiva,verde_ocre_crema,bandas geométricas,horizontal,central,repetitiva,"Patrón geométrico sintético con paleta verde, ocre y crema; con bandas geométricas como motivo principal; orientación horizontal; composición central; simetría repetitiva.",0845b6ff3e4ce0d67ea6f3d01bf26540041199c8f3aff39eb2a32792b2051466
HNQ-V2_031,30,HNC-V2_031-P02,2,V2_031,SEM-5385CECF3CA2ED7C,ood_palette,bands_horizontal,bajo,TPL_01,hard_negative,false,0,symmetry,palette_id,repetitiva,bilateral,1,counterfactual_only,false,false,,,0,verde_ocre_crema,bandas geométricas,horizontal,bandas,repetitiva,verde_ocre_crema,bandas geométricas,horizontal,bandas,bilateral,"Patrón geométrico sintético con paleta verde, ocre y crema; con bandas geométricas como motivo principal; orientación horizontal; composición en bandas; simetría bilateral.",ad1bbcead4f1276739ed20c946704ff9c86df60d1691b1713d94e8ab260dc99f
HNQ-V2_031,30,HNC-V2_031-P03,3,V2_031,SEM-5385CECF3CA2ED7C,ood_palette,bands_horizontal,bajo,TPL_01,positive,true,1,,palette_id,,,0,not_applicable,true,false,V2_031,SEM-5385CECF3CA2ED7C,1,verde_ocre_crema,bandas geométricas,horizontal,bandas,repetitiva,verde_ocre_crema,bandas geométricas,horizontal,bandas,repetitiva,"Patrón geométrico sintético con paleta verde, ocre y crema; con bandas geométricas como motivo principal; orientación horizontal; composición en bandas; simetría repetitiva.",4510181f3d572f5916240991ce97faa61283b0617927b7c6dce23528054a1d1b
HNQ-V2_031,30,HNC-V2_031-P04,4,V2_031,SEM-5385CECF3CA2ED7C,ood_palette,bands_horizontal,bajo,TPL_01,hard_negative,false,0,motif,palette_id,bandas geométricas,rombos,1,counterfactual_only,false,false,,,0,verde_ocre_crema,bandas geométricas,horizontal,bandas,repetitiva,verde_ocre_crema,rombos,horizontal,bandas,repetitiva,"Patrón geométrico sintético con paleta verde, ocre y crema; con rombos como motivo principal; orientación horizontal; composición en bandas; simetría repetitiva.",4afc9caae55fc157526962b6414beebda1bf19f38ac7a97fadca68cab87d5e4b
HNQ-V2_031,30,HNC-V2_031-P05,5,V2_031,SEM-5385CECF3CA2ED7C,ood_palette,bands_horizontal,bajo,TPL_01,hard_negative,false,0,orientation,palette_id,horizontal,vertical,1,global_overlap,true,true,V2_033,SEM-5B7B82044BDAE8EB,1,verde_ocre_crema,bandas geométricas,horizontal,bandas,repetitiva,verde_ocre_crema,bandas geométricas,vertical,bandas,repetitiva,"Patrón geométrico sintético con paleta verde, ocre y crema; con bandas geométricas como motivo principal; orientación vertical; composición en bandas; simetría repetitiva.",4efc5614dbfbf2c48a2cc7f23b125eee642aef36ccadad100adfb2ac507c51da
HNQ-V2_032,31,HNC-V2_032-P01,1,V2_032,SEM-EBDDE1D48F194248,ood_palette,bands_horizontal,bajo,TPL_01,hard_negative,false,0,symmetry,motif,repetitiva,bilateral,1,counterfactual_only,false,false,,,0,morado_gris_rosa,bandas geométricas,horizontal,bandas,repetitiva,morado_gris_rosa,bandas geométricas,horizontal,bandas,bilateral,"Patrón geométrico sintético con paleta morado, gris y rosa; con bandas geométricas como motivo principal; orientación horizontal; composición en bandas; simetría bilateral.",a6982cba2fed8623ff0189ac689b50754c39415d4c27c19a002bc6a6533aa489
HNQ-V2_032,31,HNC-V2_032-P02,2,V2_032,SEM-EBDDE1D48F194248,ood_palette,bands_horizontal,bajo,TPL_01,hard_negative,false,0,palette_id,motif,morado_gris_rosa,rojo_negro_crema,1,global_overlap,true,true,V2_001,SEM-726372BFFF43534D,1,morado_gris_rosa,bandas geométricas,horizontal,bandas,repetitiva,rojo_negro_crema,bandas geométricas,horizontal,bandas,repetitiva,"Patrón geométrico sintético con paleta rojo oscuro, negro y crema; con bandas geométricas como motivo principal; orientación horizontal; composición en bandas; simetría repetitiva.",84e939eafb084dff790f0fdfd595d80103765300bc417b615c202737f4f6129c
HNQ-V2_032,31,HNC-V2_032-P03,3,V2_032,SEM-EBDDE1D48F194248,ood_palette,bands_horizontal,bajo,TPL_01,hard_negative,false,0,orientation,motif,horizontal,vertical,1,global_overlap,true,true,V2_034,SEM-E53EDC29A9BA52BC,1,morado_gris_rosa,bandas geométricas,horizontal,bandas,repetitiva,morado_gris_rosa,bandas geométricas,vertical,bandas,repetitiva,"Patrón geométrico sintético con paleta morado, gris y rosa; con bandas geométricas como motivo principal; orientación vertical; composición en bandas; simetría repetitiva.",fa7af82166dcadf35dc8f6f238b44b7620fb0c53a9e07fb018ccf6dce78a9e6a
HNQ-V2_032,31,HNC-V2_032-P04,4,V2_032,SEM-EBDDE1D48F194248,ood_palette,bands_horizontal,bajo,TPL_01,hard_negative,false,0,composition,motif,bandas,central,1,counterfactual_only,false,false,,,0,morado_gris_rosa,bandas geométricas,horizontal,bandas,repetitiva,morado_gris_rosa,bandas geométricas,horizontal,central,repetitiva,"Patrón geométrico sintético con paleta morado, gris y rosa; con bandas geométricas como motivo principal; orientación horizontal; composición central; simetría repetitiva.",bd2de88897adb85d58fffe7f6a8f1b77cf3f42015d0ad98ca77617ee2c72c643
HNQ-V2_032,31,HNC-V2_032-P05,5,V2_032,SEM-EBDDE1D48F194248,ood_palette,bands_horizontal,bajo,TPL_01,positive,true,1,,motif,,,0,not_applicable,true,false,V2_032,SEM-EBDDE1D48F194248,1,morado_gris_rosa,bandas geométricas,horizontal,bandas,repetitiva,morado_gris_rosa,bandas geométricas,horizontal,bandas,repetitiva,"Patrón geométrico sintético con paleta morado, gris y rosa; con bandas geométricas como motivo principal; orientación horizontal; composición en bandas; simetría repetitiva.",50d1669c92f44c0006f228030bca2d4bc83208eddccf6a376430fb06e27dc528
HNQ-V2_033,32,HNC-V2_033-P01,1,V2_033,SEM-5B7B82044BDAE8EB,ood_palette,bands_vertical,bajo,TPL_01,hard_negative,false,0,palette_id,orientation,verde_ocre_crema,morado_gris_rosa,1,global_overlap,true,true,V2_034,SEM-E53EDC29A9BA52BC,1,verde_ocre_crema,bandas geométricas,vertical,bandas,repetitiva,morado_gris_rosa,bandas geométricas,vertical,bandas,repetitiva,"Patrón geométrico sintético con paleta morado, gris y rosa; con bandas geométricas como motivo principal; orientación vertical; composición en bandas; simetría repetitiva.",fa7af82166dcadf35dc8f6f238b44b7620fb0c53a9e07fb018ccf6dce78a9e6a
HNQ-V2_033,32,HNC-V2_033-P02,2,V2_033,SEM-5B7B82044BDAE8EB,ood_palette,bands_vertical,bajo,TPL_01,positive,true,1,,orientation,,,0,not_applicable,true,false,V2_033,SEM-5B7B82044BDAE8EB,1,verde_ocre_crema,bandas geométricas,vertical,bandas,repetitiva,verde_ocre_crema,bandas geométricas,vertical,bandas,repetitiva,"Patrón geométrico sintético con paleta verde, ocre y crema; con bandas geométricas como motivo principal; orientación vertical; composición en bandas; simetría repetitiva.",4efc5614dbfbf2c48a2cc7f23b125eee642aef36ccadad100adfb2ac507c51da
HNQ-V2_033,32,HNC-V2_033-P03,3,V2_033,SEM-5B7B82044BDAE8EB,ood_palette,bands_vertical,bajo,TPL_01,hard_negative,false,0,motif,orientation,bandas geométricas,rombos,1,counterfactual_only,false,false,,,0,verde_ocre_crema,bandas geométricas,vertical,bandas,repetitiva,verde_ocre_crema,rombos,vertical,bandas,repetitiva,"Patrón geométrico sintético con paleta verde, ocre y crema; con rombos como motivo principal; orientación vertical; composición en bandas; simetría repetitiva.",dab4cb27ba25809334596ca88b41902f0f06cf5f34c6428ea40b79b9f96a296f
HNQ-V2_033,32,HNC-V2_033-P04,4,V2_033,SEM-5B7B82044BDAE8EB,ood_palette,bands_vertical,bajo,TPL_01,hard_negative,false,0,composition,orientation,bandas,central,1,counterfactual_only,false,false,,,0,verde_ocre_crema,bandas geométricas,vertical,bandas,repetitiva,verde_ocre_crema,bandas geométricas,vertical,central,repetitiva,"Patrón geométrico sintético con paleta verde, ocre y crema; con bandas geométricas como motivo principal; orientación vertical; composición central; simetría repetitiva.",9efa154b6c67e5528968a0b5bc3298d0af8676b59c5c8db6e6676d451630598d
HNQ-V2_033,32,HNC-V2_033-P05,5,V2_033,SEM-5B7B82044BDAE8EB,ood_palette,bands_vertical,bajo,TPL_01,hard_negative,false,0,symmetry,orientation,repetitiva,bilateral,1,counterfactual_only,false,false,,,0,verde_ocre_crema,bandas geométricas,vertical,bandas,repetitiva,verde_ocre_crema,bandas geométricas,vertical,bandas,bilateral,"Patrón geométrico sintético con paleta verde, ocre y crema; con bandas geométricas como motivo principal; orientación vertical; composición en bandas; simetría bilateral.",cc9b470ceddd8b91ff158f09358d12414b4e894b5710994292ba7a83e0563a0f
HNQ-V2_034,33,HNC-V2_034-P01,1,V2_034,SEM-E53EDC29A9BA52BC,ood_palette,bands_vertical,bajo,TPL_01,hard_negative,false,0,motif,composition,bandas geométricas,rombos,1,counterfactual_only,false,false,,,0,morado_gris_rosa,bandas geométricas,vertical,bandas,repetitiva,morado_gris_rosa,rombos,vertical,bandas,repetitiva,"Patrón geométrico sintético con paleta morado, gris y rosa; con rombos como motivo principal; orientación vertical; composición en bandas; simetría repetitiva.",e02ce0f4c51466a456766a91f275e372bac15f242df3470901779304236489e3
HNQ-V2_034,33,HNC-V2_034-P02,2,V2_034,SEM-E53EDC29A9BA52BC,ood_palette,bands_vertical,bajo,TPL_01,hard_negative,false,0,orientation,composition,vertical,diagonal,1,counterfactual_only,false,false,,,0,morado_gris_rosa,bandas geométricas,vertical,bandas,repetitiva,morado_gris_rosa,bandas geométricas,diagonal,bandas,repetitiva,"Patrón geométrico sintético con paleta morado, gris y rosa; con bandas geométricas como motivo principal; orientación diagonal; composición en bandas; simetría repetitiva.",b40cfc3011045612df705b45af3d85577c4b1c5b2f125f3f79296468bd8e9581
HNQ-V2_034,33,HNC-V2_034-P03,3,V2_034,SEM-E53EDC29A9BA52BC,ood_palette,bands_vertical,bajo,TPL_01,hard_negative,false,0,symmetry,composition,repetitiva,bilateral,1,counterfactual_only,false,false,,,0,morado_gris_rosa,bandas geométricas,vertical,bandas,repetitiva,morado_gris_rosa,bandas geométricas,vertical,bandas,bilateral,"Patrón geométrico sintético con paleta morado, gris y rosa; con bandas geométricas como motivo principal; orientación vertical; composición en bandas; simetría bilateral.",aa8f3c8fa97cdecd6a55f0e6dd44af239b62ab91d15e2734fd206848ae4422f6
HNQ-V2_034,33,HNC-V2_034-P04,4,V2_034,SEM-E53EDC29A9BA52BC,ood_palette,bands_vertical,bajo,TPL_01,positive,true,1,,composition,,,0,not_applicable,true,false,V2_034,SEM-E53EDC29A9BA52BC,1,morado_gris_rosa,bandas geométricas,vertical,bandas,repetitiva,morado_gris_rosa,bandas geométricas,vertical,bandas,repetitiva,"Patrón geométrico sintético con paleta morado, gris y rosa; con bandas geométricas como motivo principal; orientación vertical; composición en bandas; simetría repetitiva.",fa7af82166dcadf35dc8f6f238b44b7620fb0c53a9e07fb018ccf6dce78a9e6a
HNQ-V2_034,33,HNC-V2_034-P05,5,V2_034,SEM-E53EDC29A9BA52BC,ood_palette,bands_vertical,bajo,TPL_01,hard_negative,false,0,palette_id,composition,morado_gris_rosa,rojo_negro_crema,1,global_overlap,true,true,V2_006,SEM-4699702E8A447735,1,morado_gris_rosa,bandas geométricas,vertical,bandas,repetitiva,rojo_negro_crema,bandas geométricas,vertical,bandas,repetitiva,"Patrón geométrico sintético con paleta rojo oscuro, negro y crema; con bandas geométricas como motivo principal; orientación vertical; composición en bandas; simetría repetitiva.",37c6aa35b8bf15ef1b40b8c44f46fbadd2a5395736edae7ce78c85e8abf72787
HNQ-V2_035,34,HNC-V2_035-P01,1,V2_035,SEM-FFE7DFAAFAF2AC61,ood_palette,diamonds_central,medio,TPL_01,positive,true,1,,symmetry,,,0,not_applicable,true,false,V2_035,SEM-FFE7DFAAFAF2AC61,1,verde_ocre_crema,rombos,diagonal,central,bilateral,verde_ocre_crema,rombos,diagonal,central,bilateral,"Patrón geométrico sintético con paleta verde, ocre y crema; con rombos como motivo principal; orientación diagonal; composición central; simetría bilateral.",f5b328ee55d76417a0832dbec1d09000eaddedbb27f019bb621466551e5c21d5
HNQ-V2_035,34,HNC-V2_035-P02,2,V2_035,SEM-FFE7DFAAFAF2AC61,ood_palette,diamonds_central,medio,TPL_01,hard_negative,false,0,orientation,symmetry,diagonal,bidireccional,1,counterfactual_only,false,false,,,0,verde_ocre_crema,rombos,diagonal,central,bilateral,verde_ocre_crema,rombos,bidireccional,central,bilateral,"Patrón geométrico sintético con paleta verde, ocre y crema; con rombos como motivo principal; orientación bidireccional; composición central; simetría bilateral.",81e0ea3040e5c902caeaef2b7f5886239645c86086f4c9db87da4756ea10aa0d
HNQ-V2_035,34,HNC-V2_035-P03,3,V2_035,SEM-FFE7DFAAFAF2AC61,ood_palette,diamonds_central,medio,TPL_01,hard_negative,false,0,composition,symmetry,central,modular,1,counterfactual_only,false,false,,,0,verde_ocre_crema,rombos,diagonal,central,bilateral,verde_ocre_crema,rombos,diagonal,modular,bilateral,"Patrón geométrico sintético con paleta verde, ocre y crema; con rombos como motivo principal; orientación diagonal; composición modular; simetría bilateral.",0c19752ada1f4dddc4082e24c108eacc0b7041fcbc7cc05e9e8caf2a43962b55
HNQ-V2_035,34,HNC-V2_035-P04,4,V2_035,SEM-FFE7DFAAFAF2AC61,ood_palette,diamonds_central,medio,TPL_01,hard_negative,false,0,palette_id,symmetry,verde_ocre_crema,morado_gris_rosa,1,global_overlap,true,true,V2_036,SEM-A391BDC002181DD1,1,verde_ocre_crema,rombos,diagonal,central,bilateral,morado_gris_rosa,rombos,diagonal,central,bilateral,"Patrón geométrico sintético con paleta morado, gris y rosa; con rombos como motivo principal; orientación diagonal; composición central; simetría bilateral.",59a66d29753f5d5a554eefee908236f22e03d38bd586077b77a5433f27c8037e
HNQ-V2_035,34,HNC-V2_035-P05,5,V2_035,SEM-FFE7DFAAFAF2AC61,ood_palette,diamonds_central,medio,TPL_01,hard_negative,false,0,motif,symmetry,rombos,grecas escalonadas,1,counterfactual_only,false,false,,,0,verde_ocre_crema,rombos,diagonal,central,bilateral,verde_ocre_crema,grecas escalonadas,diagonal,central,bilateral,"Patrón geométrico sintético con paleta verde, ocre y crema; con grecas escalonadas como motivo principal; orientación diagonal; composición central; simetría bilateral.",488a92a0d563242240fdef62a7d43c99e8ed70ddfcc30efed516fc205f16a0c3
HNQ-V2_036,35,HNC-V2_036-P01,1,V2_036,SEM-A391BDC002181DD1,ood_palette,diamonds_central,medio,TPL_01,hard_negative,false,0,symmetry,palette_id,bilateral,asimétrica,1,counterfactual_only,false,false,,,0,morado_gris_rosa,rombos,diagonal,central,bilateral,morado_gris_rosa,rombos,diagonal,central,asimétrica,"Patrón geométrico sintético con paleta morado, gris y rosa; con rombos como motivo principal; orientación diagonal; composición central; simetría asimétrica.",9d1db1ff8fcc86a099ba77fd36033f08dcaf641541d2f117177cf3bc5bc30c16
HNQ-V2_036,35,HNC-V2_036-P02,2,V2_036,SEM-A391BDC002181DD1,ood_palette,diamonds_central,medio,TPL_01,hard_negative,false,0,motif,palette_id,rombos,grecas escalonadas,1,counterfactual_only,false,false,,,0,morado_gris_rosa,rombos,diagonal,central,bilateral,morado_gris_rosa,grecas escalonadas,diagonal,central,bilateral,"Patrón geométrico sintético con paleta morado, gris y rosa; con grecas escalonadas como motivo principal; orientación diagonal; composición central; simetría bilateral.",02712e0d8afdd93cfa4635e8dfdd21d8f17cd794b6e0e9905b58c1312c63ac11
HNQ-V2_036,35,HNC-V2_036-P03,3,V2_036,SEM-A391BDC002181DD1,ood_palette,diamonds_central,medio,TPL_01,hard_negative,false,0,orientation,palette_id,diagonal,bidireccional,1,counterfactual_only,false,false,,,0,morado_gris_rosa,rombos,diagonal,central,bilateral,morado_gris_rosa,rombos,bidireccional,central,bilateral,"Patrón geométrico sintético con paleta morado, gris y rosa; con rombos como motivo principal; orientación bidireccional; composición central; simetría bilateral.",13c46a3e1d12fdac90ff956a167b57a191c027b867883574df77057e0fce40e7
HNQ-V2_036,35,HNC-V2_036-P04,4,V2_036,SEM-A391BDC002181DD1,ood_palette,diamonds_central,medio,TPL_01,positive,true,1,,palette_id,,,0,not_applicable,true,false,V2_036,SEM-A391BDC002181DD1,1,morado_gris_rosa,rombos,diagonal,central,bilateral,morado_gris_rosa,rombos,diagonal,central,bilateral,"Patrón geométrico sintético con paleta morado, gris y rosa; con rombos como motivo principal; orientación diagonal; composición central; simetría bilateral.",59a66d29753f5d5a554eefee908236f22e03d38bd586077b77a5433f27c8037e
HNQ-V2_036,35,HNC-V2_036-P05,5,V2_036,SEM-A391BDC002181DD1,ood_palette,diamonds_central,medio,TPL_01,hard_negative,false,0,composition,palette_id,central,modular,1,counterfactual_only,false,false,,,0,morado_gris_rosa,rombos,diagonal,central,bilateral,morado_gris_rosa,rombos,diagonal,modular,bilateral,"Patrón geométrico sintético con paleta morado, gris y rosa; con rombos como motivo principal; orientación diagonal; composición modular; simetría bilateral.",a38df17784a6e7600b1355153300ddd2ad743bb78124ab1e34637a2a27be1843
HNQ-V2_037,36,HNC-V2_037-P01,1,V2_037,SEM-5300F3F8950CB672,ood_palette,grecas_modular,medio,TPL_01,positive,true,1,,motif,,,0,not_applicable,true,false,V2_037,SEM-5300F3F8950CB672,1,verde_ocre_crema,grecas escalonadas,horizontal,modular,repetitiva,verde_ocre_crema,grecas escalonadas,horizontal,modular,repetitiva,"Patrón geométrico sintético con paleta verde, ocre y crema; con grecas escalonadas como motivo principal; orientación horizontal; composición modular; simetría repetitiva.",53ea6ccd54778020b27c560c3c89cf1e36839745deca5ffdfc25615e39e311b5
HNQ-V2_037,36,HNC-V2_037-P02,2,V2_037,SEM-5300F3F8950CB672,ood_palette,grecas_modular,medio,TPL_01,hard_negative,false,0,palette_id,motif,verde_ocre_crema,morado_gris_rosa,1,global_overlap,true,true,V2_038,SEM-2D499E7E496213F7,1,verde_ocre_crema,grecas escalonadas,horizontal,modular,repetitiva,morado_gris_rosa,grecas escalonadas,horizontal,modular,repetitiva,"Patrón geométrico sintético con paleta morado, gris y rosa; con grecas escalonadas como motivo principal; orientación horizontal; composición modular; simetría repetitiva.",7a3a69264437240b0a8f80cf34a148b8c1ead03045d1876177e27866967ca340
HNQ-V2_037,36,HNC-V2_037-P03,3,V2_037,SEM-5300F3F8950CB672,ood_palette,grecas_modular,medio,TPL_01,hard_negative,false,0,orientation,motif,horizontal,vertical,1,counterfactual_only,false,false,,,0,verde_ocre_crema,grecas escalonadas,horizontal,modular,repetitiva,verde_ocre_crema,grecas escalonadas,vertical,modular,repetitiva,"Patrón geométrico sintético con paleta verde, ocre y crema; con grecas escalonadas como motivo principal; orientación vertical; composición modular; simetría repetitiva.",7c53b22c5107103fdc3125b0dabdd16ce128eb29f28bc1540ed24d3289a5ac75
HNQ-V2_037,36,HNC-V2_037-P04,4,V2_037,SEM-5300F3F8950CB672,ood_palette,grecas_modular,medio,TPL_01,hard_negative,false,0,composition,motif,modular,reticular,1,counterfactual_only,false,false,,,0,verde_ocre_crema,grecas escalonadas,horizontal,modular,repetitiva,verde_ocre_crema,grecas escalonadas,horizontal,reticular,repetitiva,"Patrón geométrico sintético con paleta verde, ocre y crema; con grecas escalonadas como motivo principal; orientación horizontal; composición reticular; simetría repetitiva.",4039d1fb7e0a37df21f393092a3cbe7b1da90c88fd1a2ef710220f5b86d609f8
HNQ-V2_037,36,HNC-V2_037-P05,5,V2_037,SEM-5300F3F8950CB672,ood_palette,grecas_modular,medio,TPL_01,hard_negative,false,0,symmetry,motif,repetitiva,bilateral,1,counterfactual_only,false,false,,,0,verde_ocre_crema,grecas escalonadas,horizontal,modular,repetitiva,verde_ocre_crema,grecas escalonadas,horizontal,modular,bilateral,"Patrón geométrico sintético con paleta verde, ocre y crema; con grecas escalonadas como motivo principal; orientación horizontal; composición modular; simetría bilateral.",1bcf8e2d83fdd11d4e62fd70cbadb40b42ebb4923e5b3b1d1d0fb520b3422fac
HNQ-V2_038,37,HNC-V2_038-P01,1,V2_038,SEM-2D499E7E496213F7,ood_palette,grecas_modular,medio,TPL_01,hard_negative,false,0,motif,orientation,grecas escalonadas,cuadrícula geométrica,1,counterfactual_only,false,false,,,0,morado_gris_rosa,grecas escalonadas,horizontal,modular,repetitiva,morado_gris_rosa,cuadrícula geométrica,horizontal,modular,repetitiva,"Patrón geométrico sintético con paleta morado, gris y rosa; con una cuadrícula geométrica como motivo principal; orientación horizontal; composición modular; simetría repetitiva.",ac1774582c4d4cb5994d1969d9e853ad926620fa61abc2190cb7e252fb56ddc5
HNQ-V2_038,37,HNC-V2_038-P02,2,V2_038,SEM-2D499E7E496213F7,ood_palette,grecas_modular,medio,TPL_01,hard_negative,false,0,composition,orientation,modular,reticular,1,counterfactual_only,false,false,,,0,morado_gris_rosa,grecas escalonadas,horizontal,modular,repetitiva,morado_gris_rosa,grecas escalonadas,horizontal,reticular,repetitiva,"Patrón geométrico sintético con paleta morado, gris y rosa; con grecas escalonadas como motivo principal; orientación horizontal; composición reticular; simetría repetitiva.",79650e346b2cdac1a190b477da3beee1ae8e770f844671b16b9a62d6984151c6
HNQ-V2_038,37,HNC-V2_038-P03,3,V2_038,SEM-2D499E7E496213F7,ood_palette,grecas_modular,medio,TPL_01,positive,true,1,,orientation,,,0,not_applicable,true,false,V2_038,SEM-2D499E7E496213F7,1,morado_gris_rosa,grecas escalonadas,horizontal,modular,repetitiva,morado_gris_rosa,grecas escalonadas,horizontal,modular,repetitiva,"Patrón geométrico sintético con paleta morado, gris y rosa; con grecas escalonadas como motivo principal; orientación horizontal; composición modular; simetría repetitiva.",7a3a69264437240b0a8f80cf34a148b8c1ead03045d1876177e27866967ca340
HNQ-V2_038,37,HNC-V2_038-P04,4,V2_038,SEM-2D499E7E496213F7,ood_palette,grecas_modular,medio,TPL_01,hard_negative,false,0,symmetry,orientation,repetitiva,bilateral,1,counterfactual_only,false,false,,,0,morado_gris_rosa,grecas escalonadas,horizontal,modular,repetitiva,morado_gris_rosa,grecas escalonadas,horizontal,modular,bilateral,"Patrón geométrico sintético con paleta morado, gris y rosa; con grecas escalonadas como motivo principal; orientación horizontal; composición modular; simetría bilateral.",4e247a5ff044011871f681eb8a6c6fdac111d73ef11328f2deb8738897dd8071
HNQ-V2_038,37,HNC-V2_038-P05,5,V2_038,SEM-2D499E7E496213F7,ood_palette,grecas_modular,medio,TPL_01,hard_negative,false,0,palette_id,orientation,morado_gris_rosa,rojo_negro_crema,1,global_overlap,true,true,V2_016,SEM-1F7D0D80E51AE939,1,morado_gris_rosa,grecas escalonadas,horizontal,modular,repetitiva,rojo_negro_crema,grecas escalonadas,horizontal,modular,repetitiva,"Patrón geométrico sintético con paleta rojo oscuro, negro y crema; con grecas escalonadas como motivo principal; orientación horizontal; composición modular; simetría repetitiva.",5596e7f79a991d55c35de03a66475134cd34012da62e520cdaff3096be423c7a
HNQ-V2_039,38,HNC-V2_039-P01,1,V2_039,SEM-99B04CC5A7706E4B,ood_palette,grid_reticular,bajo,TPL_01,hard_negative,false,0,orientation,composition,bidireccional,mixta,1,counterfactual_only,false,false,,,0,verde_ocre_crema,cuadrícula geométrica,bidireccional,reticular,repetitiva,verde_ocre_crema,cuadrícula geométrica,mixta,reticular,repetitiva,"Patrón geométrico sintético con paleta verde, ocre y crema; con una cuadrícula geométrica como motivo principal; orientación mixta; composición reticular; simetría repetitiva.",f38a3154b0db3fc2efd5f221f052a441a49a2f745452d44c2a979b42cd4ae18b
HNQ-V2_039,38,HNC-V2_039-P02,2,V2_039,SEM-99B04CC5A7706E4B,ood_palette,grid_reticular,bajo,TPL_01,hard_negative,false,0,symmetry,composition,repetitiva,bilateral,1,counterfactual_only,false,false,,,0,verde_ocre_crema,cuadrícula geométrica,bidireccional,reticular,repetitiva,verde_ocre_crema,cuadrícula geométrica,bidireccional,reticular,bilateral,"Patrón geométrico sintético con paleta verde, ocre y crema; con una cuadrícula geométrica como motivo principal; orientación bidireccional; composición reticular; simetría bilateral.",649a3af6d0608e160de19ed83a64a882ff095365857759224e7879c40de13e5f
HNQ-V2_039,38,HNC-V2_039-P03,3,V2_039,SEM-99B04CC5A7706E4B,ood_palette,grid_reticular,bajo,TPL_01,hard_negative,false,0,palette_id,composition,verde_ocre_crema,morado_gris_rosa,1,global_overlap,true,true,V2_040,SEM-55B6A0B004427F80,1,verde_ocre_crema,cuadrícula geométrica,bidireccional,reticular,repetitiva,morado_gris_rosa,cuadrícula geométrica,bidireccional,reticular,repetitiva,"Patrón geométrico sintético con paleta morado, gris y rosa; con una cuadrícula geométrica como motivo principal; orientación bidireccional; composición reticular; simetría repetitiva.",1f462166cf8a7691ba722bbc9556479c452e7156ed974dc177cad9c91f4400b6
HNQ-V2_039,38,HNC-V2_039-P04,4,V2_039,SEM-99B04CC5A7706E4B,ood_palette,grid_reticular,bajo,TPL_01,hard_negative,false,0,motif,composition,cuadrícula geométrica,motivos geométricos combinados,1,counterfactual_only,false,false,,,0,verde_ocre_crema,cuadrícula geométrica,bidireccional,reticular,repetitiva,verde_ocre_crema,motivos geométricos combinados,bidireccional,reticular,repetitiva,"Patrón geométrico sintético con paleta verde, ocre y crema; con motivos geométricos combinados como motivo principal; orientación bidireccional; composición reticular; simetría repetitiva.",058bd66af8580ae784d0290669d9e9ce1136ec9544cf03f515288770b9f914fb
HNQ-V2_039,38,HNC-V2_039-P05,5,V2_039,SEM-99B04CC5A7706E4B,ood_palette,grid_reticular,bajo,TPL_01,positive,true,1,,composition,,,0,not_applicable,true,false,V2_039,SEM-99B04CC5A7706E4B,1,verde_ocre_crema,cuadrícula geométrica,bidireccional,reticular,repetitiva,verde_ocre_crema,cuadrícula geométrica,bidireccional,reticular,repetitiva,"Patrón geométrico sintético con paleta verde, ocre y crema; con una cuadrícula geométrica como motivo principal; orientación bidireccional; composición reticular; simetría repetitiva.",3087651e8e65d01367942d9bf9777f1640e9bb2dbea74741258efdb516d700ea
HNQ-V2_040,39,HNC-V2_040-P01,1,V2_040,SEM-55B6A0B004427F80,ood_palette,grid_reticular,bajo,TPL_01,hard_negative,false,0,composition,symmetry,reticular,mixta,1,counterfactual_only,false,false,,,0,morado_gris_rosa,cuadrícula geométrica,bidireccional,reticular,repetitiva,morado_gris_rosa,cuadrícula geométrica,bidireccional,mixta,repetitiva,"Patrón geométrico sintético con paleta morado, gris y rosa; con una cuadrícula geométrica como motivo principal; orientación bidireccional; composición mixta; simetría repetitiva.",705e4eab294ce6acc0a7499437637dff86ce9608a921d6bb41b670daf4a381cf
HNQ-V2_040,39,HNC-V2_040-P02,2,V2_040,SEM-55B6A0B004427F80,ood_palette,grid_reticular,bajo,TPL_01,positive,true,1,,symmetry,,,0,not_applicable,true,false,V2_040,SEM-55B6A0B004427F80,1,morado_gris_rosa,cuadrícula geométrica,bidireccional,reticular,repetitiva,morado_gris_rosa,cuadrícula geométrica,bidireccional,reticular,repetitiva,"Patrón geométrico sintético con paleta morado, gris y rosa; con una cuadrícula geométrica como motivo principal; orientación bidireccional; composición reticular; simetría repetitiva.",1f462166cf8a7691ba722bbc9556479c452e7156ed974dc177cad9c91f4400b6
HNQ-V2_040,39,HNC-V2_040-P03,3,V2_040,SEM-55B6A0B004427F80,ood_palette,grid_reticular,bajo,TPL_01,hard_negative,false,0,palette_id,symmetry,morado_gris_rosa,rojo_negro_crema,1,global_overlap,true,true,V2_021,SEM-C35EEC4AAFF32C4A,1,morado_gris_rosa,cuadrícula geométrica,bidireccional,reticular,repetitiva,rojo_negro_crema,cuadrícula geométrica,bidireccional,reticular,repetitiva,"Patrón geométrico sintético con paleta rojo oscuro, negro y crema; con una cuadrícula geométrica como motivo principal; orientación bidireccional; composición reticular; simetría repetitiva.",c8f0ecae7756eead137dd868ed807273b0722696cb014331464a69d7c76fcebc
HNQ-V2_040,39,HNC-V2_040-P04,4,V2_040,SEM-55B6A0B004427F80,ood_palette,grid_reticular,bajo,TPL_01,hard_negative,false,0,motif,symmetry,cuadrícula geométrica,motivos geométricos combinados,1,counterfactual_only,false,false,,,0,morado_gris_rosa,cuadrícula geométrica,bidireccional,reticular,repetitiva,morado_gris_rosa,motivos geométricos combinados,bidireccional,reticular,repetitiva,"Patrón geométrico sintético con paleta morado, gris y rosa; con motivos geométricos combinados como motivo principal; orientación bidireccional; composición reticular; simetría repetitiva.",9b7ae346474fd4f42eac1cde6a7b19e64f5bdd2462a8fd9ba989202c0b6ec4e3
HNQ-V2_040,39,HNC-V2_040-P05,5,V2_040,SEM-55B6A0B004427F80,ood_palette,grid_reticular,bajo,TPL_01,hard_negative,false,0,orientation,symmetry,bidireccional,mixta,1,counterfactual_only,false,false,,,0,morado_gris_rosa,cuadrícula geométrica,bidireccional,reticular,repetitiva,morado_gris_rosa,cuadrícula geométrica,mixta,reticular,repetitiva,"Patrón geométrico sintético con paleta morado, gris y rosa; con una cuadrícula geométrica como motivo principal; orientación mixta; composición reticular; simetría repetitiva.",e4ce39f1af53532c681842c8912f0cc0c6894ac926f35c2469d9919c41d5fb07
HNQ-V2_041,40,HNC-V2_041-P01,1,V2_041,SEM-7182256D7B84CB51,ood_palette,mixed_asymmetric,alto,TPL_01,hard_negative,false,0,motif,palette_id,motivos geométricos combinados,chevrones,1,counterfactual_only,false,false,,,0,verde_ocre_crema,motivos geométricos combinados,mixta,mixta,asimétrica,verde_ocre_crema,chevrones,mixta,mixta,asimétrica,"Patrón geométrico sintético con paleta verde, ocre y crema; con chevrones como motivo principal; orientación mixta; composición mixta; simetría asimétrica.",e3775535e324a341840705c25165a8ad8f85ae6dbb1f12b1721357474195e7af
HNQ-V2_041,40,HNC-V2_041-P02,2,V2_041,SEM-7182256D7B84CB51,ood_palette,mixed_asymmetric,alto,TPL_01,hard_negative,false,0,orientation,palette_id,mixta,radial,1,counterfactual_only,false,false,,,0,verde_ocre_crema,motivos geométricos combinados,mixta,mixta,asimétrica,verde_ocre_crema,motivos geométricos combinados,radial,mixta,asimétrica,"Patrón geométrico sintético con paleta verde, ocre y crema; con motivos geométricos combinados como motivo principal; orientación radial; composición mixta; simetría asimétrica.",199876e223f264814b4c29f8415b5f1c478cef7ce4f26ea4b210b50dca655bad
HNQ-V2_041,40,HNC-V2_041-P03,3,V2_041,SEM-7182256D7B84CB51,ood_palette,mixed_asymmetric,alto,TPL_01,hard_negative,false,0,composition,palette_id,mixta,bandas,1,counterfactual_only,false,false,,,0,verde_ocre_crema,motivos geométricos combinados,mixta,mixta,asimétrica,verde_ocre_crema,motivos geométricos combinados,mixta,bandas,asimétrica,"Patrón geométrico sintético con paleta verde, ocre y crema; con motivos geométricos combinados como motivo principal; orientación mixta; composición en bandas; simetría asimétrica.",3c36f7b8f3cce8dbc8045d1c38ebd918a6c69e4bd675a5deb2dba34c8b55da4b
HNQ-V2_041,40,HNC-V2_041-P04,4,V2_041,SEM-7182256D7B84CB51,ood_palette,mixed_asymmetric,alto,TPL_01,hard_negative,false,0,symmetry,palette_id,asimétrica,radial,1,counterfactual_only,false,false,,,0,verde_ocre_crema,motivos geométricos combinados,mixta,mixta,asimétrica,verde_ocre_crema,motivos geométricos combinados,mixta,mixta,radial,"Patrón geométrico sintético con paleta verde, ocre y crema; con motivos geométricos combinados como motivo principal; orientación mixta; composición mixta; simetría radial.",54583edc1c9fe83ce15aa0d01609c87fa2779df691eff25d9b915239c0e2f490
HNQ-V2_041,40,HNC-V2_041-P05,5,V2_041,SEM-7182256D7B84CB51,ood_palette,mixed_asymmetric,alto,TPL_01,positive,true,1,,palette_id,,,0,not_applicable,true,false,V2_041,SEM-7182256D7B84CB51,1,verde_ocre_crema,motivos geométricos combinados,mixta,mixta,asimétrica,verde_ocre_crema,motivos geométricos combinados,mixta,mixta,asimétrica,"Patrón geométrico sintético con paleta verde, ocre y crema; con motivos geométricos combinados como motivo principal; orientación mixta; composición mixta; simetría asimétrica.",c60b8c606a3ff5bdf5529ba8bf73574360bac5e286140c561cc562573207af94
HNQ-V2_042,41,HNC-V2_042-P01,1,V2_042,SEM-E7CF6ADDFBA2B989,ood_palette,mixed_asymmetric,alto,TPL_01,hard_negative,false,0,orientation,motif,mixta,radial,1,counterfactual_only,false,false,,,0,morado_gris_rosa,motivos geométricos combinados,mixta,mixta,asimétrica,morado_gris_rosa,motivos geométricos combinados,radial,mixta,asimétrica,"Patrón geométrico sintético con paleta morado, gris y rosa; con motivos geométricos combinados como motivo principal; orientación radial; composición mixta; simetría asimétrica.",b901b31d085410c7f90f1c54d8430fff0579acdf83b5a405883671651c0f3f3c
HNQ-V2_042,41,HNC-V2_042-P02,2,V2_042,SEM-E7CF6ADDFBA2B989,ood_palette,mixed_asymmetric,alto,TPL_01,positive,true,1,,motif,,,0,not_applicable,true,false,V2_042,SEM-E7CF6ADDFBA2B989,1,morado_gris_rosa,motivos geométricos combinados,mixta,mixta,asimétrica,morado_gris_rosa,motivos geométricos combinados,mixta,mixta,asimétrica,"Patrón geométrico sintético con paleta morado, gris y rosa; con motivos geométricos combinados como motivo principal; orientación mixta; composición mixta; simetría asimétrica.",70c2544b4163e555da9186db77dd9f9bb946d413a2eb437ceda65f14677f27ef
HNQ-V2_042,41,HNC-V2_042-P03,3,V2_042,SEM-E7CF6ADDFBA2B989,ood_palette,mixed_asymmetric,alto,TPL_01,hard_negative,false,0,composition,motif,mixta,bandas,1,counterfactual_only,false,false,,,0,morado_gris_rosa,motivos geométricos combinados,mixta,mixta,asimétrica,morado_gris_rosa,motivos geométricos combinados,mixta,bandas,asimétrica,"Patrón geométrico sintético con paleta morado, gris y rosa; con motivos geométricos combinados como motivo principal; orientación mixta; composición en bandas; simetría asimétrica.",1ae4f2bce6a1445ea1ab9533b586e39e68ca9bb18e44c12eb4f4f81f5e72ce3c
HNQ-V2_042,41,HNC-V2_042-P04,4,V2_042,SEM-E7CF6ADDFBA2B989,ood_palette,mixed_asymmetric,alto,TPL_01,hard_negative,false,0,symmetry,motif,asimétrica,radial,1,counterfactual_only,false,false,,,0,morado_gris_rosa,motivos geométricos combinados,mixta,mixta,asimétrica,morado_gris_rosa,motivos geométricos combinados,mixta,mixta,radial,"Patrón geométrico sintético con paleta morado, gris y rosa; con motivos geométricos combinados como motivo principal; orientación mixta; composición mixta; simetría radial.",e4bac224e7238d49fbbe5109efc6c54b69cb1592fc4ee1a622d1e6621808554c
HNQ-V2_042,41,HNC-V2_042-P05,5,V2_042,SEM-E7CF6ADDFBA2B989,ood_palette,mixed_asymmetric,alto,TPL_01,hard_negative,false,0,palette_id,motif,morado_gris_rosa,rojo_negro_crema,1,global_overlap,true,true,V2_026,SEM-13F83CA2D0998B44,1,morado_gris_rosa,motivos geométricos combinados,mixta,mixta,asimétrica,rojo_negro_crema,motivos geométricos combinados,mixta,mixta,asimétrica,"Patrón geométrico sintético con paleta rojo oscuro, negro y crema; con motivos geométricos combinados como motivo principal; orientación mixta; composición mixta; simetría asimétrica.",88ffc688ebfa4a8905abd903dd6dba411e41be5fba1b0971ead046691410d20b
HNQ-V2_043,42,HNC-V2_043-P01,1,V2_043,SEM-56C4D842DA98D20F,ood_pattern,chevrons_diagonal,medio,TPL_01,hard_negative,false,0,composition,orientation,bandas,central,1,counterfactual_only,false,false,,,0,rojo_negro_crema,chevrones,diagonal,bandas,repetitiva,rojo_negro_crema,chevrones,diagonal,central,repetitiva,"Patrón geométrico sintético con paleta rojo oscuro, negro y crema; con chevrones como motivo principal; orientación diagonal; composición central; simetría repetitiva.",38f3e9c8d103a8c77aff75e39f4a5dc532ff33f989d3bc94fd2690c7f6136825
HNQ-V2_043,42,HNC-V2_043-P02,2,V2_043,SEM-56C4D842DA98D20F,ood_pattern,chevrons_diagonal,medio,TPL_01,hard_negative,false,0,symmetry,orientation,repetitiva,bilateral,1,counterfactual_only,false,false,,,0,rojo_negro_crema,chevrones,diagonal,bandas,repetitiva,rojo_negro_crema,chevrones,diagonal,bandas,bilateral,"Patrón geométrico sintético con paleta rojo oscuro, negro y crema; con chevrones como motivo principal; orientación diagonal; composición en bandas; simetría bilateral.",8bda9229ed9f94d8edc136401f88b81e9888b49d80227ab94a65f0776f51f14b
HNQ-V2_043,42,HNC-V2_043-P03,3,V2_043,SEM-56C4D842DA98D20F,ood_pattern,chevrons_diagonal,medio,TPL_01,hard_negative,false,0,palette_id,orientation,rojo_negro_crema,azul_crema_marron,1,global_overlap,true,true,V2_044,SEM-14E04EF9E89810AE,1,rojo_negro_crema,chevrones,diagonal,bandas,repetitiva,azul_crema_marron,chevrones,diagonal,bandas,repetitiva,"Patrón geométrico sintético con paleta azul profundo, crema y marrón; con chevrones como motivo principal; orientación diagonal; composición en bandas; simetría repetitiva.",c68e76bb0dc9a71280de37bca17e98a2e4721106626878c46ad86ef8d2942c85
HNQ-V2_043,42,HNC-V2_043-P04,4,V2_043,SEM-56C4D842DA98D20F,ood_pattern,chevrons_diagonal,medio,TPL_01,positive,true,1,,orientation,,,0,not_applicable,true,false,V2_043,SEM-56C4D842DA98D20F,1,rojo_negro_crema,chevrones,diagonal,bandas,repetitiva,rojo_negro_crema,chevrones,diagonal,bandas,repetitiva,"Patrón geométrico sintético con paleta rojo oscuro, negro y crema; con chevrones como motivo principal; orientación diagonal; composición en bandas; simetría repetitiva.",f4cc115002cf51ad1cc0d526932ea10e5d138d19577da83950471d8c71479722
HNQ-V2_043,42,HNC-V2_043-P05,5,V2_043,SEM-56C4D842DA98D20F,ood_pattern,chevrons_diagonal,medio,TPL_01,hard_negative,false,0,motif,orientation,chevrones,círculos concéntricos,1,counterfactual_only,false,false,,,0,rojo_negro_crema,chevrones,diagonal,bandas,repetitiva,rojo_negro_crema,círculos concéntricos,diagonal,bandas,repetitiva,"Patrón geométrico sintético con paleta rojo oscuro, negro y crema; con círculos concéntricos como motivo principal; orientación diagonal; composición en bandas; simetría repetitiva.",8b294cc07f7b209f03800fa3f3aad61037cb0e4f11291cd5b7563e418a882dc3
HNQ-V2_044,43,HNC-V2_044-P01,1,V2_044,SEM-14E04EF9E89810AE,ood_pattern,chevrons_diagonal,medio,TPL_01,positive,true,1,,composition,,,0,not_applicable,true,false,V2_044,SEM-14E04EF9E89810AE,1,azul_crema_marron,chevrones,diagonal,bandas,repetitiva,azul_crema_marron,chevrones,diagonal,bandas,repetitiva,"Patrón geométrico sintético con paleta azul profundo, crema y marrón; con chevrones como motivo principal; orientación diagonal; composición en bandas; simetría repetitiva.",c68e76bb0dc9a71280de37bca17e98a2e4721106626878c46ad86ef8d2942c85
HNQ-V2_044,43,HNC-V2_044-P02,2,V2_044,SEM-14E04EF9E89810AE,ood_pattern,chevrons_diagonal,medio,TPL_01,hard_negative,false,0,symmetry,composition,repetitiva,bilateral,1,counterfactual_only,false,false,,,0,azul_crema_marron,chevrones,diagonal,bandas,repetitiva,azul_crema_marron,chevrones,diagonal,bandas,bilateral,"Patrón geométrico sintético con paleta azul profundo, crema y marrón; con chevrones como motivo principal; orientación diagonal; composición en bandas; simetría bilateral.",9bb03366d4b7de23f994e39d0421da9f915a727b60e28df15aba4a72f08d656d
HNQ-V2_044,43,HNC-V2_044-P03,3,V2_044,SEM-14E04EF9E89810AE,ood_pattern,chevrons_diagonal,medio,TPL_01,hard_negative,false,0,palette_id,composition,azul_crema_marron,ocre_marron_negro,1,global_overlap,true,true,V2_045,SEM-65762749FD7D9D05,1,azul_crema_marron,chevrones,diagonal,bandas,repetitiva,ocre_marron_negro,chevrones,diagonal,bandas,repetitiva,"Patrón geométrico sintético con paleta ocre, marrón y negro; con chevrones como motivo principal; orientación diagonal; composición en bandas; simetría repetitiva.",ffa3b35e1620293ad83ed6a0a85b0155ca08a415cc1d6866f47a06183b442c40
HNQ-V2_044,43,HNC-V2_044-P04,4,V2_044,SEM-14E04EF9E89810AE,ood_pattern,chevrons_diagonal,medio,TPL_01,hard_negative,false,0,motif,composition,chevrones,círculos concéntricos,1,counterfactual_only,false,false,,,0,azul_crema_marron,chevrones,diagonal,bandas,repetitiva,azul_crema_marron,círculos concéntricos,diagonal,bandas,repetitiva,"Patrón geométrico sintético con paleta azul profundo, crema y marrón; con círculos concéntricos como motivo principal; orientación diagonal; composición en bandas; simetría repetitiva.",89735e95cc978040dc57709bf3e5af12b2dcaa21dac7eef6e7d4a6f7358d0b1a
HNQ-V2_044,43,HNC-V2_044-P05,5,V2_044,SEM-14E04EF9E89810AE,ood_pattern,chevrons_diagonal,medio,TPL_01,hard_negative,false,0,orientation,composition,diagonal,bidireccional,1,counterfactual_only,false,false,,,0,azul_crema_marron,chevrones,diagonal,bandas,repetitiva,azul_crema_marron,chevrones,bidireccional,bandas,repetitiva,"Patrón geométrico sintético con paleta azul profundo, crema y marrón; con chevrones como motivo principal; orientación bidireccional; composición en bandas; simetría repetitiva.",6d325c0af7878f2c33ba85b427b9f4847b53c7ab423e708feb884078473e66b2
HNQ-V2_045,44,HNC-V2_045-P01,1,V2_045,SEM-65762749FD7D9D05,ood_pattern,chevrons_diagonal,medio,TPL_01,hard_negative,false,0,palette_id,symmetry,ocre_marron_negro,blanco_negro_gris,1,global_overlap,true,true,V2_046,SEM-C6432B9E4CDBB5A7,1,ocre_marron_negro,chevrones,diagonal,bandas,repetitiva,blanco_negro_gris,chevrones,diagonal,bandas,repetitiva,"Patrón geométrico sintético con paleta blanco, negro y gris; con chevrones como motivo principal; orientación diagonal; composición en bandas; simetría repetitiva.",8458cda99f235a09333259dd1804143d78b84949e28014c0c3399491847b0f9a
HNQ-V2_045,44,HNC-V2_045-P02,2,V2_045,SEM-65762749FD7D9D05,ood_pattern,chevrons_diagonal,medio,TPL_01,hard_negative,false,0,motif,symmetry,chevrones,círculos concéntricos,1,counterfactual_only,false,false,,,0,ocre_marron_negro,chevrones,diagonal,bandas,repetitiva,ocre_marron_negro,círculos concéntricos,diagonal,bandas,repetitiva,"Patrón geométrico sintético con paleta ocre, marrón y negro; con círculos concéntricos como motivo principal; orientación diagonal; composición en bandas; simetría repetitiva.",21eff3179e3fb5614c0cf7029c955f91ed4f8d89522d8ebe52a1acd28e33cd9e
HNQ-V2_045,44,HNC-V2_045-P03,3,V2_045,SEM-65762749FD7D9D05,ood_pattern,chevrons_diagonal,medio,TPL_01,positive,true,1,,symmetry,,,0,not_applicable,true,false,V2_045,SEM-65762749FD7D9D05,1,ocre_marron_negro,chevrones,diagonal,bandas,repetitiva,ocre_marron_negro,chevrones,diagonal,bandas,repetitiva,"Patrón geométrico sintético con paleta ocre, marrón y negro; con chevrones como motivo principal; orientación diagonal; composición en bandas; simetría repetitiva.",ffa3b35e1620293ad83ed6a0a85b0155ca08a415cc1d6866f47a06183b442c40
HNQ-V2_045,44,HNC-V2_045-P04,4,V2_045,SEM-65762749FD7D9D05,ood_pattern,chevrons_diagonal,medio,TPL_01,hard_negative,false,0,orientation,symmetry,diagonal,bidireccional,1,counterfactual_only,false,false,,,0,ocre_marron_negro,chevrones,diagonal,bandas,repetitiva,ocre_marron_negro,chevrones,bidireccional,bandas,repetitiva,"Patrón geométrico sintético con paleta ocre, marrón y negro; con chevrones como motivo principal; orientación bidireccional; composición en bandas; simetría repetitiva.",3a65322c407eef34e8a90981b78b4edde164d06872ae6a6a2b169fd95887f3b6
HNQ-V2_045,44,HNC-V2_045-P05,5,V2_045,SEM-65762749FD7D9D05,ood_pattern,chevrons_diagonal,medio,TPL_01,hard_negative,false,0,composition,symmetry,bandas,central,1,counterfactual_only,false,false,,,0,ocre_marron_negro,chevrones,diagonal,bandas,repetitiva,ocre_marron_negro,chevrones,diagonal,central,repetitiva,"Patrón geométrico sintético con paleta ocre, marrón y negro; con chevrones como motivo principal; orientación diagonal; composición central; simetría repetitiva.",463b74e587efac03775f874803ae7a7e54b4b7b30a603b9982464b67d6fbfc59
HNQ-V2_046,45,HNC-V2_046-P01,1,V2_046,SEM-C6432B9E4CDBB5A7,ood_pattern,chevrons_diagonal,medio,TPL_01,positive,true,1,,palette_id,,,0,not_applicable,true,false,V2_046,SEM-C6432B9E4CDBB5A7,1,blanco_negro_gris,chevrones,diagonal,bandas,repetitiva,blanco_negro_gris,chevrones,diagonal,bandas,repetitiva,"Patrón geométrico sintético con paleta blanco, negro y gris; con chevrones como motivo principal; orientación diagonal; composición en bandas; simetría repetitiva.",8458cda99f235a09333259dd1804143d78b84949e28014c0c3399491847b0f9a
HNQ-V2_046,45,HNC-V2_046-P02,2,V2_046,SEM-C6432B9E4CDBB5A7,ood_pattern,chevrons_diagonal,medio,TPL_01,hard_negative,false,0,orientation,palette_id,diagonal,bidireccional,1,counterfactual_only,false,false,,,0,blanco_negro_gris,chevrones,diagonal,bandas,repetitiva,blanco_negro_gris,chevrones,bidireccional,bandas,repetitiva,"Patrón geométrico sintético con paleta blanco, negro y gris; con chevrones como motivo principal; orientación bidireccional; composición en bandas; simetría repetitiva.",fd098a80dbb0749ccbb1d09526658ec89fb73446dafc7ec73fa9d2df024750d2
HNQ-V2_046,45,HNC-V2_046-P03,3,V2_046,SEM-C6432B9E4CDBB5A7,ood_pattern,chevrons_diagonal,medio,TPL_01,hard_negative,false,0,composition,palette_id,bandas,central,1,counterfactual_only,false,false,,,0,blanco_negro_gris,chevrones,diagonal,bandas,repetitiva,blanco_negro_gris,chevrones,diagonal,central,repetitiva,"Patrón geométrico sintético con paleta blanco, negro y gris; con chevrones como motivo principal; orientación diagonal; composición central; simetría repetitiva.",f01ce9c396e7e0232d30eb5ab6ecb704b91c49df5b380bd345847e9777886690
HNQ-V2_046,45,HNC-V2_046-P04,4,V2_046,SEM-C6432B9E4CDBB5A7,ood_pattern,chevrons_diagonal,medio,TPL_01,hard_negative,false,0,symmetry,palette_id,repetitiva,bilateral,1,counterfactual_only,false,false,,,0,blanco_negro_gris,chevrones,diagonal,bandas,repetitiva,blanco_negro_gris,chevrones,diagonal,bandas,bilateral,"Patrón geométrico sintético con paleta blanco, negro y gris; con chevrones como motivo principal; orientación diagonal; composición en bandas; simetría bilateral.",43a7830820094128b82ae78cdaa6891451ed7840475d2aeec6de31f9fda7c111
HNQ-V2_046,45,HNC-V2_046-P05,5,V2_046,SEM-C6432B9E4CDBB5A7,ood_pattern,chevrons_diagonal,medio,TPL_01,hard_negative,false,0,motif,palette_id,chevrones,círculos concéntricos,1,counterfactual_only,false,false,,,0,blanco_negro_gris,chevrones,diagonal,bandas,repetitiva,blanco_negro_gris,círculos concéntricos,diagonal,bandas,repetitiva,"Patrón geométrico sintético con paleta blanco, negro y gris; con círculos concéntricos como motivo principal; orientación diagonal; composición en bandas; simetría repetitiva.",c4897cd748167ca6a4c257d1ca65fdf8ffcf3c93501e44044e7860d8f93c9452
HNQ-V2_047,46,HNC-V2_047-P01,1,V2_047,SEM-2FFA4D814BEBCF16,ood_pattern,chevrons_diagonal,medio,TPL_01,hard_negative,false,0,composition,motif,bandas,central,1,counterfactual_only,false,false,,,0,multicolor_tierra,chevrones,diagonal,bandas,repetitiva,multicolor_tierra,chevrones,diagonal,central,repetitiva,"Patrón geométrico sintético con paleta rojo tierra, ocre, verde oscuro y azul profundo; con chevrones como motivo principal; orientación diagonal; composición central; simetría repetitiva.",cff58be37f5da2d70a05d21472bf3c6bd46ebac2f67f26e6769e6847b7f8dfb0
HNQ-V2_047,46,HNC-V2_047-P02,2,V2_047,SEM-2FFA4D814BEBCF16,ood_pattern,chevrons_diagonal,medio,TPL_01,hard_negative,false,0,symmetry,motif,repetitiva,bilateral,1,counterfactual_only,false,false,,,0,multicolor_tierra,chevrones,diagonal,bandas,repetitiva,multicolor_tierra,chevrones,diagonal,bandas,bilateral,"Patrón geométrico sintético con paleta rojo tierra, ocre, verde oscuro y azul profundo; con chevrones como motivo principal; orientación diagonal; composición en bandas; simetría bilateral.",8c7a646629b0ea70543feb74446958ded9e6ad1294be43edf02b64c1e686bafb
HNQ-V2_047,46,HNC-V2_047-P03,3,V2_047,SEM-2FFA4D814BEBCF16,ood_pattern,chevrons_diagonal,medio,TPL_01,positive,true,1,,motif,,,0,not_applicable,true,false,V2_047,SEM-2FFA4D814BEBCF16,1,multicolor_tierra,chevrones,diagonal,bandas,repetitiva,multicolor_tierra,chevrones,diagonal,bandas,repetitiva,"Patrón geométrico sintético con paleta rojo tierra, ocre, verde oscuro y azul profundo; con chevrones como motivo principal; orientación diagonal; composición en bandas; simetría repetitiva.",a3febae583d475fbb0e1fb7daf417fe57d0300d291691336fca53771173e0833
HNQ-V2_047,46,HNC-V2_047-P04,4,V2_047,SEM-2FFA4D814BEBCF16,ood_pattern,chevrons_diagonal,medio,TPL_01,hard_negative,false,0,palette_id,motif,multicolor_tierra,verde_ocre_crema,1,global_overlap,true,true,V2_053,SEM-20B860903E0F0C0C,1,multicolor_tierra,chevrones,diagonal,bandas,repetitiva,verde_ocre_crema,chevrones,diagonal,bandas,repetitiva,"Patrón geométrico sintético con paleta verde, ocre y crema; con chevrones como motivo principal; orientación diagonal; composición en bandas; simetría repetitiva.",dd04b21f1a98658a1b12b9bad10754851cd8c71b7a9e1c24d07b5b5456ff3a53
HNQ-V2_047,46,HNC-V2_047-P05,5,V2_047,SEM-2FFA4D814BEBCF16,ood_pattern,chevrons_diagonal,medio,TPL_01,hard_negative,false,0,orientation,motif,diagonal,bidireccional,1,counterfactual_only,false,false,,,0,multicolor_tierra,chevrones,diagonal,bandas,repetitiva,multicolor_tierra,chevrones,bidireccional,bandas,repetitiva,"Patrón geométrico sintético con paleta rojo tierra, ocre, verde oscuro y azul profundo; con chevrones como motivo principal; orientación bidireccional; composición en bandas; simetría repetitiva.",3cd911a354cde11feeaec5bb5603b776e539668755843b1a4746d87770699487
HNQ-V2_048,47,HNC-V2_048-P01,1,V2_048,SEM-EE8AABF8E6A4B9F8,ood_pattern,circles_concentric,bajo,TPL_01,hard_negative,false,0,symmetry,orientation,radial,repetitiva,1,counterfactual_only,false,false,,,0,rojo_negro_crema,círculos concéntricos,radial,central,radial,rojo_negro_crema,círculos concéntricos,radial,central,repetitiva,"Patrón geométrico sintético con paleta rojo oscuro, negro y crema; con círculos concéntricos como motivo principal; orientación radial; composición central; simetría repetitiva.",7499d410ac26a3955475c7e0ad022167b085d0643ced21fbcf13b8e874a693ce
HNQ-V2_048,47,HNC-V2_048-P02,2,V2_048,SEM-EE8AABF8E6A4B9F8,ood_pattern,circles_concentric,bajo,TPL_01,hard_negative,false,0,palette_id,orientation,rojo_negro_crema,azul_crema_marron,1,global_overlap,true,true,V2_049,SEM-6D37CFF774A2170A,1,rojo_negro_crema,círculos concéntricos,radial,central,radial,azul_crema_marron,círculos concéntricos,radial,central,radial,"Patrón geométrico sintético con paleta azul profundo, crema y marrón; con círculos concéntricos como motivo principal; orientación radial; composición central; simetría radial.",d93991e1a84f4831cd5c46f044fcabbc1c2d5a2c65770d3070dd086f9e809c59
HNQ-V2_048,47,HNC-V2_048-P03,3,V2_048,SEM-EE8AABF8E6A4B9F8,ood_pattern,circles_concentric,bajo,TPL_01,hard_negative,false,0,motif,orientation,círculos concéntricos,bandas geométricas,1,counterfactual_only,false,false,,,0,rojo_negro_crema,círculos concéntricos,radial,central,radial,rojo_negro_crema,bandas geométricas,radial,central,radial,"Patrón geométrico sintético con paleta rojo oscuro, negro y crema; con bandas geométricas como motivo principal; orientación radial; composición central; simetría radial.",cf21b1ced0c471eab42a14af3a6111ca2dfe8bf86d9f3244079854a3c0987938
HNQ-V2_048,47,HNC-V2_048-P04,4,V2_048,SEM-EE8AABF8E6A4B9F8,ood_pattern,circles_concentric,bajo,TPL_01,hard_negative,false,0,composition,orientation,central,modular,1,counterfactual_only,false,false,,,0,rojo_negro_crema,círculos concéntricos,radial,central,radial,rojo_negro_crema,círculos concéntricos,radial,modular,radial,"Patrón geométrico sintético con paleta rojo oscuro, negro y crema; con círculos concéntricos como motivo principal; orientación radial; composición modular; simetría radial.",cdf01ab3ca8abdbeb15d10980d645932729251013490fc1f4e1db649f485b298
HNQ-V2_048,47,HNC-V2_048-P05,5,V2_048,SEM-EE8AABF8E6A4B9F8,ood_pattern,circles_concentric,bajo,TPL_01,positive,true,1,,orientation,,,0,not_applicable,true,false,V2_048,SEM-EE8AABF8E6A4B9F8,1,rojo_negro_crema,círculos concéntricos,radial,central,radial,rojo_negro_crema,círculos concéntricos,radial,central,radial,"Patrón geométrico sintético con paleta rojo oscuro, negro y crema; con círculos concéntricos como motivo principal; orientación radial; composición central; simetría radial.",9db3f3d330a54ba166b679a1fbedbea2905f22cd717ece391b8c80d973966920
HNQ-V2_049,48,HNC-V2_049-P01,1,V2_049,SEM-6D37CFF774A2170A,ood_pattern,circles_concentric,bajo,TPL_01,hard_negative,false,0,palette_id,composition,azul_crema_marron,ocre_marron_negro,1,global_overlap,true,true,V2_050,SEM-FC6C9490A1241F7A,1,azul_crema_marron,círculos concéntricos,radial,central,radial,ocre_marron_negro,círculos concéntricos,radial,central,radial,"Patrón geométrico sintético con paleta ocre, marrón y negro; con círculos concéntricos como motivo principal; orientación radial; composición central; simetría radial.",eadccd64750d26774289758cf5bf605c36c4fc1ea79af7cb9ef1c4cc72424520
HNQ-V2_049,48,HNC-V2_049-P02,2,V2_049,SEM-6D37CFF774A2170A,ood_pattern,circles_concentric,bajo,TPL_01,positive,true,1,,composition,,,0,not_applicable,true,false,V2_049,SEM-6D37CFF774A2170A,1,azul_crema_marron,círculos concéntricos,radial,central,radial,azul_crema_marron,círculos concéntricos,radial,central,radial,"Patrón geométrico sintético con paleta azul profundo, crema y marrón; con círculos concéntricos como motivo principal; orientación radial; composición central; simetría radial.",d93991e1a84f4831cd5c46f044fcabbc1c2d5a2c65770d3070dd086f9e809c59
HNQ-V2_049,48,HNC-V2_049-P03,3,V2_049,SEM-6D37CFF774A2170A,ood_pattern,circles_concentric,bajo,TPL_01,hard_negative,false,0,motif,composition,círculos concéntricos,bandas geométricas,1,counterfactual_only,false,false,,,0,azul_crema_marron,círculos concéntricos,radial,central,radial,azul_crema_marron,bandas geométricas,radial,central,radial,"Patrón geométrico sintético con paleta azul profundo, crema y marrón; con bandas geométricas como motivo principal; orientación radial; composición central; simetría radial.",7e0e247b9c65df1eeaa35db6652fe6a138ed640ffdde6a2c15f8f031bd2a7e97
HNQ-V2_049,48,HNC-V2_049-P04,4,V2_049,SEM-6D37CFF774A2170A,ood_pattern,circles_concentric,bajo,TPL_01,hard_negative,false,0,orientation,composition,radial,horizontal,1,counterfactual_only,false,false,,,0,azul_crema_marron,círculos concéntricos,radial,central,radial,azul_crema_marron,círculos concéntricos,horizontal,central,radial,"Patrón geométrico sintético con paleta azul profundo, crema y marrón; con círculos concéntricos como motivo principal; orientación horizontal; composición central; simetría radial.",23b2524ccbc18f790b648a778bdc5c43a743e65dc93e5e8e071c7bd3aca8027b
HNQ-V2_049,48,HNC-V2_049-P05,5,V2_049,SEM-6D37CFF774A2170A,ood_pattern,circles_concentric,bajo,TPL_01,hard_negative,false,0,symmetry,composition,radial,repetitiva,1,counterfactual_only,false,false,,,0,azul_crema_marron,círculos concéntricos,radial,central,radial,azul_crema_marron,círculos concéntricos,radial,central,repetitiva,"Patrón geométrico sintético con paleta azul profundo, crema y marrón; con círculos concéntricos como motivo principal; orientación radial; composición central; simetría repetitiva.",6814563fdb1c43bbdc5496b38a0576cbfeecb473dd84f5209f58e6fc85b25d92
HNQ-V2_050,49,HNC-V2_050-P01,1,V2_050,SEM-FC6C9490A1241F7A,ood_pattern,circles_concentric,bajo,TPL_01,hard_negative,false,0,motif,symmetry,círculos concéntricos,bandas geométricas,1,counterfactual_only,false,false,,,0,ocre_marron_negro,círculos concéntricos,radial,central,radial,ocre_marron_negro,bandas geométricas,radial,central,radial,"Patrón geométrico sintético con paleta ocre, marrón y negro; con bandas geométricas como motivo principal; orientación radial; composición central; simetría radial.",fbf3b66a8906716b64160c909705fdc7db3bc2d4d43be07773e77afaa1cf17f1
HNQ-V2_050,49,HNC-V2_050-P02,2,V2_050,SEM-FC6C9490A1241F7A,ood_pattern,circles_concentric,bajo,TPL_01,hard_negative,false,0,orientation,symmetry,radial,horizontal,1,counterfactual_only,false,false,,,0,ocre_marron_negro,círculos concéntricos,radial,central,radial,ocre_marron_negro,círculos concéntricos,horizontal,central,radial,"Patrón geométrico sintético con paleta ocre, marrón y negro; con círculos concéntricos como motivo principal; orientación horizontal; composición central; simetría radial.",82a327b17e60de3cab7af8a21c6b5c8b4ca214dc7f3e3090f9fab690ce069b56
HNQ-V2_050,49,HNC-V2_050-P03,3,V2_050,SEM-FC6C9490A1241F7A,ood_pattern,circles_concentric,bajo,TPL_01,hard_negative,false,0,composition,symmetry,central,modular,1,counterfactual_only,false,false,,,0,ocre_marron_negro,círculos concéntricos,radial,central,radial,ocre_marron_negro,círculos concéntricos,radial,modular,radial,"Patrón geométrico sintético con paleta ocre, marrón y negro; con círculos concéntricos como motivo principal; orientación radial; composición modular; simetría radial.",5fe1ba4cfe376db6cb337562fdfcb29bb39a352729218c9956b72be251cae2fb
HNQ-V2_050,49,HNC-V2_050-P04,4,V2_050,SEM-FC6C9490A1241F7A,ood_pattern,circles_concentric,bajo,TPL_01,positive,true,1,,symmetry,,,0,not_applicable,true,false,V2_050,SEM-FC6C9490A1241F7A,1,ocre_marron_negro,círculos concéntricos,radial,central,radial,ocre_marron_negro,círculos concéntricos,radial,central,radial,"Patrón geométrico sintético con paleta ocre, marrón y negro; con círculos concéntricos como motivo principal; orientación radial; composición central; simetría radial.",eadccd64750d26774289758cf5bf605c36c4fc1ea79af7cb9ef1c4cc72424520
HNQ-V2_050,49,HNC-V2_050-P05,5,V2_050,SEM-FC6C9490A1241F7A,ood_pattern,circles_concentric,bajo,TPL_01,hard_negative,false,0,palette_id,symmetry,ocre_marron_negro,blanco_negro_gris,1,global_overlap,true,true,V2_051,SEM-0920FB69B33089FA,1,ocre_marron_negro,círculos concéntricos,radial,central,radial,blanco_negro_gris,círculos concéntricos,radial,central,radial,"Patrón geométrico sintético con paleta blanco, negro y gris; con círculos concéntricos como motivo principal; orientación radial; composición central; simetría radial.",64b08b926cd2d739b7787d2d5da8946bc0a18259e95d0d7a8e87150477df66e1
HNQ-V2_051,50,HNC-V2_051-P01,1,V2_051,SEM-0920FB69B33089FA,ood_pattern,circles_concentric,bajo,TPL_01,hard_negative,false,0,composition,palette_id,central,modular,1,counterfactual_only,false,false,,,0,blanco_negro_gris,círculos concéntricos,radial,central,radial,blanco_negro_gris,círculos concéntricos,radial,modular,radial,"Patrón geométrico sintético con paleta blanco, negro y gris; con círculos concéntricos como motivo principal; orientación radial; composición modular; simetría radial.",76bb6ff05b9ee3c5bce20efe4d86e6758ecbad80652397c27f52d0e880d82c6b
HNQ-V2_051,50,HNC-V2_051-P02,2,V2_051,SEM-0920FB69B33089FA,ood_pattern,circles_concentric,bajo,TPL_01,positive,true,1,,palette_id,,,0,not_applicable,true,false,V2_051,SEM-0920FB69B33089FA,1,blanco_negro_gris,círculos concéntricos,radial,central,radial,blanco_negro_gris,círculos concéntricos,radial,central,radial,"Patrón geométrico sintético con paleta blanco, negro y gris; con círculos concéntricos como motivo principal; orientación radial; composición central; simetría radial.",64b08b926cd2d739b7787d2d5da8946bc0a18259e95d0d7a8e87150477df66e1
HNQ-V2_051,50,HNC-V2_051-P03,3,V2_051,SEM-0920FB69B33089FA,ood_pattern,circles_concentric,bajo,TPL_01,hard_negative,false,0,symmetry,palette_id,radial,repetitiva,1,counterfactual_only,false,false,,,0,blanco_negro_gris,círculos concéntricos,radial,central,radial,blanco_negro_gris,círculos concéntricos,radial,central,repetitiva,"Patrón geométrico sintético con paleta blanco, negro y gris; con círculos concéntricos como motivo principal; orientación radial; composición central; simetría repetitiva.",cc44be2673da7716e08934bab57fb7273e73b96189b98be6b4a3de0138b9b4d9
HNQ-V2_051,50,HNC-V2_051-P04,4,V2_051,SEM-0920FB69B33089FA,ood_pattern,circles_concentric,bajo,TPL_01,hard_negative,false,0,motif,palette_id,círculos concéntricos,bandas geométricas,1,counterfactual_only,false,false,,,0,blanco_negro_gris,círculos concéntricos,radial,central,radial,blanco_negro_gris,bandas geométricas,radial,central,radial,"Patrón geométrico sintético con paleta blanco, negro y gris; con bandas geométricas como motivo principal; orientación radial; composición central; simetría radial.",bb3be71c28aec34248bf61c4985938445b58cccc6b496104d47efb4833f03726
HNQ-V2_051,50,HNC-V2_051-P05,5,V2_051,SEM-0920FB69B33089FA,ood_pattern,circles_concentric,bajo,TPL_01,hard_negative,false,0,orientation,palette_id,radial,horizontal,1,counterfactual_only,false,false,,,0,blanco_negro_gris,círculos concéntricos,radial,central,radial,blanco_negro_gris,círculos concéntricos,horizontal,central,radial,"Patrón geométrico sintético con paleta blanco, negro y gris; con círculos concéntricos como motivo principal; orientación horizontal; composición central; simetría radial.",e12ab95607fc5767dbc2266bd40d5ed85984a534c4b2f3dece10cf1b519ec674
HNQ-V2_052,51,HNC-V2_052-P01,1,V2_052,SEM-E1BF16D5596893CB,ood_pattern,circles_concentric,bajo,TPL_01,hard_negative,false,0,symmetry,motif,radial,repetitiva,1,counterfactual_only,false,false,,,0,multicolor_tierra,círculos concéntricos,radial,central,radial,multicolor_tierra,círculos concéntricos,radial,central,repetitiva,"Patrón geométrico sintético con paleta rojo tierra, ocre, verde oscuro y azul profundo; con círculos concéntricos como motivo principal; orientación radial; composición central; simetría repetitiva.",c3a920eca5521713040866d03218efa4cc02579364e61cce97546a9830e65c63
HNQ-V2_052,51,HNC-V2_052-P02,2,V2_052,SEM-E1BF16D5596893CB,ood_pattern,circles_concentric,bajo,TPL_01,hard_negative,false,0,palette_id,motif,multicolor_tierra,verde_ocre_crema,1,global_overlap,true,true,V2_055,SEM-B3C4DB2C1AD51CA9,1,multicolor_tierra,círculos concéntricos,radial,central,radial,verde_ocre_crema,círculos concéntricos,radial,central,radial,"Patrón geométrico sintético con paleta verde, ocre y crema; con círculos concéntricos como motivo principal; orientación radial; composición central; simetría radial.",96e1778a99b2fe138ff5de51396173808abc7fb76f1b0d89fa549f079c7f3e7b
HNQ-V2_052,51,HNC-V2_052-P03,3,V2_052,SEM-E1BF16D5596893CB,ood_pattern,circles_concentric,bajo,TPL_01,hard_negative,false,0,orientation,motif,radial,horizontal,1,counterfactual_only,false,false,,,0,multicolor_tierra,círculos concéntricos,radial,central,radial,multicolor_tierra,círculos concéntricos,horizontal,central,radial,"Patrón geométrico sintético con paleta rojo tierra, ocre, verde oscuro y azul profundo; con círculos concéntricos como motivo principal; orientación horizontal; composición central; simetría radial.",0986c84a841c6b33428ac9826385a996e6b62b089d79bec9fd2c837e43876b2e
HNQ-V2_052,51,HNC-V2_052-P04,4,V2_052,SEM-E1BF16D5596893CB,ood_pattern,circles_concentric,bajo,TPL_01,positive,true,1,,motif,,,0,not_applicable,true,false,V2_052,SEM-E1BF16D5596893CB,1,multicolor_tierra,círculos concéntricos,radial,central,radial,multicolor_tierra,círculos concéntricos,radial,central,radial,"Patrón geométrico sintético con paleta rojo tierra, ocre, verde oscuro y azul profundo; con círculos concéntricos como motivo principal; orientación radial; composición central; simetría radial.",78d65f3512d411f48ec934eebca7aeb660eb06be3912d44a1b7a96807c642b87
HNQ-V2_052,51,HNC-V2_052-P05,5,V2_052,SEM-E1BF16D5596893CB,ood_pattern,circles_concentric,bajo,TPL_01,hard_negative,false,0,composition,motif,central,modular,1,counterfactual_only,false,false,,,0,multicolor_tierra,círculos concéntricos,radial,central,radial,multicolor_tierra,círculos concéntricos,radial,modular,radial,"Patrón geométrico sintético con paleta rojo tierra, ocre, verde oscuro y azul profundo; con círculos concéntricos como motivo principal; orientación radial; composición modular; simetría radial.",a0e7b7aa6513fba81866a5bbe07c26261f8409395f616cded5ec1c7081c15cb3
HNQ-V2_053,52,HNC-V2_053-P01,1,V2_053,SEM-20B860903E0F0C0C,ood_both,chevrons_diagonal,medio,TPL_01,positive,true,1,,orientation,,,0,not_applicable,true,false,V2_053,SEM-20B860903E0F0C0C,1,verde_ocre_crema,chevrones,diagonal,bandas,repetitiva,verde_ocre_crema,chevrones,diagonal,bandas,repetitiva,"Patrón geométrico sintético con paleta verde, ocre y crema; con chevrones como motivo principal; orientación diagonal; composición en bandas; simetría repetitiva.",dd04b21f1a98658a1b12b9bad10754851cd8c71b7a9e1c24d07b5b5456ff3a53
HNQ-V2_053,52,HNC-V2_053-P02,2,V2_053,SEM-20B860903E0F0C0C,ood_both,chevrons_diagonal,medio,TPL_01,hard_negative,false,0,palette_id,orientation,verde_ocre_crema,morado_gris_rosa,1,global_overlap,true,true,V2_054,SEM-C4C38215AF96E506,1,verde_ocre_crema,chevrones,diagonal,bandas,repetitiva,morado_gris_rosa,chevrones,diagonal,bandas,repetitiva,"Patrón geométrico sintético con paleta morado, gris y rosa; con chevrones como motivo principal; orientación diagonal; composición en bandas; simetría repetitiva.",ec24925ee257f9be1947a4c573c1e19d5b24be66e5a3d5d4222a2feca5ab46af
HNQ-V2_053,52,HNC-V2_053-P03,3,V2_053,SEM-20B860903E0F0C0C,ood_both,chevrons_diagonal,medio,TPL_01,hard_negative,false,0,motif,orientation,chevrones,círculos concéntricos,1,counterfactual_only,false,false,,,0,verde_ocre_crema,chevrones,diagonal,bandas,repetitiva,verde_ocre_crema,círculos concéntricos,diagonal,bandas,repetitiva,"Patrón geométrico sintético con paleta verde, ocre y crema; con círculos concéntricos como motivo principal; orientación diagonal; composición en bandas; simetría repetitiva.",e85ca32ff90e849e40f170c7173eb8cade4edd4dcb5776bb0e0854d9701689a6
HNQ-V2_053,52,HNC-V2_053-P04,4,V2_053,SEM-20B860903E0F0C0C,ood_both,chevrons_diagonal,medio,TPL_01,hard_negative,false,0,composition,orientation,bandas,central,1,counterfactual_only,false,false,,,0,verde_ocre_crema,chevrones,diagonal,bandas,repetitiva,verde_ocre_crema,chevrones,diagonal,central,repetitiva,"Patrón geométrico sintético con paleta verde, ocre y crema; con chevrones como motivo principal; orientación diagonal; composición central; simetría repetitiva.",4e39f505d941799b967a12f77413059afc9c4953a0e85d47e16cf567c30c0794
HNQ-V2_053,52,HNC-V2_053-P05,5,V2_053,SEM-20B860903E0F0C0C,ood_both,chevrons_diagonal,medio,TPL_01,hard_negative,false,0,symmetry,orientation,repetitiva,bilateral,1,counterfactual_only,false,false,,,0,verde_ocre_crema,chevrones,diagonal,bandas,repetitiva,verde_ocre_crema,chevrones,diagonal,bandas,bilateral,"Patrón geométrico sintético con paleta verde, ocre y crema; con chevrones como motivo principal; orientación diagonal; composición en bandas; simetría bilateral.",6b1655b05a1581ad8ef89576583d6165eceaeb630e737b3bb74b31f7cb181780
HNQ-V2_054,53,HNC-V2_054-P01,1,V2_054,SEM-C4C38215AF96E506,ood_both,chevrons_diagonal,medio,TPL_01,hard_negative,false,0,motif,composition,chevrones,círculos concéntricos,1,counterfactual_only,false,false,,,0,morado_gris_rosa,chevrones,diagonal,bandas,repetitiva,morado_gris_rosa,círculos concéntricos,diagonal,bandas,repetitiva,"Patrón geométrico sintético con paleta morado, gris y rosa; con círculos concéntricos como motivo principal; orientación diagonal; composición en bandas; simetría repetitiva.",249ecf1c776cbc94f133d4f65de747629b25057aa342548f6533c27d462c161e
HNQ-V2_054,53,HNC-V2_054-P02,2,V2_054,SEM-C4C38215AF96E506,ood_both,chevrons_diagonal,medio,TPL_01,hard_negative,false,0,orientation,composition,diagonal,bidireccional,1,counterfactual_only,false,false,,,0,morado_gris_rosa,chevrones,diagonal,bandas,repetitiva,morado_gris_rosa,chevrones,bidireccional,bandas,repetitiva,"Patrón geométrico sintético con paleta morado, gris y rosa; con chevrones como motivo principal; orientación bidireccional; composición en bandas; simetría repetitiva.",1cea398cd14ca68763a1e50926732102984a249991555de6e7a56a3d15f1b30b
HNQ-V2_054,53,HNC-V2_054-P03,3,V2_054,SEM-C4C38215AF96E506,ood_both,chevrons_diagonal,medio,TPL_01,positive,true,1,,composition,,,0,not_applicable,true,false,V2_054,SEM-C4C38215AF96E506,1,morado_gris_rosa,chevrones,diagonal,bandas,repetitiva,morado_gris_rosa,chevrones,diagonal,bandas,repetitiva,"Patrón geométrico sintético con paleta morado, gris y rosa; con chevrones como motivo principal; orientación diagonal; composición en bandas; simetría repetitiva.",ec24925ee257f9be1947a4c573c1e19d5b24be66e5a3d5d4222a2feca5ab46af
HNQ-V2_054,53,HNC-V2_054-P04,4,V2_054,SEM-C4C38215AF96E506,ood_both,chevrons_diagonal,medio,TPL_01,hard_negative,false,0,symmetry,composition,repetitiva,bilateral,1,counterfactual_only,false,false,,,0,morado_gris_rosa,chevrones,diagonal,bandas,repetitiva,morado_gris_rosa,chevrones,diagonal,bandas,bilateral,"Patrón geométrico sintético con paleta morado, gris y rosa; con chevrones como motivo principal; orientación diagonal; composición en bandas; simetría bilateral.",357a0f1fdba5d22e0cfb26fa38ad3917bd2dc8bc51cc3847cdc317bd44f5d8eb
HNQ-V2_054,53,HNC-V2_054-P05,5,V2_054,SEM-C4C38215AF96E506,ood_both,chevrons_diagonal,medio,TPL_01,hard_negative,false,0,palette_id,composition,morado_gris_rosa,rojo_negro_crema,1,global_overlap,true,true,V2_043,SEM-56C4D842DA98D20F,1,morado_gris_rosa,chevrones,diagonal,bandas,repetitiva,rojo_negro_crema,chevrones,diagonal,bandas,repetitiva,"Patrón geométrico sintético con paleta rojo oscuro, negro y crema; con chevrones como motivo principal; orientación diagonal; composición en bandas; simetría repetitiva.",f4cc115002cf51ad1cc0d526932ea10e5d138d19577da83950471d8c71479722
HNQ-V2_055,54,HNC-V2_055-P01,1,V2_055,SEM-B3C4DB2C1AD51CA9,ood_both,circles_concentric,bajo,TPL_01,hard_negative,false,0,orientation,symmetry,radial,horizontal,1,counterfactual_only,false,false,,,0,verde_ocre_crema,círculos concéntricos,radial,central,radial,verde_ocre_crema,círculos concéntricos,horizontal,central,radial,"Patrón geométrico sintético con paleta verde, ocre y crema; con círculos concéntricos como motivo principal; orientación horizontal; composición central; simetría radial.",23a35eca30ef846ca03221935ab4b58ec808d0d60526aed1415a0a869521ee61
HNQ-V2_055,54,HNC-V2_055-P02,2,V2_055,SEM-B3C4DB2C1AD51CA9,ood_both,circles_concentric,bajo,TPL_01,hard_negative,false,0,composition,symmetry,central,modular,1,counterfactual_only,false,false,,,0,verde_ocre_crema,círculos concéntricos,radial,central,radial,verde_ocre_crema,círculos concéntricos,radial,modular,radial,"Patrón geométrico sintético con paleta verde, ocre y crema; con círculos concéntricos como motivo principal; orientación radial; composición modular; simetría radial.",ef966ae9cc067f75a0ff1cae063ba8283410b3deb99046420ed9fc4475d6ca1f
HNQ-V2_055,54,HNC-V2_055-P03,3,V2_055,SEM-B3C4DB2C1AD51CA9,ood_both,circles_concentric,bajo,TPL_01,hard_negative,false,0,palette_id,symmetry,verde_ocre_crema,morado_gris_rosa,1,global_overlap,true,true,V2_056,SEM-1076CAB99B86DF83,1,verde_ocre_crema,círculos concéntricos,radial,central,radial,morado_gris_rosa,círculos concéntricos,radial,central,radial,"Patrón geométrico sintético con paleta morado, gris y rosa; con círculos concéntricos como motivo principal; orientación radial; composición central; simetría radial.",0354aa04d6974f417ae5f303d74c668b9a4f4dcccbca7a2a9d2ff4ba410b41d4
HNQ-V2_055,54,HNC-V2_055-P04,4,V2_055,SEM-B3C4DB2C1AD51CA9,ood_both,circles_concentric,bajo,TPL_01,hard_negative,false,0,motif,symmetry,círculos concéntricos,bandas geométricas,1,counterfactual_only,false,false,,,0,verde_ocre_crema,círculos concéntricos,radial,central,radial,verde_ocre_crema,bandas geométricas,radial,central,radial,"Patrón geométrico sintético con paleta verde, ocre y crema; con bandas geométricas como motivo principal; orientación radial; composición central; simetría radial.",91d96c7b285d9f81d9225849e05c6f23f24986cb68b1d7482b57e8980b8cea15
HNQ-V2_055,54,HNC-V2_055-P05,5,V2_055,SEM-B3C4DB2C1AD51CA9,ood_both,circles_concentric,bajo,TPL_01,positive,true,1,,symmetry,,,0,not_applicable,true,false,V2_055,SEM-B3C4DB2C1AD51CA9,1,verde_ocre_crema,círculos concéntricos,radial,central,radial,verde_ocre_crema,círculos concéntricos,radial,central,radial,"Patrón geométrico sintético con paleta verde, ocre y crema; con círculos concéntricos como motivo principal; orientación radial; composición central; simetría radial.",96e1778a99b2fe138ff5de51396173808abc7fb76f1b0d89fa549f079c7f3e7b
HNQ-V2_056,55,HNC-V2_056-P01,1,V2_056,SEM-1076CAB99B86DF83,ood_both,circles_concentric,bajo,TPL_01,hard_negative,false,0,symmetry,palette_id,radial,repetitiva,1,counterfactual_only,false,false,,,0,morado_gris_rosa,círculos concéntricos,radial,central,radial,morado_gris_rosa,círculos concéntricos,radial,central,repetitiva,"Patrón geométrico sintético con paleta morado, gris y rosa; con círculos concéntricos como motivo principal; orientación radial; composición central; simetría repetitiva.",b6196de29e6a582988aacdf3245cb4fb96ea16ef461e3fbc61fb0780b87bd361
HNQ-V2_056,55,HNC-V2_056-P02,2,V2_056,SEM-1076CAB99B86DF83,ood_both,circles_concentric,bajo,TPL_01,hard_negative,false,0,motif,palette_id,círculos concéntricos,bandas geométricas,1,counterfactual_only,false,false,,,0,morado_gris_rosa,círculos concéntricos,radial,central,radial,morado_gris_rosa,bandas geométricas,radial,central,radial,"Patrón geométrico sintético con paleta morado, gris y rosa; con bandas geométricas como motivo principal; orientación radial; composición central; simetría radial.",a49a942d6074cf01e3031e6c9a057cb032f64b8a4b7d04e69a5b796099cb2d6e
HNQ-V2_056,55,HNC-V2_056-P03,3,V2_056,SEM-1076CAB99B86DF83,ood_both,circles_concentric,bajo,TPL_01,positive,true,1,,palette_id,,,0,not_applicable,true,false,V2_056,SEM-1076CAB99B86DF83,1,morado_gris_rosa,círculos concéntricos,radial,central,radial,morado_gris_rosa,círculos concéntricos,radial,central,radial,"Patrón geométrico sintético con paleta morado, gris y rosa; con círculos concéntricos como motivo principal; orientación radial; composición central; simetría radial.",0354aa04d6974f417ae5f303d74c668b9a4f4dcccbca7a2a9d2ff4ba410b41d4
HNQ-V2_056,55,HNC-V2_056-P04,4,V2_056,SEM-1076CAB99B86DF83,ood_both,circles_concentric,bajo,TPL_01,hard_negative,false,0,orientation,palette_id,radial,horizontal,1,counterfactual_only,false,false,,,0,morado_gris_rosa,círculos concéntricos,radial,central,radial,morado_gris_rosa,círculos concéntricos,horizontal,central,radial,"Patrón geométrico sintético con paleta morado, gris y rosa; con círculos concéntricos como motivo principal; orientación horizontal; composición central; simetría radial.",8264c885f176e7667a0329213caea991103f225fa193b903301780c03c461c49
HNQ-V2_056,55,HNC-V2_056-P05,5,V2_056,SEM-1076CAB99B86DF83,ood_both,circles_concentric,bajo,TPL_01,hard_negative,false,0,composition,palette_id,central,modular,1,counterfactual_only,false,false,,,0,morado_gris_rosa,círculos concéntricos,radial,central,radial,morado_gris_rosa,círculos concéntricos,radial,modular,radial,"Patrón geométrico sintético con paleta morado, gris y rosa; con círculos concéntricos como motivo principal; orientación radial; composición modular; simetría radial.",2b01dfc35bc97efa24cc6de98594a9bb6d6a2023a291aa21e3d560c43c49af86
