caption_id,image_id,semantic_id,structure_id,colorless_caption_id,template_id,is_canonical,split,pattern_id,palette_id,motif,orientation,composition,symmetry,caption_text,caption_sha256
CAP-V2_001-TPL_01,V2_001,SEM-726372BFFF43534D,STR-A3FE31524DCA0243,SCAP-A3FE31524DCA0243-TPL_01,TPL_01,true,id,bands_horizontal,rojo_negro_crema,bandas geométricas,horizontal,bandas,repetitiva,"Patr?n geom?trico sint?tico con paleta rojo oscuro, negro y crema; con bandas geométricas como motivo principal; orientaci?n horizontal; composici?n en bandas; simetr?a repetitiva.",b74a6d3ec6150ff6d03945543b32dd593a6ad127fb6fe211c4c03fba11e9237b
CAP-V2_001-TPL_02,V2_001,SEM-726372BFFF43534D,STR-A3FE31524DCA0243,SCAP-A3FE31524DCA0243-TPL_02,TPL_02,false,id,bands_horizontal,rojo_negro_crema,bandas geométricas,horizontal,bandas,repetitiva,"Imagen abstracta en colores rojo oscuro, negro y crema, formada por bandas geométricas, con orientación horizontal, composición en bandas y simetría repetitiva.",427e2b76f2970447a3d4dc73b6daa77b086849bee2cfe23117d887eea41ff31f
CAP-V2_001-TPL_03,V2_001,SEM-726372BFFF43534D,STR-A3FE31524DCA0243,SCAP-A3FE31524DCA0243-TPL_03,TPL_03,false,id,bands_horizontal,rojo_negro_crema,bandas geométricas,horizontal,bandas,repetitiva,"Diseño de composición en bandas que muestra bandas geométricas, orientación horizontal, simetría repetitiva y una paleta rojo oscuro, negro y crema.",d3c2186a22d5e327cb9dbd542679b27e582b97c984175a675a6c260be1cbe9b5
CAP-V2_001-TPL_04,V2_001,SEM-726372BFFF43534D,STR-A3FE31524DCA0243,SCAP-A3FE31524DCA0243-TPL_04,TPL_04,false,id,bands_horizontal,rojo_negro_crema,bandas geométricas,horizontal,bandas,repetitiva,"Representación sintética de bandas geométricas; la orientación es horizontal, la composición es en bandas, la simetría es repetitiva y los colores son rojo oscuro, negro y crema.",e9295bcc3d693f9d516878410aab92abc79b7790c2ea9630184cd024d8b22116
CAP-V2_001-TPL_05,V2_001,SEM-726372BFFF43534D,STR-A3FE31524DCA0243,SCAP-A3FE31524DCA0243-TPL_05,TPL_05,false,id,bands_horizontal,rojo_negro_crema,bandas geométricas,horizontal,bandas,repetitiva,"Textura geométrica con bandas geométricas, orientación horizontal, composición en bandas, simetría repetitiva y combinación cromática rojo oscuro, negro y crema.",a504482ae05d01e341869cf68db9520aaf101ff40c3b8504d71927903afaf2a8
CAP-V2_002-TPL_01,V2_002,SEM-5B84448A62787787,STR-A3FE31524DCA0243,SCAP-A3FE31524DCA0243-TPL_01,TPL_01,true,id,bands_horizontal,azul_crema_marron,bandas geométricas,horizontal,bandas,repetitiva,"Patr?n geom?trico sint?tico con paleta azul profundo, crema y marrón; con bandas geométricas como motivo principal; orientaci?n horizontal; composici?n en bandas; simetr?a repetitiva.",81414cdbd8d30b5d1a14c8cb543f615165537148a763ca87542cb7be5c88010d
CAP-V2_002-TPL_02,V2_002,SEM-5B84448A62787787,STR-A3FE31524DCA0243,SCAP-A3FE31524DCA0243-TPL_02,TPL_02,false,id,bands_horizontal,azul_crema_marron,bandas geométricas,horizontal,bandas,repetitiva,"Imagen abstracta en colores azul profundo, crema y marrón, formada por bandas geométricas, con orientación horizontal, composición en bandas y simetría repetitiva.",4f1d08da34a4df2ca4388867039e313729a0ff853a35ab9332ce14514d44757c
CAP-V2_002-TPL_03,V2_002,SEM-5B84448A62787787,STR-A3FE31524DCA0243,SCAP-A3FE31524DCA0243-TPL_03,TPL_03,false,id,bands_horizontal,azul_crema_marron,bandas geométricas,horizontal,bandas,repetitiva,"Diseño de composición en bandas que muestra bandas geométricas, orientación horizontal, simetría repetitiva y una paleta azul profundo, crema y marrón.",31b45e7833d3cb1084f2a793c7f6d688c941295a5f734683b64326753c05a06c
CAP-V2_002-TPL_04,V2_002,SEM-5B84448A62787787,STR-A3FE31524DCA0243,SCAP-A3FE31524DCA0243-TPL_04,TPL_04,false,id,bands_horizontal,azul_crema_marron,bandas geométricas,horizontal,bandas,repetitiva,"Representación sintética de bandas geométricas; la orientación es horizontal, la composición es en bandas, la simetría es repetitiva y los colores son azul profundo, crema y marrón.",917581bfde27a3536b3a09b370f476a286977b80625d7b1c72385e9c96aadc25
CAP-V2_002-TPL_05,V2_002,SEM-5B84448A62787787,STR-A3FE31524DCA0243,SCAP-A3FE31524DCA0243-TPL_05,TPL_05,false,id,bands_horizontal,azul_crema_marron,bandas geométricas,horizontal,bandas,repetitiva,"Textura geométrica con bandas geométricas, orientación horizontal, composición en bandas, simetría repetitiva y combinación cromática azul profundo, crema y marrón.",575930601a498b1be1144fc3d1aa14baaa8fe022e18d3957382815894f1eb9ab
CAP-V2_003-TPL_01,V2_003,SEM-7418F4CCBDB8F621,STR-A3FE31524DCA0243,SCAP-A3FE31524DCA0243-TPL_01,TPL_01,true,id,bands_horizontal,ocre_marron_negro,bandas geométricas,horizontal,bandas,repetitiva,"Patr?n geom?trico sint?tico con paleta ocre, marrón y negro; con bandas geométricas como motivo principal; orientaci?n horizontal; composici?n en bandas; simetr?a repetitiva.",68f1af9a5d7933337dac0a0fda635074ac0a5095a9d1f0bfa46c6986998221e2
CAP-V2_003-TPL_02,V2_003,SEM-7418F4CCBDB8F621,STR-A3FE31524DCA0243,SCAP-A3FE31524DCA0243-TPL_02,TPL_02,false,id,bands_horizontal,ocre_marron_negro,bandas geométricas,horizontal,bandas,repetitiva,"Imagen abstracta en colores ocre, marrón y negro, formada por bandas geométricas, con orientación horizontal, composición en bandas y simetría repetitiva.",8b0997dcdc2261646a6756e5fbf10b257750ccaf0e49c44b8ffe4bdf55272469
CAP-V2_003-TPL_03,V2_003,SEM-7418F4CCBDB8F621,STR-A3FE31524DCA0243,SCAP-A3FE31524DCA0243-TPL_03,TPL_03,false,id,bands_horizontal,ocre_marron_negro,bandas geométricas,horizontal,bandas,repetitiva,"Diseño de composición en bandas que muestra bandas geométricas, orientación horizontal, simetría repetitiva y una paleta ocre, marrón y negro.",88b4c87a50701f0f1821d40f5264050cff54e514eaf95d932146660566689b9d
CAP-V2_003-TPL_04,V2_003,SEM-7418F4CCBDB8F621,STR-A3FE31524DCA0243,SCAP-A3FE31524DCA0243-TPL_04,TPL_04,false,id,bands_horizontal,ocre_marron_negro,bandas geométricas,horizontal,bandas,repetitiva,"Representación sintética de bandas geométricas; la orientación es horizontal, la composición es en bandas, la simetría es repetitiva y los colores son ocre, marrón y negro.",2829446f0eafc5746f3a2509026813e19b4260a9c788ec9df6ba3ad59c36cb9a
CAP-V2_003-TPL_05,V2_003,SEM-7418F4CCBDB8F621,STR-A3FE31524DCA0243,SCAP-A3FE31524DCA0243-TPL_05,TPL_05,false,id,bands_horizontal,ocre_marron_negro,bandas geométricas,horizontal,bandas,repetitiva,"Textura geométrica con bandas geométricas, orientación horizontal, composición en bandas, simetría repetitiva y combinación cromática ocre, marrón y negro.",711f82f194807f585e7cc30afc4ecd3139f4b7d07f86e0601c49f8e1bc62fa16
CAP-V2_004-TPL_01,V2_004,SEM-7CE10D3F8F559237,STR-A3FE31524DCA0243,SCAP-A3FE31524DCA0243-TPL_01,TPL_01,true,id,bands_horizontal,blanco_negro_gris,bandas geométricas,horizontal,bandas,repetitiva,"Patr?n geom?trico sint?tico con paleta blanco, negro y gris; con bandas geométricas como motivo principal; orientaci?n horizontal; composici?n en bandas; simetr?a repetitiva.",1eec715ae628f0d81c75dc669d8d01c13ffee6142d58e713fbc988a89c89c0d1
CAP-V2_004-TPL_02,V2_004,SEM-7CE10D3F8F559237,STR-A3FE31524DCA0243,SCAP-A3FE31524DCA0243-TPL_02,TPL_02,false,id,bands_horizontal,blanco_negro_gris,bandas geométricas,horizontal,bandas,repetitiva,"Imagen abstracta en colores blanco, negro y gris, formada por bandas geométricas, con orientación horizontal, composición en bandas y simetría repetitiva.",d6fca232bdf7bf93a5b7090d73f0416f30b4d45d025e2b48623493903b74682c
CAP-V2_004-TPL_03,V2_004,SEM-7CE10D3F8F559237,STR-A3FE31524DCA0243,SCAP-A3FE31524DCA0243-TPL_03,TPL_03,false,id,bands_horizontal,blanco_negro_gris,bandas geométricas,horizontal,bandas,repetitiva,"Diseño de composición en bandas que muestra bandas geométricas, orientación horizontal, simetría repetitiva y una paleta blanco, negro y gris.",a34006ccde0ee1e70bfcee95a47f3d02257892049c2ff40616914da979b0bfa1
CAP-V2_004-TPL_04,V2_004,SEM-7CE10D3F8F559237,STR-A3FE31524DCA0243,SCAP-A3FE31524DCA0243-TPL_04,TPL_04,false,id,bands_horizontal,blanco_negro_gris,bandas geométricas,horizontal,bandas,repetitiva,"Representación sintética de bandas geométricas; la orientación es horizontal, la composición es en bandas, la simetría es repetitiva y los colores son blanco, negro y gris.",c24f235542d9e6dbfab6621de3304cda6fc1611798c394947b661db8055d13db
CAP-V2_004-TPL_05,V2_004,SEM-7CE10D3F8F559237,STR-A3FE31524DCA0243,SCAP-A3FE31524DCA0243-TPL_05,TPL_05,false,id,bands_horizontal,blanco_negro_gris,bandas geométricas,horizontal,bandas,repetitiva,"Textura geométrica con bandas geométricas, orientación horizontal, composición en bandas, simetría repetitiva y combinación cromática blanco, negro y gris.",2dee1f211ff5034ba897c7c85a762339dd76b2ce50a155455d7dba11cc3844ac
CAP-V2_005-TPL_01,V2_005,SEM-CA5D6EBFCD7B84E3,STR-A3FE31524DCA0243,SCAP-A3FE31524DCA0243-TPL_01,TPL_01,true,id,bands_horizontal,multicolor_tierra,bandas geométricas,horizontal,bandas,repetitiva,"Patr?n geom?trico sint?tico con paleta rojo tierra, ocre, verde oscuro y azul profundo; con bandas geométricas como motivo principal; orientaci?n horizontal; composici?n en bandas; simetr?a repetitiva.",ec7da47c320d6422c3721fb72f334020f3dcbbecc3ceae884227084ded85a6df
CAP-V2_005-TPL_02,V2_005,SEM-CA5D6EBFCD7B84E3,STR-A3FE31524DCA0243,SCAP-A3FE31524DCA0243-TPL_02,TPL_02,false,id,bands_horizontal,multicolor_tierra,bandas geométricas,horizontal,bandas,repetitiva,"Imagen abstracta en colores rojo tierra, ocre, verde oscuro y azul profundo, formada por bandas geométricas, con orientación horizontal, composición en bandas y simetría repetitiva.",2ce22400ab855141e748d90db6ec129d7f9b2b28022f365ad93957b546a1ca37
CAP-V2_005-TPL_03,V2_005,SEM-CA5D6EBFCD7B84E3,STR-A3FE31524DCA0243,SCAP-A3FE31524DCA0243-TPL_03,TPL_03,false,id,bands_horizontal,multicolor_tierra,bandas geométricas,horizontal,bandas,repetitiva,"Diseño de composición en bandas que muestra bandas geométricas, orientación horizontal, simetría repetitiva y una paleta rojo tierra, ocre, verde oscuro y azul profundo.",3a981b3c89d7cc11af6b701ec6211928ed447a15367c63ddbb4612fee98e0063
CAP-V2_005-TPL_04,V2_005,SEM-CA5D6EBFCD7B84E3,STR-A3FE31524DCA0243,SCAP-A3FE31524DCA0243-TPL_04,TPL_04,false,id,bands_horizontal,multicolor_tierra,bandas geométricas,horizontal,bandas,repetitiva,"Representación sintética de bandas geométricas; la orientación es horizontal, la composición es en bandas, la simetría es repetitiva y los colores son rojo tierra, ocre, verde oscuro y azul profundo.",383cdc1ff8ae56413708c87349e0ec6229670e42baeaca1e84e08cf0b147a8e3
CAP-V2_005-TPL_05,V2_005,SEM-CA5D6EBFCD7B84E3,STR-A3FE31524DCA0243,SCAP-A3FE31524DCA0243-TPL_05,TPL_05,false,id,bands_horizontal,multicolor_tierra,bandas geométricas,horizontal,bandas,repetitiva,"Textura geométrica con bandas geométricas, orientación horizontal, composición en bandas, simetría repetitiva y combinación cromática rojo tierra, ocre, verde oscuro y azul profundo.",722bf74cd8410923951462fb0b554e2bf4d57538b86e9b2a3a61085d38247035
CAP-V2_006-TPL_01,V2_006,SEM-4699702E8A447735,STR-390DD4719A974C7E,SCAP-390DD4719A974C7E-TPL_01,TPL_01,true,id,bands_vertical,rojo_negro_crema,bandas geométricas,vertical,bandas,repetitiva,"Patr?n geom?trico sint?tico con paleta rojo oscuro, negro y crema; con bandas geométricas como motivo principal; orientaci?n vertical; composici?n en bandas; simetr?a repetitiva.",1a20c9753c0189913860373e6bc74d2915b4f0092bcbe48bb59ed946704b5e47
CAP-V2_006-TPL_02,V2_006,SEM-4699702E8A447735,STR-390DD4719A974C7E,SCAP-390DD4719A974C7E-TPL_02,TPL_02,false,id,bands_vertical,rojo_negro_crema,bandas geométricas,vertical,bandas,repetitiva,"Imagen abstracta en colores rojo oscuro, negro y crema, formada por bandas geométricas, con orientación vertical, composición en bandas y simetría repetitiva.",e212022e3f92278302a1457e3016b9f3e454904333d4018a5f48c7fcc6ba5fe1
CAP-V2_006-TPL_03,V2_006,SEM-4699702E8A447735,STR-390DD4719A974C7E,SCAP-390DD4719A974C7E-TPL_03,TPL_03,false,id,bands_vertical,rojo_negro_crema,bandas geométricas,vertical,bandas,repetitiva,"Diseño de composición en bandas que muestra bandas geométricas, orientación vertical, simetría repetitiva y una paleta rojo oscuro, negro y crema.",55e05c18fd1c9e560d014d9f1f6fdd635797efcd76d57e49efcaf2049b94ef27
CAP-V2_006-TPL_04,V2_006,SEM-4699702E8A447735,STR-390DD4719A974C7E,SCAP-390DD4719A974C7E-TPL_04,TPL_04,false,id,bands_vertical,rojo_negro_crema,bandas geométricas,vertical,bandas,repetitiva,"Representación sintética de bandas geométricas; la orientación es vertical, la composición es en bandas, la simetría es repetitiva y los colores son rojo oscuro, negro y crema.",9bd9b3a60cb1483377273eacb76d7770955c449cde921176889e313ccefb298a
CAP-V2_006-TPL_05,V2_006,SEM-4699702E8A447735,STR-390DD4719A974C7E,SCAP-390DD4719A974C7E-TPL_05,TPL_05,false,id,bands_vertical,rojo_negro_crema,bandas geométricas,vertical,bandas,repetitiva,"Textura geométrica con bandas geométricas, orientación vertical, composición en bandas, simetría repetitiva y combinación cromática rojo oscuro, negro y crema.",f27d58be2511021f8a768d5ef01c4c59e490ef53fc4b2242815d92c98e795272
CAP-V2_007-TPL_01,V2_007,SEM-657EAE79EA891854,STR-390DD4719A974C7E,SCAP-390DD4719A974C7E-TPL_01,TPL_01,true,id,bands_vertical,azul_crema_marron,bandas geométricas,vertical,bandas,repetitiva,"Patr?n geom?trico sint?tico con paleta azul profundo, crema y marrón; con bandas geométricas como motivo principal; orientaci?n vertical; composici?n en bandas; simetr?a repetitiva.",287ea55db5878a3d26c141d1c34e84a23c965681ead69528845672a14598790b
CAP-V2_007-TPL_02,V2_007,SEM-657EAE79EA891854,STR-390DD4719A974C7E,SCAP-390DD4719A974C7E-TPL_02,TPL_02,false,id,bands_vertical,azul_crema_marron,bandas geométricas,vertical,bandas,repetitiva,"Imagen abstracta en colores azul profundo, crema y marrón, formada por bandas geométricas, con orientación vertical, composición en bandas y simetría repetitiva.",670ada1736d755a2274b91e16aaa63a648e64f157e467dd7450b2d27445468a6
CAP-V2_007-TPL_03,V2_007,SEM-657EAE79EA891854,STR-390DD4719A974C7E,SCAP-390DD4719A974C7E-TPL_03,TPL_03,false,id,bands_vertical,azul_crema_marron,bandas geométricas,vertical,bandas,repetitiva,"Diseño de composición en bandas que muestra bandas geométricas, orientación vertical, simetría repetitiva y una paleta azul profundo, crema y marrón.",8306b3d815500bc7ed58e895056c0453f0d8b3098a1c25061f8696c06344f4c1
CAP-V2_007-TPL_04,V2_007,SEM-657EAE79EA891854,STR-390DD4719A974C7E,SCAP-390DD4719A974C7E-TPL_04,TPL_04,false,id,bands_vertical,azul_crema_marron,bandas geométricas,vertical,bandas,repetitiva,"Representación sintética de bandas geométricas; la orientación es vertical, la composición es en bandas, la simetría es repetitiva y los colores son azul profundo, crema y marrón.",22ab6ebedff8a1cc556fee810147838692678122a15e4c21357465c4f850ae69
CAP-V2_007-TPL_05,V2_007,SEM-657EAE79EA891854,STR-390DD4719A974C7E,SCAP-390DD4719A974C7E-TPL_05,TPL_05,false,id,bands_vertical,azul_crema_marron,bandas geométricas,vertical,bandas,repetitiva,"Textura geométrica con bandas geométricas, orientación vertical, composición en bandas, simetría repetitiva y combinación cromática azul profundo, crema y marrón.",b3b94c197ed659bf84a376e8d312c443113c7299f8f4d2fcbe2f8610fd2cd35e
CAP-V2_008-TPL_01,V2_008,SEM-F49183E2AB7334C9,STR-390DD4719A974C7E,SCAP-390DD4719A974C7E-TPL_01,TPL_01,true,id,bands_vertical,ocre_marron_negro,bandas geométricas,vertical,bandas,repetitiva,"Patr?n geom?trico sint?tico con paleta ocre, marrón y negro; con bandas geométricas como motivo principal; orientaci?n vertical; composici?n en bandas; simetr?a repetitiva.",9f2582895888fac5096fe1c0b36909b4ecef9a82b8f0527a7022d83065741986
CAP-V2_008-TPL_02,V2_008,SEM-F49183E2AB7334C9,STR-390DD4719A974C7E,SCAP-390DD4719A974C7E-TPL_02,TPL_02,false,id,bands_vertical,ocre_marron_negro,bandas geométricas,vertical,bandas,repetitiva,"Imagen abstracta en colores ocre, marrón y negro, formada por bandas geométricas, con orientación vertical, composición en bandas y simetría repetitiva.",f5840d458b0ca5ab2930b9f6e584afd6c78687b7b90d3ca3fb5bd3be2b3875de
CAP-V2_008-TPL_03,V2_008,SEM-F49183E2AB7334C9,STR-390DD4719A974C7E,SCAP-390DD4719A974C7E-TPL_03,TPL_03,false,id,bands_vertical,ocre_marron_negro,bandas geométricas,vertical,bandas,repetitiva,"Diseño de composición en bandas que muestra bandas geométricas, orientación vertical, simetría repetitiva y una paleta ocre, marrón y negro.",a30ca2c92b8f9839ab6025265f774a775d2e53c578f37351af4d14d2553b6a6d
CAP-V2_008-TPL_04,V2_008,SEM-F49183E2AB7334C9,STR-390DD4719A974C7E,SCAP-390DD4719A974C7E-TPL_04,TPL_04,false,id,bands_vertical,ocre_marron_negro,bandas geométricas,vertical,bandas,repetitiva,"Representación sintética de bandas geométricas; la orientación es vertical, la composición es en bandas, la simetría es repetitiva y los colores son ocre, marrón y negro.",956a1c94cc1b957782f421d872d8641b05e8e7af0bce8137233fe9910dbfcc09
CAP-V2_008-TPL_05,V2_008,SEM-F49183E2AB7334C9,STR-390DD4719A974C7E,SCAP-390DD4719A974C7E-TPL_05,TPL_05,false,id,bands_vertical,ocre_marron_negro,bandas geométricas,vertical,bandas,repetitiva,"Textura geométrica con bandas geométricas, orientación vertical, composición en bandas, simetría repetitiva y combinación cromática ocre, marrón y negro.",79369f1e36a8a343444a3aec91fccb1a273c377aae07d617d8b3e4f79e90179d
CAP-V2_009-TPL_01,V2_009,SEM-0EFA93DD8D5CE9AD,STR-390DD4719A974C7E,SCAP-390DD4719A974C7E-TPL_01,TPL_01,true,id,bands_vertical,blanco_negro_gris,bandas geométricas,vertical,bandas,repetitiva,"Patr?n geom?trico sint?tico con paleta blanco, negro y gris; con bandas geométricas como motivo principal; orientaci?n vertical; composici?n en bandas; simetr?a repetitiva.",f39be02d33b16e73ea86fa8d91292a78ad412329823782f12c0f1aab51e67a8a
CAP-V2_009-TPL_02,V2_009,SEM-0EFA93DD8D5CE9AD,STR-390DD4719A974C7E,SCAP-390DD4719A974C7E-TPL_02,TPL_02,false,id,bands_vertical,blanco_negro_gris,bandas geométricas,vertical,bandas,repetitiva,"Imagen abstracta en colores blanco, negro y gris, formada por bandas geométricas, con orientación vertical, composición en bandas y simetría repetitiva.",40262caba91ee254dff15041a8bd1445b83258679646f7ae09c8b0c6a618ee61
CAP-V2_009-TPL_03,V2_009,SEM-0EFA93DD8D5CE9AD,STR-390DD4719A974C7E,SCAP-390DD4719A974C7E-TPL_03,TPL_03,false,id,bands_vertical,blanco_negro_gris,bandas geométricas,vertical,bandas,repetitiva,"Diseño de composición en bandas que muestra bandas geométricas, orientación vertical, simetría repetitiva y una paleta blanco, negro y gris.",5d29897e6301ec6831f9964bc95f3e2a3d9bed83242ebc2fb6aecdd1dae01694
CAP-V2_009-TPL_04,V2_009,SEM-0EFA93DD8D5CE9AD,STR-390DD4719A974C7E,SCAP-390DD4719A974C7E-TPL_04,TPL_04,false,id,bands_vertical,blanco_negro_gris,bandas geométricas,vertical,bandas,repetitiva,"Representación sintética de bandas geométricas; la orientación es vertical, la composición es en bandas, la simetría es repetitiva y los colores son blanco, negro y gris.",6b9c1180fea1d5c8a7e912eb601ec1bf223c4a7f89fb6cdc8adce12ce4f69de9
CAP-V2_009-TPL_05,V2_009,SEM-0EFA93DD8D5CE9AD,STR-390DD4719A974C7E,SCAP-390DD4719A974C7E-TPL_05,TPL_05,false,id,bands_vertical,blanco_negro_gris,bandas geométricas,vertical,bandas,repetitiva,"Textura geométrica con bandas geométricas, orientación vertical, composición en bandas, simetría repetitiva y combinación cromática blanco, negro y gris.",5f2ce9b1872e339e4645e623af243a72d06aa68f3917799dbcf741d85281c639
CAP-V2_010-TPL_01,V2_010,SEM-7E4D8819AF0D376B,STR-390DD4719A974C7E,SCAP-390DD4719A974C7E-TPL_01,TPL_01,true,id,bands_vertical,multicolor_tierra,bandas geométricas,vertical,bandas,repetitiva,"Patr?n geom?trico sint?tico con paleta rojo tierra, ocre, verde oscuro y azul profundo; con bandas geométricas como motivo principal; orientaci?n vertical; composici?n en bandas; simetr?a repetitiva.",e8aab99e8a6a4bf104e2aaeaed22cc17fa3c792b66ab0deb7b53470afb9a32d1
CAP-V2_010-TPL_02,V2_010,SEM-7E4D8819AF0D376B,STR-390DD4719A974C7E,SCAP-390DD4719A974C7E-TPL_02,TPL_02,false,id,bands_vertical,multicolor_tierra,bandas geométricas,vertical,bandas,repetitiva,"Imagen abstracta en colores rojo tierra, ocre, verde oscuro y azul profundo, formada por bandas geométricas, con orientación vertical, composición en bandas y simetría repetitiva.",171d31929ada5dada84b8700b2ff921134806956c18d7b1ff7dc06ab4e33ba6f
CAP-V2_010-TPL_03,V2_010,SEM-7E4D8819AF0D376B,STR-390DD4719A974C7E,SCAP-390DD4719A974C7E-TPL_03,TPL_03,false,id,bands_vertical,multicolor_tierra,bandas geométricas,vertical,bandas,repetitiva,"Diseño de composición en bandas que muestra bandas geométricas, orientación vertical, simetría repetitiva y una paleta rojo tierra, ocre, verde oscuro y azul profundo.",781e7e095f5a129d5ab027dfd284ade8f2905b85cb627e93f8a64d05e8ffe71a
CAP-V2_010-TPL_04,V2_010,SEM-7E4D8819AF0D376B,STR-390DD4719A974C7E,SCAP-390DD4719A974C7E-TPL_04,TPL_04,false,id,bands_vertical,multicolor_tierra,bandas geométricas,vertical,bandas,repetitiva,"Representación sintética de bandas geométricas; la orientación es vertical, la composición es en bandas, la simetría es repetitiva y los colores son rojo tierra, ocre, verde oscuro y azul profundo.",c3679611762258ee40769958d0f0c02cdb076800affbb8ecf934f2f6bfc07504
CAP-V2_010-TPL_05,V2_010,SEM-7E4D8819AF0D376B,STR-390DD4719A974C7E,SCAP-390DD4719A974C7E-TPL_05,TPL_05,false,id,bands_vertical,multicolor_tierra,bandas geométricas,vertical,bandas,repetitiva,"Textura geométrica con bandas geométricas, orientación vertical, composición en bandas, simetría repetitiva y combinación cromática rojo tierra, ocre, verde oscuro y azul profundo.",e720a47b719716d7318b1a3d96e1ee66534c5fffa64ae497d8a8e1196f946444
CAP-V2_011-TPL_01,V2_011,SEM-E6BF74678BDAC828,STR-83B17E3514D80A83,SCAP-83B17E3514D80A83-TPL_01,TPL_01,true,id,diamonds_central,rojo_negro_crema,rombos,diagonal,central,bilateral,"Patr?n geom?trico sint?tico con paleta rojo oscuro, negro y crema; con rombos como motivo principal; orientaci?n diagonal; composici?n central; simetr?a bilateral.",e6ab044afe9a179f23dd2783a683e348ced370037fce0a38174783ad1e046430
CAP-V2_011-TPL_02,V2_011,SEM-E6BF74678BDAC828,STR-83B17E3514D80A83,SCAP-83B17E3514D80A83-TPL_02,TPL_02,false,id,diamonds_central,rojo_negro_crema,rombos,diagonal,central,bilateral,"Imagen abstracta en colores rojo oscuro, negro y crema, formada por rombos, con orientación diagonal, composición central y simetría bilateral.",021b04035d0cf6d8a81ea4483aed2f6b0775bd900758f342d57595d5efc9c5cd
CAP-V2_011-TPL_03,V2_011,SEM-E6BF74678BDAC828,STR-83B17E3514D80A83,SCAP-83B17E3514D80A83-TPL_03,TPL_03,false,id,diamonds_central,rojo_negro_crema,rombos,diagonal,central,bilateral,"Diseño de composición central que muestra rombos, orientación diagonal, simetría bilateral y una paleta rojo oscuro, negro y crema.",4543d0a3143f2854af6a5129ca57ac6a505751bd58235fa92e3876c7e9140f66
CAP-V2_011-TPL_04,V2_011,SEM-E6BF74678BDAC828,STR-83B17E3514D80A83,SCAP-83B17E3514D80A83-TPL_04,TPL_04,false,id,diamonds_central,rojo_negro_crema,rombos,diagonal,central,bilateral,"Representación sintética de rombos; la orientación es diagonal, la composición es central, la simetría es bilateral y los colores son rojo oscuro, negro y crema.",5021844d380f1dc037f5a89d4e7cb4cda623e5e145639cd3ea82f907dd89c14b
CAP-V2_011-TPL_05,V2_011,SEM-E6BF74678BDAC828,STR-83B17E3514D80A83,SCAP-83B17E3514D80A83-TPL_05,TPL_05,false,id,diamonds_central,rojo_negro_crema,rombos,diagonal,central,bilateral,"Textura geométrica con rombos, orientación diagonal, composición central, simetría bilateral y combinación cromática rojo oscuro, negro y crema.",c251d45eb6b9e7b5200f7f94992797865bf0d9d375be603e96cfe11b76087716
CAP-V2_012-TPL_01,V2_012,SEM-F5F0E5F56F3B9CDD,STR-83B17E3514D80A83,SCAP-83B17E3514D80A83-TPL_01,TPL_01,true,id,diamonds_central,azul_crema_marron,rombos,diagonal,central,bilateral,"Patr?n geom?trico sint?tico con paleta azul profundo, crema y marrón; con rombos como motivo principal; orientaci?n diagonal; composici?n central; simetr?a bilateral.",ec8e5023d57372efb6b6d7248017d612ce3a6ba72a5e59c13f65c2b488b89e1b
CAP-V2_012-TPL_02,V2_012,SEM-F5F0E5F56F3B9CDD,STR-83B17E3514D80A83,SCAP-83B17E3514D80A83-TPL_02,TPL_02,false,id,diamonds_central,azul_crema_marron,rombos,diagonal,central,bilateral,"Imagen abstracta en colores azul profundo, crema y marrón, formada por rombos, con orientación diagonal, composición central y simetría bilateral.",b2f6846ae5ab0c03fa360f75953617e1d7a56418a371f076610b2e81c52d783c
CAP-V2_012-TPL_03,V2_012,SEM-F5F0E5F56F3B9CDD,STR-83B17E3514D80A83,SCAP-83B17E3514D80A83-TPL_03,TPL_03,false,id,diamonds_central,azul_crema_marron,rombos,diagonal,central,bilateral,"Diseño de composición central que muestra rombos, orientación diagonal, simetría bilateral y una paleta azul profundo, crema y marrón.",35457d267bf48b35c38af68587f18c1014379440126736c84290cc44e5fe58d8
CAP-V2_012-TPL_04,V2_012,SEM-F5F0E5F56F3B9CDD,STR-83B17E3514D80A83,SCAP-83B17E3514D80A83-TPL_04,TPL_04,false,id,diamonds_central,azul_crema_marron,rombos,diagonal,central,bilateral,"Representación sintética de rombos; la orientación es diagonal, la composición es central, la simetría es bilateral y los colores son azul profundo, crema y marrón.",4361355b5a9305b6c41e335dc9abe5e9c12289225653eda6060915eb4672f4ee
CAP-V2_012-TPL_05,V2_012,SEM-F5F0E5F56F3B9CDD,STR-83B17E3514D80A83,SCAP-83B17E3514D80A83-TPL_05,TPL_05,false,id,diamonds_central,azul_crema_marron,rombos,diagonal,central,bilateral,"Textura geométrica con rombos, orientación diagonal, composición central, simetría bilateral y combinación cromática azul profundo, crema y marrón.",1eb95e25ae8e6be292c8c1b2dbefb36d854935a4e1e5ca86fb33bf195937cd90
CAP-V2_013-TPL_01,V2_013,SEM-6C847486A44390D1,STR-83B17E3514D80A83,SCAP-83B17E3514D80A83-TPL_01,TPL_01,true,id,diamonds_central,ocre_marron_negro,rombos,diagonal,central,bilateral,"Patr?n geom?trico sint?tico con paleta ocre, marrón y negro; con rombos como motivo principal; orientaci?n diagonal; composici?n central; simetr?a bilateral.",35ec550669030473ba8fb347e9f6f24c08ac27386d36a71af99137f25ee69902
CAP-V2_013-TPL_02,V2_013,SEM-6C847486A44390D1,STR-83B17E3514D80A83,SCAP-83B17E3514D80A83-TPL_02,TPL_02,false,id,diamonds_central,ocre_marron_negro,rombos,diagonal,central,bilateral,"Imagen abstracta en colores ocre, marrón y negro, formada por rombos, con orientación diagonal, composición central y simetría bilateral.",21b26f527f05624259a0e281b78f8eca66800800683984d7b592ffe1d288710e
CAP-V2_013-TPL_03,V2_013,SEM-6C847486A44390D1,STR-83B17E3514D80A83,SCAP-83B17E3514D80A83-TPL_03,TPL_03,false,id,diamonds_central,ocre_marron_negro,rombos,diagonal,central,bilateral,"Diseño de composición central que muestra rombos, orientación diagonal, simetría bilateral y una paleta ocre, marrón y negro.",48a0dee7ba1ec00a861274a62a2d1d50442429bd08b19ed0a56fdea7ba516665
CAP-V2_013-TPL_04,V2_013,SEM-6C847486A44390D1,STR-83B17E3514D80A83,SCAP-83B17E3514D80A83-TPL_04,TPL_04,false,id,diamonds_central,ocre_marron_negro,rombos,diagonal,central,bilateral,"Representación sintética de rombos; la orientación es diagonal, la composición es central, la simetría es bilateral y los colores son ocre, marrón y negro.",22d05b8040179a87f19ed81ecd34ccfcfe2cc5319ae3e0c38ecb8fb230816754
CAP-V2_013-TPL_05,V2_013,SEM-6C847486A44390D1,STR-83B17E3514D80A83,SCAP-83B17E3514D80A83-TPL_05,TPL_05,false,id,diamonds_central,ocre_marron_negro,rombos,diagonal,central,bilateral,"Textura geométrica con rombos, orientación diagonal, composición central, simetría bilateral y combinación cromática ocre, marrón y negro.",b3aeaf4ca5cd487a26edb09a531e9169faa4e9d7362dc1177da9ea4b515f2efd
CAP-V2_014-TPL_01,V2_014,SEM-B0502F5A4E58AF67,STR-83B17E3514D80A83,SCAP-83B17E3514D80A83-TPL_01,TPL_01,true,id,diamonds_central,blanco_negro_gris,rombos,diagonal,central,bilateral,"Patr?n geom?trico sint?tico con paleta blanco, negro y gris; con rombos como motivo principal; orientaci?n diagonal; composici?n central; simetr?a bilateral.",9600fd4f3260b48cfa98e790f827887e244dd297faf40efd632f0e6eef3ad23c
CAP-V2_014-TPL_02,V2_014,SEM-B0502F5A4E58AF67,STR-83B17E3514D80A83,SCAP-83B17E3514D80A83-TPL_02,TPL_02,false,id,diamonds_central,blanco_negro_gris,rombos,diagonal,central,bilateral,"Imagen abstracta en colores blanco, negro y gris, formada por rombos, con orientación diagonal, composición central y simetría bilateral.",26dbebd3c377eb5630177d7a7575ad34e5ae971ccbd9f0aefd73a74cd6b3a942
CAP-V2_014-TPL_03,V2_014,SEM-B0502F5A4E58AF67,STR-83B17E3514D80A83,SCAP-83B17E3514D80A83-TPL_03,TPL_03,false,id,diamonds_central,blanco_negro_gris,rombos,diagonal,central,bilateral,"Diseño de composición central que muestra rombos, orientación diagonal, simetría bilateral y una paleta blanco, negro y gris.",e138bbeada7a7c8deb83a0c2e2b88d37a6af9fc1f549f467ff286e0b9cfc48ec
CAP-V2_014-TPL_04,V2_014,SEM-B0502F5A4E58AF67,STR-83B17E3514D80A83,SCAP-83B17E3514D80A83-TPL_04,TPL_04,false,id,diamonds_central,blanco_negro_gris,rombos,diagonal,central,bilateral,"Representación sintética de rombos; la orientación es diagonal, la composición es central, la simetría es bilateral y los colores son blanco, negro y gris.",21dceb5316e4c49baa0b169b7784ea34454271aacfbecd2a9a08314dbf1e9770
CAP-V2_014-TPL_05,V2_014,SEM-B0502F5A4E58AF67,STR-83B17E3514D80A83,SCAP-83B17E3514D80A83-TPL_05,TPL_05,false,id,diamonds_central,blanco_negro_gris,rombos,diagonal,central,bilateral,"Textura geométrica con rombos, orientación diagonal, composición central, simetría bilateral y combinación cromática blanco, negro y gris.",9ffb138d0274d0d0bb1dce040f38f28d790bc192f9a744dacb5767f389c2d62b
CAP-V2_015-TPL_01,V2_015,SEM-48FFBCDFBB1178FE,STR-83B17E3514D80A83,SCAP-83B17E3514D80A83-TPL_01,TPL_01,true,id,diamonds_central,multicolor_tierra,rombos,diagonal,central,bilateral,"Patr?n geom?trico sint?tico con paleta rojo tierra, ocre, verde oscuro y azul profundo; con rombos como motivo principal; orientaci?n diagonal; composici?n central; simetr?a bilateral.",705ecabe40fa2aeba7aa935cb79ecc191bd0dd39e6a3c632c627852092ed9a7a
CAP-V2_015-TPL_02,V2_015,SEM-48FFBCDFBB1178FE,STR-83B17E3514D80A83,SCAP-83B17E3514D80A83-TPL_02,TPL_02,false,id,diamonds_central,multicolor_tierra,rombos,diagonal,central,bilateral,"Imagen abstracta en colores rojo tierra, ocre, verde oscuro y azul profundo, formada por rombos, con orientación diagonal, composición central y simetría bilateral.",41fe727202d9d0246b25070abd14137420a79b5ca9974293efa0afa412518d1e
CAP-V2_015-TPL_03,V2_015,SEM-48FFBCDFBB1178FE,STR-83B17E3514D80A83,SCAP-83B17E3514D80A83-TPL_03,TPL_03,false,id,diamonds_central,multicolor_tierra,rombos,diagonal,central,bilateral,"Diseño de composición central que muestra rombos, orientación diagonal, simetría bilateral y una paleta rojo tierra, ocre, verde oscuro y azul profundo.",df0d7e1dfc96dcde4f468400445f2cea4de2c8c6027ad581f80cb2123bce36e5
CAP-V2_015-TPL_04,V2_015,SEM-48FFBCDFBB1178FE,STR-83B17E3514D80A83,SCAP-83B17E3514D80A83-TPL_04,TPL_04,false,id,diamonds_central,multicolor_tierra,rombos,diagonal,central,bilateral,"Representación sintética de rombos; la orientación es diagonal, la composición es central, la simetría es bilateral y los colores son rojo tierra, ocre, verde oscuro y azul profundo.",44807bdb2da30b15718421335531ecaa24d9eb23a3a3d083836588bd2d99f79c
CAP-V2_015-TPL_05,V2_015,SEM-48FFBCDFBB1178FE,STR-83B17E3514D80A83,SCAP-83B17E3514D80A83-TPL_05,TPL_05,false,id,diamonds_central,multicolor_tierra,rombos,diagonal,central,bilateral,"Textura geométrica con rombos, orientación diagonal, composición central, simetría bilateral y combinación cromática rojo tierra, ocre, verde oscuro y azul profundo.",850d720e3c102053c81d5d1125f8931d0827d7f18f28ed9eda63b19a35f7b300
CAP-V2_016-TPL_01,V2_016,SEM-1F7D0D80E51AE939,STR-32D96D397FD7BD30,SCAP-32D96D397FD7BD30-TPL_01,TPL_01,true,id,grecas_modular,rojo_negro_crema,grecas escalonadas,horizontal,modular,repetitiva,"Patr?n geom?trico sint?tico con paleta rojo oscuro, negro y crema; con grecas escalonadas como motivo principal; orientaci?n horizontal; composici?n modular; simetr?a repetitiva.",b130ab1e794d343f16afceeab9282ab8465af035d9824420ff1eaaed1d47c1a3
CAP-V2_016-TPL_02,V2_016,SEM-1F7D0D80E51AE939,STR-32D96D397FD7BD30,SCAP-32D96D397FD7BD30-TPL_02,TPL_02,false,id,grecas_modular,rojo_negro_crema,grecas escalonadas,horizontal,modular,repetitiva,"Imagen abstracta en colores rojo oscuro, negro y crema, formada por grecas escalonadas, con orientación horizontal, composición modular y simetría repetitiva.",91128e993e30fbb02fe185713a65601afd4f374a6154630965c7c83a133791c3
CAP-V2_016-TPL_03,V2_016,SEM-1F7D0D80E51AE939,STR-32D96D397FD7BD30,SCAP-32D96D397FD7BD30-TPL_03,TPL_03,false,id,grecas_modular,rojo_negro_crema,grecas escalonadas,horizontal,modular,repetitiva,"Diseño de composición modular que muestra grecas escalonadas, orientación horizontal, simetría repetitiva y una paleta rojo oscuro, negro y crema.",90aafa3ff114e275be5a96132c4a8b475dfdaf3d556555afa4d32da5d23c5606
CAP-V2_016-TPL_04,V2_016,SEM-1F7D0D80E51AE939,STR-32D96D397FD7BD30,SCAP-32D96D397FD7BD30-TPL_04,TPL_04,false,id,grecas_modular,rojo_negro_crema,grecas escalonadas,horizontal,modular,repetitiva,"Representación sintética de grecas escalonadas; la orientación es horizontal, la composición es modular, la simetría es repetitiva y los colores son rojo oscuro, negro y crema.",98d9929c6a9af97a97ca977b0a301a552a639155becf1c71e5f4e2342d129cf2
CAP-V2_016-TPL_05,V2_016,SEM-1F7D0D80E51AE939,STR-32D96D397FD7BD30,SCAP-32D96D397FD7BD30-TPL_05,TPL_05,false,id,grecas_modular,rojo_negro_crema,grecas escalonadas,horizontal,modular,repetitiva,"Textura geométrica con grecas escalonadas, orientación horizontal, composición modular, simetría repetitiva y combinación cromática rojo oscuro, negro y crema.",2d398ede730df9934f5b2d363a9fdf894744f5fc3f4a4c9db29f467b91139114
CAP-V2_017-TPL_01,V2_017,SEM-B4047E6372E8425A,STR-32D96D397FD7BD30,SCAP-32D96D397FD7BD30-TPL_01,TPL_01,true,id,grecas_modular,azul_crema_marron,grecas escalonadas,horizontal,modular,repetitiva,"Patr?n geom?trico sint?tico con paleta azul profundo, crema y marrón; con grecas escalonadas como motivo principal; orientaci?n horizontal; composici?n modular; simetr?a repetitiva.",7e802ea75bd3d955a4fa70dc4f4c3023e03275b0528a6cfb95df7706c3e531e2
CAP-V2_017-TPL_02,V2_017,SEM-B4047E6372E8425A,STR-32D96D397FD7BD30,SCAP-32D96D397FD7BD30-TPL_02,TPL_02,false,id,grecas_modular,azul_crema_marron,grecas escalonadas,horizontal,modular,repetitiva,"Imagen abstracta en colores azul profundo, crema y marrón, formada por grecas escalonadas, con orientación horizontal, composición modular y simetría repetitiva.",921817b6b4a1fd17c34bee974540202b135fae75b76f418491ff15c4a1a0a1f7
CAP-V2_017-TPL_03,V2_017,SEM-B4047E6372E8425A,STR-32D96D397FD7BD30,SCAP-32D96D397FD7BD30-TPL_03,TPL_03,false,id,grecas_modular,azul_crema_marron,grecas escalonadas,horizontal,modular,repetitiva,"Diseño de composición modular que muestra grecas escalonadas, orientación horizontal, simetría repetitiva y una paleta azul profundo, crema y marrón.",e05b9c5371cc498d0024137d23fdbe5b00effcec2a12b4c112abc5a0bb9b1bbf
CAP-V2_017-TPL_04,V2_017,SEM-B4047E6372E8425A,STR-32D96D397FD7BD30,SCAP-32D96D397FD7BD30-TPL_04,TPL_04,false,id,grecas_modular,azul_crema_marron,grecas escalonadas,horizontal,modular,repetitiva,"Representación sintética de grecas escalonadas; la orientación es horizontal, la composición es modular, la simetría es repetitiva y los colores son azul profundo, crema y marrón.",ee183dc5d040ac9a3448d887a528f7c8c7fa582269e57c83b31048d485a4c6a7
CAP-V2_017-TPL_05,V2_017,SEM-B4047E6372E8425A,STR-32D96D397FD7BD30,SCAP-32D96D397FD7BD30-TPL_05,TPL_05,false,id,grecas_modular,azul_crema_marron,grecas escalonadas,horizontal,modular,repetitiva,"Textura geométrica con grecas escalonadas, orientación horizontal, composición modular, simetría repetitiva y combinación cromática azul profundo, crema y marrón.",818bba03b4b83939247023b4a842df1a8e700d3f00b6339c60f7a66b392258f9
CAP-V2_018-TPL_01,V2_018,SEM-8DD56A09C7883053,STR-32D96D397FD7BD30,SCAP-32D96D397FD7BD30-TPL_01,TPL_01,true,id,grecas_modular,ocre_marron_negro,grecas escalonadas,horizontal,modular,repetitiva,"Patr?n geom?trico sint?tico con paleta ocre, marrón y negro; con grecas escalonadas como motivo principal; orientaci?n horizontal; composici?n modular; simetr?a repetitiva.",15793b11bee9f0b3a6e86bd22cdd9a0c46057218e0df01ae7a703072eebd2dc9
CAP-V2_018-TPL_02,V2_018,SEM-8DD56A09C7883053,STR-32D96D397FD7BD30,SCAP-32D96D397FD7BD30-TPL_02,TPL_02,false,id,grecas_modular,ocre_marron_negro,grecas escalonadas,horizontal,modular,repetitiva,"Imagen abstracta en colores ocre, marrón y negro, formada por grecas escalonadas, con orientación horizontal, composición modular y simetría repetitiva.",99383aaca12248e494fb4d729245d078ce99a05c92f24b50cec7a6081f1881d7
CAP-V2_018-TPL_03,V2_018,SEM-8DD56A09C7883053,STR-32D96D397FD7BD30,SCAP-32D96D397FD7BD30-TPL_03,TPL_03,false,id,grecas_modular,ocre_marron_negro,grecas escalonadas,horizontal,modular,repetitiva,"Diseño de composición modular que muestra grecas escalonadas, orientación horizontal, simetría repetitiva y una paleta ocre, marrón y negro.",a54c53ce247d35456be2a5d2f85d7fc23a2a7917c52e703ca60d3412985d26af
CAP-V2_018-TPL_04,V2_018,SEM-8DD56A09C7883053,STR-32D96D397FD7BD30,SCAP-32D96D397FD7BD30-TPL_04,TPL_04,false,id,grecas_modular,ocre_marron_negro,grecas escalonadas,horizontal,modular,repetitiva,"Representación sintética de grecas escalonadas; la orientación es horizontal, la composición es modular, la simetría es repetitiva y los colores son ocre, marrón y negro.",e6cfcb1247d066a4a4444d20d114604333a5a3b7eaa5e842246b5648aaf62930
CAP-V2_018-TPL_05,V2_018,SEM-8DD56A09C7883053,STR-32D96D397FD7BD30,SCAP-32D96D397FD7BD30-TPL_05,TPL_05,false,id,grecas_modular,ocre_marron_negro,grecas escalonadas,horizontal,modular,repetitiva,"Textura geométrica con grecas escalonadas, orientación horizontal, composición modular, simetría repetitiva y combinación cromática ocre, marrón y negro.",3fd477d4b6d572c00a1e872c021466151958b93a37c110c23619e99271989b92
CAP-V2_019-TPL_01,V2_019,SEM-92B4FA22CEDB29E6,STR-32D96D397FD7BD30,SCAP-32D96D397FD7BD30-TPL_01,TPL_01,true,id,grecas_modular,blanco_negro_gris,grecas escalonadas,horizontal,modular,repetitiva,"Patr?n geom?trico sint?tico con paleta blanco, negro y gris; con grecas escalonadas como motivo principal; orientaci?n horizontal; composici?n modular; simetr?a repetitiva.",c113906bfd3d324b9f76cac6a140ab3dbb4af1438dd299634209cfda226a76fb
CAP-V2_019-TPL_02,V2_019,SEM-92B4FA22CEDB29E6,STR-32D96D397FD7BD30,SCAP-32D96D397FD7BD30-TPL_02,TPL_02,false,id,grecas_modular,blanco_negro_gris,grecas escalonadas,horizontal,modular,repetitiva,"Imagen abstracta en colores blanco, negro y gris, formada por grecas escalonadas, con orientación horizontal, composición modular y simetría repetitiva.",f3c0f24e9945e4d284032f64fa70167e787cc6d96596423624019168fa31d94d
CAP-V2_019-TPL_03,V2_019,SEM-92B4FA22CEDB29E6,STR-32D96D397FD7BD30,SCAP-32D96D397FD7BD30-TPL_03,TPL_03,false,id,grecas_modular,blanco_negro_gris,grecas escalonadas,horizontal,modular,repetitiva,"Diseño de composición modular que muestra grecas escalonadas, orientación horizontal, simetría repetitiva y una paleta blanco, negro y gris.",a6e4fba36799cacae4582af428cb913354b4d008e52f843a9dc65374bddd5d0b
CAP-V2_019-TPL_04,V2_019,SEM-92B4FA22CEDB29E6,STR-32D96D397FD7BD30,SCAP-32D96D397FD7BD30-TPL_04,TPL_04,false,id,grecas_modular,blanco_negro_gris,grecas escalonadas,horizontal,modular,repetitiva,"Representación sintética de grecas escalonadas; la orientación es horizontal, la composición es modular, la simetría es repetitiva y los colores son blanco, negro y gris.",edbb11e0f71729ceb1d732f60a3d6fa2c099571fbaf343e5072c3579801fa892
CAP-V2_019-TPL_05,V2_019,SEM-92B4FA22CEDB29E6,STR-32D96D397FD7BD30,SCAP-32D96D397FD7BD30-TPL_05,TPL_05,false,id,grecas_modular,blanco_negro_gris,grecas escalonadas,horizontal,modular,repetitiva,"Textura geométrica con grecas escalonadas, orientación horizontal, composición modular, simetría repetitiva y combinación cromática blanco, negro y gris.",eb66e50668b1fe2a3b625b56045b0e26ee567d590314d90b67c32945fdd7a912
CAP-V2_020-TPL_01,V2_020,SEM-A02450BA65AD4237,STR-32D96D397FD7BD30,SCAP-32D96D397FD7BD30-TPL_01,TPL_01,true,id,grecas_modular,multicolor_tierra,grecas escalonadas,horizontal,modular,repetitiva,"Patr?n geom?trico sint?tico con paleta rojo tierra, ocre, verde oscuro y azul profundo; con grecas escalonadas como motivo principal; orientaci?n horizontal; composici?n modular; simetr?a repetitiva.",5107a8c34710b549e316721790494ed3331ae577446f90b6299fd2daf93c36cb
CAP-V2_020-TPL_02,V2_020,SEM-A02450BA65AD4237,STR-32D96D397FD7BD30,SCAP-32D96D397FD7BD30-TPL_02,TPL_02,false,id,grecas_modular,multicolor_tierra,grecas escalonadas,horizontal,modular,repetitiva,"Imagen abstracta en colores rojo tierra, ocre, verde oscuro y azul profundo, formada por grecas escalonadas, con orientación horizontal, composición modular y simetría repetitiva.",10bb1576dad6989f7ca02b6926252cd3036180863f869785e825db54ed44373d
CAP-V2_020-TPL_03,V2_020,SEM-A02450BA65AD4237,STR-32D96D397FD7BD30,SCAP-32D96D397FD7BD30-TPL_03,TPL_03,false,id,grecas_modular,multicolor_tierra,grecas escalonadas,horizontal,modular,repetitiva,"Diseño de composición modular que muestra grecas escalonadas, orientación horizontal, simetría repetitiva y una paleta rojo tierra, ocre, verde oscuro y azul profundo.",d3a1742ba12278062d7995ac78c662e72c6e5b9ec14efac2b646ac5b6082851b
CAP-V2_020-TPL_04,V2_020,SEM-A02450BA65AD4237,STR-32D96D397FD7BD30,SCAP-32D96D397FD7BD30-TPL_04,TPL_04,false,id,grecas_modular,multicolor_tierra,grecas escalonadas,horizontal,modular,repetitiva,"Representación sintética de grecas escalonadas; la orientación es horizontal, la composición es modular, la simetría es repetitiva y los colores son rojo tierra, ocre, verde oscuro y azul profundo.",45d405c5f1e1f42f55bc8b3698def05e3cc828e906ddbddb4c65e3fa5d627ca3
CAP-V2_020-TPL_05,V2_020,SEM-A02450BA65AD4237,STR-32D96D397FD7BD30,SCAP-32D96D397FD7BD30-TPL_05,TPL_05,false,id,grecas_modular,multicolor_tierra,grecas escalonadas,horizontal,modular,repetitiva,"Textura geométrica con grecas escalonadas, orientación horizontal, composición modular, simetría repetitiva y combinación cromática rojo tierra, ocre, verde oscuro y azul profundo.",43e20fb22d99cb51cdec6fd5868edce3adfcedffde6a8936f264ff10b5375777
CAP-V2_021-TPL_01,V2_021,SEM-C35EEC4AAFF32C4A,STR-EFDC071AF166C8C3,SCAP-EFDC071AF166C8C3-TPL_01,TPL_01,true,id,grid_reticular,rojo_negro_crema,cuadrícula geométrica,bidireccional,reticular,repetitiva,"Patr?n geom?trico sint?tico con paleta rojo oscuro, negro y crema; con una cuadrícula geométrica como motivo principal; orientaci?n bidireccional; composici?n reticular; simetr?a repetitiva.",7fa11e86eca610b0e53faacd378395ab510f519bf4dab684c3d59d244c69e6d3
CAP-V2_021-TPL_02,V2_021,SEM-C35EEC4AAFF32C4A,STR-EFDC071AF166C8C3,SCAP-EFDC071AF166C8C3-TPL_02,TPL_02,false,id,grid_reticular,rojo_negro_crema,cuadrícula geométrica,bidireccional,reticular,repetitiva,"Imagen abstracta en colores rojo oscuro, negro y crema, formada por una cuadrícula geométrica, con orientación bidireccional, composición reticular y simetría repetitiva.",744739450c8eb1c57070384a27e0907ecc212804427c9a7d1635d24896270ac8
CAP-V2_021-TPL_03,V2_021,SEM-C35EEC4AAFF32C4A,STR-EFDC071AF166C8C3,SCAP-EFDC071AF166C8C3-TPL_03,TPL_03,false,id,grid_reticular,rojo_negro_crema,cuadrícula geométrica,bidireccional,reticular,repetitiva,"Diseño de composición reticular que muestra una cuadrícula geométrica, orientación bidireccional, simetría repetitiva y una paleta rojo oscuro, negro y crema.",ba994dba079d5bb3a16b9c57ad6857e05fcb5820360e67cdd522d1a43e117756
CAP-V2_021-TPL_04,V2_021,SEM-C35EEC4AAFF32C4A,STR-EFDC071AF166C8C3,SCAP-EFDC071AF166C8C3-TPL_04,TPL_04,false,id,grid_reticular,rojo_negro_crema,cuadrícula geométrica,bidireccional,reticular,repetitiva,"Representación sintética de una cuadrícula geométrica; la orientación es bidireccional, la composición es reticular, la simetría es repetitiva y los colores son rojo oscuro, negro y crema.",5789a5aefaa4dd7825d3f9210cb9c72d6779a9f98c6a35fdfa5a9aea86c941c5
CAP-V2_021-TPL_05,V2_021,SEM-C35EEC4AAFF32C4A,STR-EFDC071AF166C8C3,SCAP-EFDC071AF166C8C3-TPL_05,TPL_05,false,id,grid_reticular,rojo_negro_crema,cuadrícula geométrica,bidireccional,reticular,repetitiva,"Textura geométrica con una cuadrícula geométrica, orientación bidireccional, composición reticular, simetría repetitiva y combinación cromática rojo oscuro, negro y crema.",89be9c33c597228c3b86873abee99b1aa4fde566f75df97fff099629377bde15
CAP-V2_022-TPL_01,V2_022,SEM-14694FF153156266,STR-EFDC071AF166C8C3,SCAP-EFDC071AF166C8C3-TPL_01,TPL_01,true,id,grid_reticular,azul_crema_marron,cuadrícula geométrica,bidireccional,reticular,repetitiva,"Patr?n geom?trico sint?tico con paleta azul profundo, crema y marrón; con una cuadrícula geométrica como motivo principal; orientaci?n bidireccional; composici?n reticular; simetr?a repetitiva.",d2312a9a2645811a496e58a4401b84fda3a670db6c4900b85251056b14a64521
CAP-V2_022-TPL_02,V2_022,SEM-14694FF153156266,STR-EFDC071AF166C8C3,SCAP-EFDC071AF166C8C3-TPL_02,TPL_02,false,id,grid_reticular,azul_crema_marron,cuadrícula geométrica,bidireccional,reticular,repetitiva,"Imagen abstracta en colores azul profundo, crema y marrón, formada por una cuadrícula geométrica, con orientación bidireccional, composición reticular y simetría repetitiva.",d801b981687191dca0fd498cd28f0693f3d9af12bc5865b3a8937fb4c16d84a8
CAP-V2_022-TPL_03,V2_022,SEM-14694FF153156266,STR-EFDC071AF166C8C3,SCAP-EFDC071AF166C8C3-TPL_03,TPL_03,false,id,grid_reticular,azul_crema_marron,cuadrícula geométrica,bidireccional,reticular,repetitiva,"Diseño de composición reticular que muestra una cuadrícula geométrica, orientación bidireccional, simetría repetitiva y una paleta azul profundo, crema y marrón.",f76c24ad0b934bcac024bca64be2e5f82d912e58c2dfd1cd826e657674ff766d
CAP-V2_022-TPL_04,V2_022,SEM-14694FF153156266,STR-EFDC071AF166C8C3,SCAP-EFDC071AF166C8C3-TPL_04,TPL_04,false,id,grid_reticular,azul_crema_marron,cuadrícula geométrica,bidireccional,reticular,repetitiva,"Representación sintética de una cuadrícula geométrica; la orientación es bidireccional, la composición es reticular, la simetría es repetitiva y los colores son azul profundo, crema y marrón.",798ea956e2c96aa1ab5fc1876b3e697b1731a4f5a085ebcf01623f6e8feac13f
CAP-V2_022-TPL_05,V2_022,SEM-14694FF153156266,STR-EFDC071AF166C8C3,SCAP-EFDC071AF166C8C3-TPL_05,TPL_05,false,id,grid_reticular,azul_crema_marron,cuadrícula geométrica,bidireccional,reticular,repetitiva,"Textura geométrica con una cuadrícula geométrica, orientación bidireccional, composición reticular, simetría repetitiva y combinación cromática azul profundo, crema y marrón.",86368a3507fc0319eae14ac512d27f28a82603c523bc7f96bf3a556edfea51fe
CAP-V2_023-TPL_01,V2_023,SEM-E2B97A08DEBB8084,STR-EFDC071AF166C8C3,SCAP-EFDC071AF166C8C3-TPL_01,TPL_01,true,id,grid_reticular,ocre_marron_negro,cuadrícula geométrica,bidireccional,reticular,repetitiva,"Patr?n geom?trico sint?tico con paleta ocre, marrón y negro; con una cuadrícula geométrica como motivo principal; orientaci?n bidireccional; composici?n reticular; simetr?a repetitiva.",5443d1ba2964485e2d31714ad00b7c471a6d101e0ea712ee239a5bb7dd02a03b
CAP-V2_023-TPL_02,V2_023,SEM-E2B97A08DEBB8084,STR-EFDC071AF166C8C3,SCAP-EFDC071AF166C8C3-TPL_02,TPL_02,false,id,grid_reticular,ocre_marron_negro,cuadrícula geométrica,bidireccional,reticular,repetitiva,"Imagen abstracta en colores ocre, marrón y negro, formada por una cuadrícula geométrica, con orientación bidireccional, composición reticular y simetría repetitiva.",ebe0f79a64d264914a54c4ade96d3ff000ccc9a78d46c03e4767940144bbb3ee
CAP-V2_023-TPL_03,V2_023,SEM-E2B97A08DEBB8084,STR-EFDC071AF166C8C3,SCAP-EFDC071AF166C8C3-TPL_03,TPL_03,false,id,grid_reticular,ocre_marron_negro,cuadrícula geométrica,bidireccional,reticular,repetitiva,"Diseño de composición reticular que muestra una cuadrícula geométrica, orientación bidireccional, simetría repetitiva y una paleta ocre, marrón y negro.",2f8aec162ea8c797df5fb62894ae52456eea0363b01809aca958213d0ab7487e
CAP-V2_023-TPL_04,V2_023,SEM-E2B97A08DEBB8084,STR-EFDC071AF166C8C3,SCAP-EFDC071AF166C8C3-TPL_04,TPL_04,false,id,grid_reticular,ocre_marron_negro,cuadrícula geométrica,bidireccional,reticular,repetitiva,"Representación sintética de una cuadrícula geométrica; la orientación es bidireccional, la composición es reticular, la simetría es repetitiva y los colores son ocre, marrón y negro.",6a85b781fb812d08964481a3de5800b95a808e4002d08afab892babb37ba4d7d
CAP-V2_023-TPL_05,V2_023,SEM-E2B97A08DEBB8084,STR-EFDC071AF166C8C3,SCAP-EFDC071AF166C8C3-TPL_05,TPL_05,false,id,grid_reticular,ocre_marron_negro,cuadrícula geométrica,bidireccional,reticular,repetitiva,"Textura geométrica con una cuadrícula geométrica, orientación bidireccional, composición reticular, simetría repetitiva y combinación cromática ocre, marrón y negro.",243bc5d869acf8dd4d108eb4f20dbef4af0930e604a671312eac40ecc8fd70b3
CAP-V2_024-TPL_01,V2_024,SEM-E18D189C6A8F47C1,STR-EFDC071AF166C8C3,SCAP-EFDC071AF166C8C3-TPL_01,TPL_01,true,id,grid_reticular,blanco_negro_gris,cuadrícula geométrica,bidireccional,reticular,repetitiva,"Patr?n geom?trico sint?tico con paleta blanco, negro y gris; con una cuadrícula geométrica como motivo principal; orientaci?n bidireccional; composici?n reticular; simetr?a repetitiva.",bb4f2899b317cb064c3cf9f7533bd21d4b3e08bc9c87580ea6e63eef1a2cdd73
CAP-V2_024-TPL_02,V2_024,SEM-E18D189C6A8F47C1,STR-EFDC071AF166C8C3,SCAP-EFDC071AF166C8C3-TPL_02,TPL_02,false,id,grid_reticular,blanco_negro_gris,cuadrícula geométrica,bidireccional,reticular,repetitiva,"Imagen abstracta en colores blanco, negro y gris, formada por una cuadrícula geométrica, con orientación bidireccional, composición reticular y simetría repetitiva.",992f26ab3860df1a89fab201d468a925e623c39574ee14b4fd2b1475cdadc33c
CAP-V2_024-TPL_03,V2_024,SEM-E18D189C6A8F47C1,STR-EFDC071AF166C8C3,SCAP-EFDC071AF166C8C3-TPL_03,TPL_03,false,id,grid_reticular,blanco_negro_gris,cuadrícula geométrica,bidireccional,reticular,repetitiva,"Diseño de composición reticular que muestra una cuadrícula geométrica, orientación bidireccional, simetría repetitiva y una paleta blanco, negro y gris.",a2bdd6117cc215f867931f64d2406211251abfbf1a998d29bb04a2a4249df4e7
CAP-V2_024-TPL_04,V2_024,SEM-E18D189C6A8F47C1,STR-EFDC071AF166C8C3,SCAP-EFDC071AF166C8C3-TPL_04,TPL_04,false,id,grid_reticular,blanco_negro_gris,cuadrícula geométrica,bidireccional,reticular,repetitiva,"Representación sintética de una cuadrícula geométrica; la orientación es bidireccional, la composición es reticular, la simetría es repetitiva y los colores son blanco, negro y gris.",1805cbf7e5e7540965142eef7f0d67a571fa2565fb743aeea4f74d28a1b71bcf
CAP-V2_024-TPL_05,V2_024,SEM-E18D189C6A8F47C1,STR-EFDC071AF166C8C3,SCAP-EFDC071AF166C8C3-TPL_05,TPL_05,false,id,grid_reticular,blanco_negro_gris,cuadrícula geométrica,bidireccional,reticular,repetitiva,"Textura geométrica con una cuadrícula geométrica, orientación bidireccional, composición reticular, simetría repetitiva y combinación cromática blanco, negro y gris.",cf4f38dd3a03a3937e8e6d269686a61768ebc249502dc361fe133b5a01bbd520
CAP-V2_025-TPL_01,V2_025,SEM-07F558960B386287,STR-EFDC071AF166C8C3,SCAP-EFDC071AF166C8C3-TPL_01,TPL_01,true,id,grid_reticular,multicolor_tierra,cuadrícula geométrica,bidireccional,reticular,repetitiva,"Patr?n geom?trico sint?tico con paleta rojo tierra, ocre, verde oscuro y azul profundo; con una cuadrícula geométrica como motivo principal; orientaci?n bidireccional; composici?n reticular; simetr?a repetitiva.",e71c1df2ae8a2faaeb5229f9def517172d8875bfa287f47f447e7ef4706f0c33
CAP-V2_025-TPL_02,V2_025,SEM-07F558960B386287,STR-EFDC071AF166C8C3,SCAP-EFDC071AF166C8C3-TPL_02,TPL_02,false,id,grid_reticular,multicolor_tierra,cuadrícula geométrica,bidireccional,reticular,repetitiva,"Imagen abstracta en colores rojo tierra, ocre, verde oscuro y azul profundo, formada por una cuadrícula geométrica, con orientación bidireccional, composición reticular y simetría repetitiva.",0a49a3e7aec236c69016cc64bbeaf2d345a02bc963dab1ef532b510f48d0df2c
CAP-V2_025-TPL_03,V2_025,SEM-07F558960B386287,STR-EFDC071AF166C8C3,SCAP-EFDC071AF166C8C3-TPL_03,TPL_03,false,id,grid_reticular,multicolor_tierra,cuadrícula geométrica,bidireccional,reticular,repetitiva,"Diseño de composición reticular que muestra una cuadrícula geométrica, orientación bidireccional, simetría repetitiva y una paleta rojo tierra, ocre, verde oscuro y azul profundo.",87ebb9bbf0c8239eac45189187ce08480ca9e40776741b79a74b8dd7ec53993e
CAP-V2_025-TPL_04,V2_025,SEM-07F558960B386287,STR-EFDC071AF166C8C3,SCAP-EFDC071AF166C8C3-TPL_04,TPL_04,false,id,grid_reticular,multicolor_tierra,cuadrícula geométrica,bidireccional,reticular,repetitiva,"Representación sintética de una cuadrícula geométrica; la orientación es bidireccional, la composición es reticular, la simetría es repetitiva y los colores son rojo tierra, ocre, verde oscuro y azul profundo.",8ac3b7e14549f46bd26553219fcd15a2d905876e98344e75b411e9ab9fbb39e4
CAP-V2_025-TPL_05,V2_025,SEM-07F558960B386287,STR-EFDC071AF166C8C3,SCAP-EFDC071AF166C8C3-TPL_05,TPL_05,false,id,grid_reticular,multicolor_tierra,cuadrícula geométrica,bidireccional,reticular,repetitiva,"Textura geométrica con una cuadrícula geométrica, orientación bidireccional, composición reticular, simetría repetitiva y combinación cromática rojo tierra, ocre, verde oscuro y azul profundo.",5169e110f769450da046316b6bf6c42ce6907a65137c8687ed30fa514d28a676
CAP-V2_026-TPL_01,V2_026,SEM-13F83CA2D0998B44,STR-7193EBD1DE12399C,SCAP-7193EBD1DE12399C-TPL_01,TPL_01,true,id,mixed_asymmetric,rojo_negro_crema,motivos geométricos combinados,mixta,mixta,asimétrica,"Patr?n geom?trico sint?tico con paleta rojo oscuro, negro y crema; con motivos geométricos combinados como motivo principal; orientaci?n mixta; composici?n mixta; simetr?a asimétrica.",d4a6470f0deee63becb0a70780ae01e10c78aec1e02635a028d978dce082b77e
CAP-V2_026-TPL_02,V2_026,SEM-13F83CA2D0998B44,STR-7193EBD1DE12399C,SCAP-7193EBD1DE12399C-TPL_02,TPL_02,false,id,mixed_asymmetric,rojo_negro_crema,motivos geométricos combinados,mixta,mixta,asimétrica,"Imagen abstracta en colores rojo oscuro, negro y crema, formada por motivos geométricos combinados, con orientación mixta, composición mixta y simetría asimétrica.",961ba880775acba83044c5185d549794e2633558b05570c3c7d6a29367283186
CAP-V2_026-TPL_03,V2_026,SEM-13F83CA2D0998B44,STR-7193EBD1DE12399C,SCAP-7193EBD1DE12399C-TPL_03,TPL_03,false,id,mixed_asymmetric,rojo_negro_crema,motivos geométricos combinados,mixta,mixta,asimétrica,"Diseño de composición mixta que muestra motivos geométricos combinados, orientación mixta, simetría asimétrica y una paleta rojo oscuro, negro y crema.",9d10ff1ca0c4a49ff5ae471cb25706d59b46ec65c6ebe22ff24dd612b978f923
CAP-V2_026-TPL_04,V2_026,SEM-13F83CA2D0998B44,STR-7193EBD1DE12399C,SCAP-7193EBD1DE12399C-TPL_04,TPL_04,false,id,mixed_asymmetric,rojo_negro_crema,motivos geométricos combinados,mixta,mixta,asimétrica,"Representación sintética de motivos geométricos combinados; la orientación es mixta, la composición es mixta, la simetría es asimétrica y los colores son rojo oscuro, negro y crema.",2c573e7ceeab6ba6bd5c7af3035426098464e721d7561d10ac9a5d9719510621
CAP-V2_026-TPL_05,V2_026,SEM-13F83CA2D0998B44,STR-7193EBD1DE12399C,SCAP-7193EBD1DE12399C-TPL_05,TPL_05,false,id,mixed_asymmetric,rojo_negro_crema,motivos geométricos combinados,mixta,mixta,asimétrica,"Textura geométrica con motivos geométricos combinados, orientación mixta, composición mixta, simetría asimétrica y combinación cromática rojo oscuro, negro y crema.",79a7b8d8a8f0c5c66ee1bdaef280ca581800f152728131c75eb99dfc06dbf3ee
CAP-V2_027-TPL_01,V2_027,SEM-A81DDA56894526D2,STR-7193EBD1DE12399C,SCAP-7193EBD1DE12399C-TPL_01,TPL_01,true,id,mixed_asymmetric,azul_crema_marron,motivos geométricos combinados,mixta,mixta,asimétrica,"Patr?n geom?trico sint?tico con paleta azul profundo, crema y marrón; con motivos geométricos combinados como motivo principal; orientaci?n mixta; composici?n mixta; simetr?a asimétrica.",b97e20697ec47ff542e55636a30866e8105a763dd6a377531e0b8dfcf33b0e4f
CAP-V2_027-TPL_02,V2_027,SEM-A81DDA56894526D2,STR-7193EBD1DE12399C,SCAP-7193EBD1DE12399C-TPL_02,TPL_02,false,id,mixed_asymmetric,azul_crema_marron,motivos geométricos combinados,mixta,mixta,asimétrica,"Imagen abstracta en colores azul profundo, crema y marrón, formada por motivos geométricos combinados, con orientación mixta, composición mixta y simetría asimétrica.",2960b469a1d2e71b85f02d11ca99342cff4273e36d5d247b13b2de0b6bfa8302
CAP-V2_027-TPL_03,V2_027,SEM-A81DDA56894526D2,STR-7193EBD1DE12399C,SCAP-7193EBD1DE12399C-TPL_03,TPL_03,false,id,mixed_asymmetric,azul_crema_marron,motivos geométricos combinados,mixta,mixta,asimétrica,"Diseño de composición mixta que muestra motivos geométricos combinados, orientación mixta, simetría asimétrica y una paleta azul profundo, crema y marrón.",b541dc250f46cf13e063e859e09363fa304a6a7aab3f9ff11b18707f3f1776a5
CAP-V2_027-TPL_04,V2_027,SEM-A81DDA56894526D2,STR-7193EBD1DE12399C,SCAP-7193EBD1DE12399C-TPL_04,TPL_04,false,id,mixed_asymmetric,azul_crema_marron,motivos geométricos combinados,mixta,mixta,asimétrica,"Representación sintética de motivos geométricos combinados; la orientación es mixta, la composición es mixta, la simetría es asimétrica y los colores son azul profundo, crema y marrón.",4b888c8f1771b1c6659c53307a31ab98feb884a26add675886ecee959dd1548b
CAP-V2_027-TPL_05,V2_027,SEM-A81DDA56894526D2,STR-7193EBD1DE12399C,SCAP-7193EBD1DE12399C-TPL_05,TPL_05,false,id,mixed_asymmetric,azul_crema_marron,motivos geométricos combinados,mixta,mixta,asimétrica,"Textura geométrica con motivos geométricos combinados, orientación mixta, composición mixta, simetría asimétrica y combinación cromática azul profundo, crema y marrón.",2a3b1be4d0d4c54b6f30c649d39836ed51fdc5d8f78bfc3d9eb076e8e7207c7e
CAP-V2_028-TPL_01,V2_028,SEM-395EB585FE6F4A0F,STR-7193EBD1DE12399C,SCAP-7193EBD1DE12399C-TPL_01,TPL_01,true,id,mixed_asymmetric,ocre_marron_negro,motivos geométricos combinados,mixta,mixta,asimétrica,"Patr?n geom?trico sint?tico con paleta ocre, marrón y negro; con motivos geométricos combinados como motivo principal; orientaci?n mixta; composici?n mixta; simetr?a asimétrica.",70a8fd3b0fbe9ea35b4eeb91acb526ca3e525569ab08847ab8279a5f4dad6bed
CAP-V2_028-TPL_02,V2_028,SEM-395EB585FE6F4A0F,STR-7193EBD1DE12399C,SCAP-7193EBD1DE12399C-TPL_02,TPL_02,false,id,mixed_asymmetric,ocre_marron_negro,motivos geométricos combinados,mixta,mixta,asimétrica,"Imagen abstracta en colores ocre, marrón y negro, formada por motivos geométricos combinados, con orientación mixta, composición mixta y simetría asimétrica.",2b1de60ac21acd03e10e047e1b83b5432b4a1833082eba85a495e5913fb79608
CAP-V2_028-TPL_03,V2_028,SEM-395EB585FE6F4A0F,STR-7193EBD1DE12399C,SCAP-7193EBD1DE12399C-TPL_03,TPL_03,false,id,mixed_asymmetric,ocre_marron_negro,motivos geométricos combinados,mixta,mixta,asimétrica,"Diseño de composición mixta que muestra motivos geométricos combinados, orientación mixta, simetría asimétrica y una paleta ocre, marrón y negro.",c9d72356739b1f9a7ed652ac8c52462c6c1fcdffedeea4892de3a3a6750d340e
CAP-V2_028-TPL_04,V2_028,SEM-395EB585FE6F4A0F,STR-7193EBD1DE12399C,SCAP-7193EBD1DE12399C-TPL_04,TPL_04,false,id,mixed_asymmetric,ocre_marron_negro,motivos geométricos combinados,mixta,mixta,asimétrica,"Representación sintética de motivos geométricos combinados; la orientación es mixta, la composición es mixta, la simetría es asimétrica y los colores son ocre, marrón y negro.",7c168bdf4f386936f22dc947139ab8ce757a2c9ec263958d3afd9f310f524a41
CAP-V2_028-TPL_05,V2_028,SEM-395EB585FE6F4A0F,STR-7193EBD1DE12399C,SCAP-7193EBD1DE12399C-TPL_05,TPL_05,false,id,mixed_asymmetric,ocre_marron_negro,motivos geométricos combinados,mixta,mixta,asimétrica,"Textura geométrica con motivos geométricos combinados, orientación mixta, composición mixta, simetría asimétrica y combinación cromática ocre, marrón y negro.",c30bec42323826bd43cf62d5e45d692f8b6e458ce7026234dfc7f998b6471275
CAP-V2_029-TPL_01,V2_029,SEM-4F620F242D17BFDE,STR-7193EBD1DE12399C,SCAP-7193EBD1DE12399C-TPL_01,TPL_01,true,id,mixed_asymmetric,blanco_negro_gris,motivos geométricos combinados,mixta,mixta,asimétrica,"Patr?n geom?trico sint?tico con paleta blanco, negro y gris; con motivos geométricos combinados como motivo principal; orientaci?n mixta; composici?n mixta; simetr?a asimétrica.",a37c216a694563e2ff41c78e7b635d569d495c62594e16d6d8a84b7d41199c63
CAP-V2_029-TPL_02,V2_029,SEM-4F620F242D17BFDE,STR-7193EBD1DE12399C,SCAP-7193EBD1DE12399C-TPL_02,TPL_02,false,id,mixed_asymmetric,blanco_negro_gris,motivos geométricos combinados,mixta,mixta,asimétrica,"Imagen abstracta en colores blanco, negro y gris, formada por motivos geométricos combinados, con orientación mixta, composición mixta y simetría asimétrica.",2db678d360fead34f90fa4ec6cf06069bc3bde7d0b19d8520dbfa69caee708b9
CAP-V2_029-TPL_03,V2_029,SEM-4F620F242D17BFDE,STR-7193EBD1DE12399C,SCAP-7193EBD1DE12399C-TPL_03,TPL_03,false,id,mixed_asymmetric,blanco_negro_gris,motivos geométricos combinados,mixta,mixta,asimétrica,"Diseño de composición mixta que muestra motivos geométricos combinados, orientación mixta, simetría asimétrica y una paleta blanco, negro y gris.",61816e15f89f94f40b22f174a6b5bb11c074180541543a2a05b74838e48f8220
CAP-V2_029-TPL_04,V2_029,SEM-4F620F242D17BFDE,STR-7193EBD1DE12399C,SCAP-7193EBD1DE12399C-TPL_04,TPL_04,false,id,mixed_asymmetric,blanco_negro_gris,motivos geométricos combinados,mixta,mixta,asimétrica,"Representación sintética de motivos geométricos combinados; la orientación es mixta, la composición es mixta, la simetría es asimétrica y los colores son blanco, negro y gris.",356a849537003f85639add198fb748a1d68a457709120396e53bfc65e1c17458
CAP-V2_029-TPL_05,V2_029,SEM-4F620F242D17BFDE,STR-7193EBD1DE12399C,SCAP-7193EBD1DE12399C-TPL_05,TPL_05,false,id,mixed_asymmetric,blanco_negro_gris,motivos geométricos combinados,mixta,mixta,asimétrica,"Textura geométrica con motivos geométricos combinados, orientación mixta, composición mixta, simetría asimétrica y combinación cromática blanco, negro y gris.",20739d0903e04e3407fff83f2ee2d970a8d3b95008d083efd9c8e435423511bc
CAP-V2_030-TPL_01,V2_030,SEM-395AFC2FCA575E5C,STR-7193EBD1DE12399C,SCAP-7193EBD1DE12399C-TPL_01,TPL_01,true,id,mixed_asymmetric,multicolor_tierra,motivos geométricos combinados,mixta,mixta,asimétrica,"Patr?n geom?trico sint?tico con paleta rojo tierra, ocre, verde oscuro y azul profundo; con motivos geométricos combinados como motivo principal; orientaci?n mixta; composici?n mixta; simetr?a asimétrica.",7d760f9de706f7742499756338643a7ab28bd888340c604831c06273f8085a5d
CAP-V2_030-TPL_02,V2_030,SEM-395AFC2FCA575E5C,STR-7193EBD1DE12399C,SCAP-7193EBD1DE12399C-TPL_02,TPL_02,false,id,mixed_asymmetric,multicolor_tierra,motivos geométricos combinados,mixta,mixta,asimétrica,"Imagen abstracta en colores rojo tierra, ocre, verde oscuro y azul profundo, formada por motivos geométricos combinados, con orientación mixta, composición mixta y simetría asimétrica.",eed59e2ce3838bf7b3e5f2c25fae04cf8869fe564c3c68a28b096c743057c065
CAP-V2_030-TPL_03,V2_030,SEM-395AFC2FCA575E5C,STR-7193EBD1DE12399C,SCAP-7193EBD1DE12399C-TPL_03,TPL_03,false,id,mixed_asymmetric,multicolor_tierra,motivos geométricos combinados,mixta,mixta,asimétrica,"Diseño de composición mixta que muestra motivos geométricos combinados, orientación mixta, simetría asimétrica y una paleta rojo tierra, ocre, verde oscuro y azul profundo.",96d1729c28d49f95969e3c37eeb326b4582d008da3fe52c681d19fac86167ab4
CAP-V2_030-TPL_04,V2_030,SEM-395AFC2FCA575E5C,STR-7193EBD1DE12399C,SCAP-7193EBD1DE12399C-TPL_04,TPL_04,false,id,mixed_asymmetric,multicolor_tierra,motivos geométricos combinados,mixta,mixta,asimétrica,"Representación sintética de motivos geométricos combinados; la orientación es mixta, la composición es mixta, la simetría es asimétrica y los colores son rojo tierra, ocre, verde oscuro y azul profundo.",47e0f3a8fc7e1ae6571bb854071bc2a1d12e4a0011bde2e2600ade075c6d91f6
CAP-V2_030-TPL_05,V2_030,SEM-395AFC2FCA575E5C,STR-7193EBD1DE12399C,SCAP-7193EBD1DE12399C-TPL_05,TPL_05,false,id,mixed_asymmetric,multicolor_tierra,motivos geométricos combinados,mixta,mixta,asimétrica,"Textura geométrica con motivos geométricos combinados, orientación mixta, composición mixta, simetría asimétrica y combinación cromática rojo tierra, ocre, verde oscuro y azul profundo.",5370b5abcfd7145b329de87f5969d013b08f6bb695689d8c5288847056efabfa
CAP-V2_031-TPL_01,V2_031,SEM-5385CECF3CA2ED7C,STR-A3FE31524DCA0243,SCAP-A3FE31524DCA0243-TPL_01,TPL_01,true,ood_palette,bands_horizontal,verde_ocre_crema,bandas geométricas,horizontal,bandas,repetitiva,"Patr?n geom?trico sint?tico con paleta verde, ocre y crema; con bandas geométricas como motivo principal; orientaci?n horizontal; composici?n en bandas; simetr?a repetitiva.",896b7f8cd21b36fd5c309a662061624bb83a98bc253d14e49f63db4fdd958597
CAP-V2_031-TPL_02,V2_031,SEM-5385CECF3CA2ED7C,STR-A3FE31524DCA0243,SCAP-A3FE31524DCA0243-TPL_02,TPL_02,false,ood_palette,bands_horizontal,verde_ocre_crema,bandas geométricas,horizontal,bandas,repetitiva,"Imagen abstracta en colores verde, ocre y crema, formada por bandas geométricas, con orientación horizontal, composición en bandas y simetría repetitiva.",12ab3a00dae37d9aa64e59aacaa315793fc0210431534779330ec838f8558f55
CAP-V2_031-TPL_03,V2_031,SEM-5385CECF3CA2ED7C,STR-A3FE31524DCA0243,SCAP-A3FE31524DCA0243-TPL_03,TPL_03,false,ood_palette,bands_horizontal,verde_ocre_crema,bandas geométricas,horizontal,bandas,repetitiva,"Diseño de composición en bandas que muestra bandas geométricas, orientación horizontal, simetría repetitiva y una paleta verde, ocre y crema.",c608d7f0508e558c36d8660158e892049b742dc3bbbd9342630ea547d0695593
CAP-V2_031-TPL_04,V2_031,SEM-5385CECF3CA2ED7C,STR-A3FE31524DCA0243,SCAP-A3FE31524DCA0243-TPL_04,TPL_04,false,ood_palette,bands_horizontal,verde_ocre_crema,bandas geométricas,horizontal,bandas,repetitiva,"Representación sintética de bandas geométricas; la orientación es horizontal, la composición es en bandas, la simetría es repetitiva y los colores son verde, ocre y crema.",9b4b22e92029a5565148a3ddab46a84f139a84d792f6aa8d557e07cfcfabeb80
CAP-V2_031-TPL_05,V2_031,SEM-5385CECF3CA2ED7C,STR-A3FE31524DCA0243,SCAP-A3FE31524DCA0243-TPL_05,TPL_05,false,ood_palette,bands_horizontal,verde_ocre_crema,bandas geométricas,horizontal,bandas,repetitiva,"Textura geométrica con bandas geométricas, orientación horizontal, composición en bandas, simetría repetitiva y combinación cromática verde, ocre y crema.",3c251744753346f60f3eaba84adfbf8a23348363fd0a0a85a4f43ff9241bc3f2
CAP-V2_032-TPL_01,V2_032,SEM-EBDDE1D48F194248,STR-A3FE31524DCA0243,SCAP-A3FE31524DCA0243-TPL_01,TPL_01,true,ood_palette,bands_horizontal,morado_gris_rosa,bandas geométricas,horizontal,bandas,repetitiva,"Patr?n geom?trico sint?tico con paleta morado, gris y rosa; con bandas geométricas como motivo principal; orientaci?n horizontal; composici?n en bandas; simetr?a repetitiva.",4db8535076c9c1a0f9c2b3c6446c2534884928d1ecf26b3388b66e348f986365
CAP-V2_032-TPL_02,V2_032,SEM-EBDDE1D48F194248,STR-A3FE31524DCA0243,SCAP-A3FE31524DCA0243-TPL_02,TPL_02,false,ood_palette,bands_horizontal,morado_gris_rosa,bandas geométricas,horizontal,bandas,repetitiva,"Imagen abstracta en colores morado, gris y rosa, formada por bandas geométricas, con orientación horizontal, composición en bandas y simetría repetitiva.",71eb03a790fe1bb05dc812675f8d5172ff228bc1c1399b1f3a23008e6927ccd9
CAP-V2_032-TPL_03,V2_032,SEM-EBDDE1D48F194248,STR-A3FE31524DCA0243,SCAP-A3FE31524DCA0243-TPL_03,TPL_03,false,ood_palette,bands_horizontal,morado_gris_rosa,bandas geométricas,horizontal,bandas,repetitiva,"Diseño de composición en bandas que muestra bandas geométricas, orientación horizontal, simetría repetitiva y una paleta morado, gris y rosa.",13ecbe7d61a093e434b2dd5c84ed50977076f802d3cfa0b773dbb2314eb13ffe
CAP-V2_032-TPL_04,V2_032,SEM-EBDDE1D48F194248,STR-A3FE31524DCA0243,SCAP-A3FE31524DCA0243-TPL_04,TPL_04,false,ood_palette,bands_horizontal,morado_gris_rosa,bandas geométricas,horizontal,bandas,repetitiva,"Representación sintética de bandas geométricas; la orientación es horizontal, la composición es en bandas, la simetría es repetitiva y los colores son morado, gris y rosa.",ba94f5d4ef231235e9750d882c89faa7cad3a78da0323c35d2389527cb9fef0d
CAP-V2_032-TPL_05,V2_032,SEM-EBDDE1D48F194248,STR-A3FE31524DCA0243,SCAP-A3FE31524DCA0243-TPL_05,TPL_05,false,ood_palette,bands_horizontal,morado_gris_rosa,bandas geométricas,horizontal,bandas,repetitiva,"Textura geométrica con bandas geométricas, orientación horizontal, composición en bandas, simetría repetitiva y combinación cromática morado, gris y rosa.",891f2b59d3b03521a2dd08a960f1c48c0c975b678e08b0f2c63d246c9ab8034c
CAP-V2_033-TPL_01,V2_033,SEM-5B7B82044BDAE8EB,STR-390DD4719A974C7E,SCAP-390DD4719A974C7E-TPL_01,TPL_01,true,ood_palette,bands_vertical,verde_ocre_crema,bandas geométricas,vertical,bandas,repetitiva,"Patr?n geom?trico sint?tico con paleta verde, ocre y crema; con bandas geométricas como motivo principal; orientaci?n vertical; composici?n en bandas; simetr?a repetitiva.",1522d3a35c6de7fda3a6fc10d116ee8267a0071885b9cb2fdf07c5218312b22f
CAP-V2_033-TPL_02,V2_033,SEM-5B7B82044BDAE8EB,STR-390DD4719A974C7E,SCAP-390DD4719A974C7E-TPL_02,TPL_02,false,ood_palette,bands_vertical,verde_ocre_crema,bandas geométricas,vertical,bandas,repetitiva,"Imagen abstracta en colores verde, ocre y crema, formada por bandas geométricas, con orientación vertical, composición en bandas y simetría repetitiva.",82fd5c546d8f587910957aaebf1b9078ff230d3b8113811285ddef9be866cd71
CAP-V2_033-TPL_03,V2_033,SEM-5B7B82044BDAE8EB,STR-390DD4719A974C7E,SCAP-390DD4719A974C7E-TPL_03,TPL_03,false,ood_palette,bands_vertical,verde_ocre_crema,bandas geométricas,vertical,bandas,repetitiva,"Diseño de composición en bandas que muestra bandas geométricas, orientación vertical, simetría repetitiva y una paleta verde, ocre y crema.",4a53d4de6ec799e04da903f8cb4a1fa01bf0d332147f1faa9f872d1fa7d7c737
CAP-V2_033-TPL_04,V2_033,SEM-5B7B82044BDAE8EB,STR-390DD4719A974C7E,SCAP-390DD4719A974C7E-TPL_04,TPL_04,false,ood_palette,bands_vertical,verde_ocre_crema,bandas geométricas,vertical,bandas,repetitiva,"Representación sintética de bandas geométricas; la orientación es vertical, la composición es en bandas, la simetría es repetitiva y los colores son verde, ocre y crema.",a89f8edc48f1039124e9f8272b8340d8b3399c9d5d29b0ae55f1204a9afeedfa
CAP-V2_033-TPL_05,V2_033,SEM-5B7B82044BDAE8EB,STR-390DD4719A974C7E,SCAP-390DD4719A974C7E-TPL_05,TPL_05,false,ood_palette,bands_vertical,verde_ocre_crema,bandas geométricas,vertical,bandas,repetitiva,"Textura geométrica con bandas geométricas, orientación vertical, composición en bandas, simetría repetitiva y combinación cromática verde, ocre y crema.",b9d2de16870616a806542cac488a331fd3b2e513a96e4bc14e0fd8291a212ea0
CAP-V2_034-TPL_01,V2_034,SEM-E53EDC29A9BA52BC,STR-390DD4719A974C7E,SCAP-390DD4719A974C7E-TPL_01,TPL_01,true,ood_palette,bands_vertical,morado_gris_rosa,bandas geométricas,vertical,bandas,repetitiva,"Patr?n geom?trico sint?tico con paleta morado, gris y rosa; con bandas geométricas como motivo principal; orientaci?n vertical; composici?n en bandas; simetr?a repetitiva.",648fce6e082f66c736c13a9cdcd039e0e62718512f27de84ebfebef528f3e732
CAP-V2_034-TPL_02,V2_034,SEM-E53EDC29A9BA52BC,STR-390DD4719A974C7E,SCAP-390DD4719A974C7E-TPL_02,TPL_02,false,ood_palette,bands_vertical,morado_gris_rosa,bandas geométricas,vertical,bandas,repetitiva,"Imagen abstracta en colores morado, gris y rosa, formada por bandas geométricas, con orientación vertical, composición en bandas y simetría repetitiva.",302ae668a21820872e6dde898d2d08990125f422810567b477a336a281f44884
CAP-V2_034-TPL_03,V2_034,SEM-E53EDC29A9BA52BC,STR-390DD4719A974C7E,SCAP-390DD4719A974C7E-TPL_03,TPL_03,false,ood_palette,bands_vertical,morado_gris_rosa,bandas geométricas,vertical,bandas,repetitiva,"Diseño de composición en bandas que muestra bandas geométricas, orientación vertical, simetría repetitiva y una paleta morado, gris y rosa.",f06e57672ef90e8c8c52ca316bafa1341a98105c6938e55e69c311bcbc3fafe2
CAP-V2_034-TPL_04,V2_034,SEM-E53EDC29A9BA52BC,STR-390DD4719A974C7E,SCAP-390DD4719A974C7E-TPL_04,TPL_04,false,ood_palette,bands_vertical,morado_gris_rosa,bandas geométricas,vertical,bandas,repetitiva,"Representación sintética de bandas geométricas; la orientación es vertical, la composición es en bandas, la simetría es repetitiva y los colores son morado, gris y rosa.",7b9eadebfb1f31ec7d3a546e56787e19b37f7c557d9ffac001b5a234ec9d2b22
CAP-V2_034-TPL_05,V2_034,SEM-E53EDC29A9BA52BC,STR-390DD4719A974C7E,SCAP-390DD4719A974C7E-TPL_05,TPL_05,false,ood_palette,bands_vertical,morado_gris_rosa,bandas geométricas,vertical,bandas,repetitiva,"Textura geométrica con bandas geométricas, orientación vertical, composición en bandas, simetría repetitiva y combinación cromática morado, gris y rosa.",663d49701078d6d4183863ed5bc451fcc44fdc6bbb8aeb9fa3ad4d7673891685
CAP-V2_035-TPL_01,V2_035,SEM-FFE7DFAAFAF2AC61,STR-83B17E3514D80A83,SCAP-83B17E3514D80A83-TPL_01,TPL_01,true,ood_palette,diamonds_central,verde_ocre_crema,rombos,diagonal,central,bilateral,"Patr?n geom?trico sint?tico con paleta verde, ocre y crema; con rombos como motivo principal; orientaci?n diagonal; composici?n central; simetr?a bilateral.",14238d45552abd8d8316de42cb4ef5ed7f2c0b620e2d7003905ac6733e2b7101
CAP-V2_035-TPL_02,V2_035,SEM-FFE7DFAAFAF2AC61,STR-83B17E3514D80A83,SCAP-83B17E3514D80A83-TPL_02,TPL_02,false,ood_palette,diamonds_central,verde_ocre_crema,rombos,diagonal,central,bilateral,"Imagen abstracta en colores verde, ocre y crema, formada por rombos, con orientación diagonal, composición central y simetría bilateral.",ec8fd678405dfd7be4f53412b5dc50adec78c6b1e0d1e20355e75235367f017a
CAP-V2_035-TPL_03,V2_035,SEM-FFE7DFAAFAF2AC61,STR-83B17E3514D80A83,SCAP-83B17E3514D80A83-TPL_03,TPL_03,false,ood_palette,diamonds_central,verde_ocre_crema,rombos,diagonal,central,bilateral,"Diseño de composición central que muestra rombos, orientación diagonal, simetría bilateral y una paleta verde, ocre y crema.",32e85d44028b390787bff1c24c6076aefffe8e4454912aef0afb7687c04666cd
CAP-V2_035-TPL_04,V2_035,SEM-FFE7DFAAFAF2AC61,STR-83B17E3514D80A83,SCAP-83B17E3514D80A83-TPL_04,TPL_04,false,ood_palette,diamonds_central,verde_ocre_crema,rombos,diagonal,central,bilateral,"Representación sintética de rombos; la orientación es diagonal, la composición es central, la simetría es bilateral y los colores son verde, ocre y crema.",6a703945c74a3cb2ec53f2d91467e842d934d4e9a434eeec0e8ab0a50b2d0329
CAP-V2_035-TPL_05,V2_035,SEM-FFE7DFAAFAF2AC61,STR-83B17E3514D80A83,SCAP-83B17E3514D80A83-TPL_05,TPL_05,false,ood_palette,diamonds_central,verde_ocre_crema,rombos,diagonal,central,bilateral,"Textura geométrica con rombos, orientación diagonal, composición central, simetría bilateral y combinación cromática verde, ocre y crema.",7ecbdc80d2f0030d9a35235a2548e38c07fcc7e5dd0688cbc6fc4ec440f4ccc1
CAP-V2_036-TPL_01,V2_036,SEM-A391BDC002181DD1,STR-83B17E3514D80A83,SCAP-83B17E3514D80A83-TPL_01,TPL_01,true,ood_palette,diamonds_central,morado_gris_rosa,rombos,diagonal,central,bilateral,"Patr?n geom?trico sint?tico con paleta morado, gris y rosa; con rombos como motivo principal; orientaci?n diagonal; composici?n central; simetr?a bilateral.",88963f29cd148b77d10f0405cba169b71648d8e9509f15e0fd4952b02dd9e103
CAP-V2_036-TPL_02,V2_036,SEM-A391BDC002181DD1,STR-83B17E3514D80A83,SCAP-83B17E3514D80A83-TPL_02,TPL_02,false,ood_palette,diamonds_central,morado_gris_rosa,rombos,diagonal,central,bilateral,"Imagen abstracta en colores morado, gris y rosa, formada por rombos, con orientación diagonal, composición central y simetría bilateral.",4c6daa1ddd9fa4c84b2b965ac62b8e0297e284115a30588e47b01e4ae3efff59
CAP-V2_036-TPL_03,V2_036,SEM-A391BDC002181DD1,STR-83B17E3514D80A83,SCAP-83B17E3514D80A83-TPL_03,TPL_03,false,ood_palette,diamonds_central,morado_gris_rosa,rombos,diagonal,central,bilateral,"Diseño de composición central que muestra rombos, orientación diagonal, simetría bilateral y una paleta morado, gris y rosa.",db2e9db68ccbdbb379c7b9c38a7862ecd8a08c16e8221b914e40a1e63f9d1def
CAP-V2_036-TPL_04,V2_036,SEM-A391BDC002181DD1,STR-83B17E3514D80A83,SCAP-83B17E3514D80A83-TPL_04,TPL_04,false,ood_palette,diamonds_central,morado_gris_rosa,rombos,diagonal,central,bilateral,"Representación sintética de rombos; la orientación es diagonal, la composición es central, la simetría es bilateral y los colores son morado, gris y rosa.",bb80b78b19da0df5fb78ab687105467cb9deb278b4c620fd2ae766202b543946
CAP-V2_036-TPL_05,V2_036,SEM-A391BDC002181DD1,STR-83B17E3514D80A83,SCAP-83B17E3514D80A83-TPL_05,TPL_05,false,ood_palette,diamonds_central,morado_gris_rosa,rombos,diagonal,central,bilateral,"Textura geométrica con rombos, orientación diagonal, composición central, simetría bilateral y combinación cromática morado, gris y rosa.",8ab4b2fa78f5ac0c6c03b2d9386dc078b3dadbdb9b607392ab7758479260ca93
CAP-V2_037-TPL_01,V2_037,SEM-5300F3F8950CB672,STR-32D96D397FD7BD30,SCAP-32D96D397FD7BD30-TPL_01,TPL_01,true,ood_palette,grecas_modular,verde_ocre_crema,grecas escalonadas,horizontal,modular,repetitiva,"Patr?n geom?trico sint?tico con paleta verde, ocre y crema; con grecas escalonadas como motivo principal; orientaci?n horizontal; composici?n modular; simetr?a repetitiva.",97801cb622e2cceafc25fcbbf4fc32674c940862d6fba39701cfd1c6ed504a4e
CAP-V2_037-TPL_02,V2_037,SEM-5300F3F8950CB672,STR-32D96D397FD7BD30,SCAP-32D96D397FD7BD30-TPL_02,TPL_02,false,ood_palette,grecas_modular,verde_ocre_crema,grecas escalonadas,horizontal,modular,repetitiva,"Imagen abstracta en colores verde, ocre y crema, formada por grecas escalonadas, con orientación horizontal, composición modular y simetría repetitiva.",c2e8a0d186c42060d68d657bd28a36fa4d10016f8cf23640aa2ca445d7fd5caa
CAP-V2_037-TPL_03,V2_037,SEM-5300F3F8950CB672,STR-32D96D397FD7BD30,SCAP-32D96D397FD7BD30-TPL_03,TPL_03,false,ood_palette,grecas_modular,verde_ocre_crema,grecas escalonadas,horizontal,modular,repetitiva,"Diseño de composición modular que muestra grecas escalonadas, orientación horizontal, simetría repetitiva y una paleta verde, ocre y crema.",b087b8e6fd12213a9f5e387895d509d63b42f734065959d5d1c1c6987c74920f
CAP-V2_037-TPL_04,V2_037,SEM-5300F3F8950CB672,STR-32D96D397FD7BD30,SCAP-32D96D397FD7BD30-TPL_04,TPL_04,false,ood_palette,grecas_modular,verde_ocre_crema,grecas escalonadas,horizontal,modular,repetitiva,"Representación sintética de grecas escalonadas; la orientación es horizontal, la composición es modular, la simetría es repetitiva y los colores son verde, ocre y crema.",4f920fe2c062bbd8023a4f0c7f7f777524508b5b3d5fdde0a4354c2427ac851b
CAP-V2_037-TPL_05,V2_037,SEM-5300F3F8950CB672,STR-32D96D397FD7BD30,SCAP-32D96D397FD7BD30-TPL_05,TPL_05,false,ood_palette,grecas_modular,verde_ocre_crema,grecas escalonadas,horizontal,modular,repetitiva,"Textura geométrica con grecas escalonadas, orientación horizontal, composición modular, simetría repetitiva y combinación cromática verde, ocre y crema.",e93de355a8a1392e585ad778812ff54af6297aad503f75f284568750163e5cd8
CAP-V2_038-TPL_01,V2_038,SEM-2D499E7E496213F7,STR-32D96D397FD7BD30,SCAP-32D96D397FD7BD30-TPL_01,TPL_01,true,ood_palette,grecas_modular,morado_gris_rosa,grecas escalonadas,horizontal,modular,repetitiva,"Patr?n geom?trico sint?tico con paleta morado, gris y rosa; con grecas escalonadas como motivo principal; orientaci?n horizontal; composici?n modular; simetr?a repetitiva.",007e3e784c3244ff45a875a9873f4d3bf3c33244a136849388b2c12c23d2e0a6
CAP-V2_038-TPL_02,V2_038,SEM-2D499E7E496213F7,STR-32D96D397FD7BD30,SCAP-32D96D397FD7BD30-TPL_02,TPL_02,false,ood_palette,grecas_modular,morado_gris_rosa,grecas escalonadas,horizontal,modular,repetitiva,"Imagen abstracta en colores morado, gris y rosa, formada por grecas escalonadas, con orientación horizontal, composición modular y simetría repetitiva.",05ef38e8d0c3c86671d9fca9222b6e93b5e8ba4407a8abb230d1ab6cbfc07773
CAP-V2_038-TPL_03,V2_038,SEM-2D499E7E496213F7,STR-32D96D397FD7BD30,SCAP-32D96D397FD7BD30-TPL_03,TPL_03,false,ood_palette,grecas_modular,morado_gris_rosa,grecas escalonadas,horizontal,modular,repetitiva,"Diseño de composición modular que muestra grecas escalonadas, orientación horizontal, simetría repetitiva y una paleta morado, gris y rosa.",bae5c3c299a599d91ca14eed3e56185d89fb84d696b44bb7d13b6710aaee8edc
CAP-V2_038-TPL_04,V2_038,SEM-2D499E7E496213F7,STR-32D96D397FD7BD30,SCAP-32D96D397FD7BD30-TPL_04,TPL_04,false,ood_palette,grecas_modular,morado_gris_rosa,grecas escalonadas,horizontal,modular,repetitiva,"Representación sintética de grecas escalonadas; la orientación es horizontal, la composición es modular, la simetría es repetitiva y los colores son morado, gris y rosa.",de724b7897a0b77b6c08fa66ee6ae753f27cf3bbb39e554165d624f0c4050d59
CAP-V2_038-TPL_05,V2_038,SEM-2D499E7E496213F7,STR-32D96D397FD7BD30,SCAP-32D96D397FD7BD30-TPL_05,TPL_05,false,ood_palette,grecas_modular,morado_gris_rosa,grecas escalonadas,horizontal,modular,repetitiva,"Textura geométrica con grecas escalonadas, orientación horizontal, composición modular, simetría repetitiva y combinación cromática morado, gris y rosa.",6c8c8204a30ed3f82dac97b2823cc61b7465830f634d85e31420a30cce058e30
CAP-V2_039-TPL_01,V2_039,SEM-99B04CC5A7706E4B,STR-EFDC071AF166C8C3,SCAP-EFDC071AF166C8C3-TPL_01,TPL_01,true,ood_palette,grid_reticular,verde_ocre_crema,cuadrícula geométrica,bidireccional,reticular,repetitiva,"Patr?n geom?trico sint?tico con paleta verde, ocre y crema; con una cuadrícula geométrica como motivo principal; orientaci?n bidireccional; composici?n reticular; simetr?a repetitiva.",6e56f06990fb9fd1050f0803b14178e733881104050b0df7d4ba5685f6d28153
CAP-V2_039-TPL_02,V2_039,SEM-99B04CC5A7706E4B,STR-EFDC071AF166C8C3,SCAP-EFDC071AF166C8C3-TPL_02,TPL_02,false,ood_palette,grid_reticular,verde_ocre_crema,cuadrícula geométrica,bidireccional,reticular,repetitiva,"Imagen abstracta en colores verde, ocre y crema, formada por una cuadrícula geométrica, con orientación bidireccional, composición reticular y simetría repetitiva.",b0f3de6732fcd576651edd608439a9989c4410f4c3a1642c8f4b01a54edeeb06
CAP-V2_039-TPL_03,V2_039,SEM-99B04CC5A7706E4B,STR-EFDC071AF166C8C3,SCAP-EFDC071AF166C8C3-TPL_03,TPL_03,false,ood_palette,grid_reticular,verde_ocre_crema,cuadrícula geométrica,bidireccional,reticular,repetitiva,"Diseño de composición reticular que muestra una cuadrícula geométrica, orientación bidireccional, simetría repetitiva y una paleta verde, ocre y crema.",c2e298716a363c6388dd8479f333bdf5fff51d111d36397585a3528bf134565b
CAP-V2_039-TPL_04,V2_039,SEM-99B04CC5A7706E4B,STR-EFDC071AF166C8C3,SCAP-EFDC071AF166C8C3-TPL_04,TPL_04,false,ood_palette,grid_reticular,verde_ocre_crema,cuadrícula geométrica,bidireccional,reticular,repetitiva,"Representación sintética de una cuadrícula geométrica; la orientación es bidireccional, la composición es reticular, la simetría es repetitiva y los colores son verde, ocre y crema.",ea772dad5ad1a2e6edd16ecf14d6190790739727ddebd57ba24f943db699e2b5
CAP-V2_039-TPL_05,V2_039,SEM-99B04CC5A7706E4B,STR-EFDC071AF166C8C3,SCAP-EFDC071AF166C8C3-TPL_05,TPL_05,false,ood_palette,grid_reticular,verde_ocre_crema,cuadrícula geométrica,bidireccional,reticular,repetitiva,"Textura geométrica con una cuadrícula geométrica, orientación bidireccional, composición reticular, simetría repetitiva y combinación cromática verde, ocre y crema.",cc4232aa75e9e993226aaa0b818bfce78db21c6d60db7f34644811b424dd5c10
CAP-V2_040-TPL_01,V2_040,SEM-55B6A0B004427F80,STR-EFDC071AF166C8C3,SCAP-EFDC071AF166C8C3-TPL_01,TPL_01,true,ood_palette,grid_reticular,morado_gris_rosa,cuadrícula geométrica,bidireccional,reticular,repetitiva,"Patr?n geom?trico sint?tico con paleta morado, gris y rosa; con una cuadrícula geométrica como motivo principal; orientaci?n bidireccional; composici?n reticular; simetr?a repetitiva.",56f1e89132c9a949f99e244632ad9eca3ac33fb5f149b0bb56caf909361636c2
CAP-V2_040-TPL_02,V2_040,SEM-55B6A0B004427F80,STR-EFDC071AF166C8C3,SCAP-EFDC071AF166C8C3-TPL_02,TPL_02,false,ood_palette,grid_reticular,morado_gris_rosa,cuadrícula geométrica,bidireccional,reticular,repetitiva,"Imagen abstracta en colores morado, gris y rosa, formada por una cuadrícula geométrica, con orientación bidireccional, composición reticular y simetría repetitiva.",ac032c15cc76e58c0b8bf8658cb77d8c00c20fba14bfe5a6960903b7548abb6a
CAP-V2_040-TPL_03,V2_040,SEM-55B6A0B004427F80,STR-EFDC071AF166C8C3,SCAP-EFDC071AF166C8C3-TPL_03,TPL_03,false,ood_palette,grid_reticular,morado_gris_rosa,cuadrícula geométrica,bidireccional,reticular,repetitiva,"Diseño de composición reticular que muestra una cuadrícula geométrica, orientación bidireccional, simetría repetitiva y una paleta morado, gris y rosa.",916dfa93097642db2d55829b8bb8cf9d0f0555316c345b6701649d046198164f
CAP-V2_040-TPL_04,V2_040,SEM-55B6A0B004427F80,STR-EFDC071AF166C8C3,SCAP-EFDC071AF166C8C3-TPL_04,TPL_04,false,ood_palette,grid_reticular,morado_gris_rosa,cuadrícula geométrica,bidireccional,reticular,repetitiva,"Representación sintética de una cuadrícula geométrica; la orientación es bidireccional, la composición es reticular, la simetría es repetitiva y los colores son morado, gris y rosa.",dfb3b03189baf3489d38688af632f3971896fc46ade0faaefa0e356a644018d4
CAP-V2_040-TPL_05,V2_040,SEM-55B6A0B004427F80,STR-EFDC071AF166C8C3,SCAP-EFDC071AF166C8C3-TPL_05,TPL_05,false,ood_palette,grid_reticular,morado_gris_rosa,cuadrícula geométrica,bidireccional,reticular,repetitiva,"Textura geométrica con una cuadrícula geométrica, orientación bidireccional, composición reticular, simetría repetitiva y combinación cromática morado, gris y rosa.",77593100cc99dc97409153412ef31a02fc8b63fe37180241a8418fb50c02d2b5
CAP-V2_041-TPL_01,V2_041,SEM-7182256D7B84CB51,STR-7193EBD1DE12399C,SCAP-7193EBD1DE12399C-TPL_01,TPL_01,true,ood_palette,mixed_asymmetric,verde_ocre_crema,motivos geométricos combinados,mixta,mixta,asimétrica,"Patr?n geom?trico sint?tico con paleta verde, ocre y crema; con motivos geométricos combinados como motivo principal; orientaci?n mixta; composici?n mixta; simetr?a asimétrica.",f9bad67b34802e8c1c5210f0c1dc19a7a4e67f04b5e6344478d1f25c5cf07aa9
CAP-V2_041-TPL_02,V2_041,SEM-7182256D7B84CB51,STR-7193EBD1DE12399C,SCAP-7193EBD1DE12399C-TPL_02,TPL_02,false,ood_palette,mixed_asymmetric,verde_ocre_crema,motivos geométricos combinados,mixta,mixta,asimétrica,"Imagen abstracta en colores verde, ocre y crema, formada por motivos geométricos combinados, con orientación mixta, composición mixta y simetría asimétrica.",09d54566aed7a38732653d919bdc9e36b9f7759fc10bc0b1850bf50e9ba723ac
CAP-V2_041-TPL_03,V2_041,SEM-7182256D7B84CB51,STR-7193EBD1DE12399C,SCAP-7193EBD1DE12399C-TPL_03,TPL_03,false,ood_palette,mixed_asymmetric,verde_ocre_crema,motivos geométricos combinados,mixta,mixta,asimétrica,"Diseño de composición mixta que muestra motivos geométricos combinados, orientación mixta, simetría asimétrica y una paleta verde, ocre y crema.",afc332c550e73df79a640139735ecbae530e500b2934a53ec0bedcded8bfbd91
CAP-V2_041-TPL_04,V2_041,SEM-7182256D7B84CB51,STR-7193EBD1DE12399C,SCAP-7193EBD1DE12399C-TPL_04,TPL_04,false,ood_palette,mixed_asymmetric,verde_ocre_crema,motivos geométricos combinados,mixta,mixta,asimétrica,"Representación sintética de motivos geométricos combinados; la orientación es mixta, la composición es mixta, la simetría es asimétrica y los colores son verde, ocre y crema.",26e3f0dce9fc0580a18d4902718f9288fa8bfa4d8d8ca2fd32bb613f934d365c
CAP-V2_041-TPL_05,V2_041,SEM-7182256D7B84CB51,STR-7193EBD1DE12399C,SCAP-7193EBD1DE12399C-TPL_05,TPL_05,false,ood_palette,mixed_asymmetric,verde_ocre_crema,motivos geométricos combinados,mixta,mixta,asimétrica,"Textura geométrica con motivos geométricos combinados, orientación mixta, composición mixta, simetría asimétrica y combinación cromática verde, ocre y crema.",8bf44d6977022de181a9d9eb7e8879fd134eb5324ee90ba4071d1f52572e2908
CAP-V2_042-TPL_01,V2_042,SEM-E7CF6ADDFBA2B989,STR-7193EBD1DE12399C,SCAP-7193EBD1DE12399C-TPL_01,TPL_01,true,ood_palette,mixed_asymmetric,morado_gris_rosa,motivos geométricos combinados,mixta,mixta,asimétrica,"Patr?n geom?trico sint?tico con paleta morado, gris y rosa; con motivos geométricos combinados como motivo principal; orientaci?n mixta; composici?n mixta; simetr?a asimétrica.",f1e201316b9aaa70fcc5c7db7a3d14c326727fe36673b2fdcc67212c6f9d5888
CAP-V2_042-TPL_02,V2_042,SEM-E7CF6ADDFBA2B989,STR-7193EBD1DE12399C,SCAP-7193EBD1DE12399C-TPL_02,TPL_02,false,ood_palette,mixed_asymmetric,morado_gris_rosa,motivos geométricos combinados,mixta,mixta,asimétrica,"Imagen abstracta en colores morado, gris y rosa, formada por motivos geométricos combinados, con orientación mixta, composición mixta y simetría asimétrica.",47a9286418c514e962a1969f2532d7fca5b9130d9e9602cbb5c608f8730a41cc
CAP-V2_042-TPL_03,V2_042,SEM-E7CF6ADDFBA2B989,STR-7193EBD1DE12399C,SCAP-7193EBD1DE12399C-TPL_03,TPL_03,false,ood_palette,mixed_asymmetric,morado_gris_rosa,motivos geométricos combinados,mixta,mixta,asimétrica,"Diseño de composición mixta que muestra motivos geométricos combinados, orientación mixta, simetría asimétrica y una paleta morado, gris y rosa.",11061a575400d1d87016258e427e639e41f881abe13a3d145328120657394f8e
CAP-V2_042-TPL_04,V2_042,SEM-E7CF6ADDFBA2B989,STR-7193EBD1DE12399C,SCAP-7193EBD1DE12399C-TPL_04,TPL_04,false,ood_palette,mixed_asymmetric,morado_gris_rosa,motivos geométricos combinados,mixta,mixta,asimétrica,"Representación sintética de motivos geométricos combinados; la orientación es mixta, la composición es mixta, la simetría es asimétrica y los colores son morado, gris y rosa.",894f4500e46e5fd75ff1d2fbefeeb1261703aaf0f2f45c5dcfe4fa7a4fad1881
CAP-V2_042-TPL_05,V2_042,SEM-E7CF6ADDFBA2B989,STR-7193EBD1DE12399C,SCAP-7193EBD1DE12399C-TPL_05,TPL_05,false,ood_palette,mixed_asymmetric,morado_gris_rosa,motivos geométricos combinados,mixta,mixta,asimétrica,"Textura geométrica con motivos geométricos combinados, orientación mixta, composición mixta, simetría asimétrica y combinación cromática morado, gris y rosa.",7e339a817b63e10987098ab65fe3e81af37be3cb478b49d914e94042db2241cb
CAP-V2_043-TPL_01,V2_043,SEM-56C4D842DA98D20F,STR-DBE3E9729199A70D,SCAP-DBE3E9729199A70D-TPL_01,TPL_01,true,ood_pattern,chevrons_diagonal,rojo_negro_crema,chevrones,diagonal,bandas,repetitiva,"Patr?n geom?trico sint?tico con paleta rojo oscuro, negro y crema; con chevrones como motivo principal; orientaci?n diagonal; composici?n en bandas; simetr?a repetitiva.",0be103523abc52f6604ee97ef0cc67667197356319b535c583150857810dbd68
CAP-V2_043-TPL_02,V2_043,SEM-56C4D842DA98D20F,STR-DBE3E9729199A70D,SCAP-DBE3E9729199A70D-TPL_02,TPL_02,false,ood_pattern,chevrons_diagonal,rojo_negro_crema,chevrones,diagonal,bandas,repetitiva,"Imagen abstracta en colores rojo oscuro, negro y crema, formada por chevrones, con orientación diagonal, composición en bandas y simetría repetitiva.",84e7a53a6c55c6ed91aa400d5e2bd11129333fc4e97002affa4740256455fe49
CAP-V2_043-TPL_03,V2_043,SEM-56C4D842DA98D20F,STR-DBE3E9729199A70D,SCAP-DBE3E9729199A70D-TPL_03,TPL_03,false,ood_pattern,chevrons_diagonal,rojo_negro_crema,chevrones,diagonal,bandas,repetitiva,"Diseño de composición en bandas que muestra chevrones, orientación diagonal, simetría repetitiva y una paleta rojo oscuro, negro y crema.",89ce9ba3bd84c9b3490aed0442784a0c4bd9617736821f236f480037b14fcc73
CAP-V2_043-TPL_04,V2_043,SEM-56C4D842DA98D20F,STR-DBE3E9729199A70D,SCAP-DBE3E9729199A70D-TPL_04,TPL_04,false,ood_pattern,chevrons_diagonal,rojo_negro_crema,chevrones,diagonal,bandas,repetitiva,"Representación sintética de chevrones; la orientación es diagonal, la composición es en bandas, la simetría es repetitiva y los colores son rojo oscuro, negro y crema.",c846d21b237476e44336f78283161fd4b1863d70a79ff25fa8010f20cddcb504
CAP-V2_043-TPL_05,V2_043,SEM-56C4D842DA98D20F,STR-DBE3E9729199A70D,SCAP-DBE3E9729199A70D-TPL_05,TPL_05,false,ood_pattern,chevrons_diagonal,rojo_negro_crema,chevrones,diagonal,bandas,repetitiva,"Textura geométrica con chevrones, orientación diagonal, composición en bandas, simetría repetitiva y combinación cromática rojo oscuro, negro y crema.",973b67085e1b75077398252967070ec1705a1238d67b72f594e501e6c307d57b
CAP-V2_044-TPL_01,V2_044,SEM-14E04EF9E89810AE,STR-DBE3E9729199A70D,SCAP-DBE3E9729199A70D-TPL_01,TPL_01,true,ood_pattern,chevrons_diagonal,azul_crema_marron,chevrones,diagonal,bandas,repetitiva,"Patr?n geom?trico sint?tico con paleta azul profundo, crema y marrón; con chevrones como motivo principal; orientaci?n diagonal; composici?n en bandas; simetr?a repetitiva.",2f358bab2db7f5a02fbb7c5219ef49b4ee034e0fcf6cda78b9b07dc3fee54f16
CAP-V2_044-TPL_02,V2_044,SEM-14E04EF9E89810AE,STR-DBE3E9729199A70D,SCAP-DBE3E9729199A70D-TPL_02,TPL_02,false,ood_pattern,chevrons_diagonal,azul_crema_marron,chevrones,diagonal,bandas,repetitiva,"Imagen abstracta en colores azul profundo, crema y marrón, formada por chevrones, con orientación diagonal, composición en bandas y simetría repetitiva.",b4394e228a6202d1ecd8547de025fd58337eed75a97e14e078264b1c5922ab56
CAP-V2_044-TPL_03,V2_044,SEM-14E04EF9E89810AE,STR-DBE3E9729199A70D,SCAP-DBE3E9729199A70D-TPL_03,TPL_03,false,ood_pattern,chevrons_diagonal,azul_crema_marron,chevrones,diagonal,bandas,repetitiva,"Diseño de composición en bandas que muestra chevrones, orientación diagonal, simetría repetitiva y una paleta azul profundo, crema y marrón.",b44b3cfb0ab5c9c8a21bd093719970860c04d151f8610392548ba89db86af939
CAP-V2_044-TPL_04,V2_044,SEM-14E04EF9E89810AE,STR-DBE3E9729199A70D,SCAP-DBE3E9729199A70D-TPL_04,TPL_04,false,ood_pattern,chevrons_diagonal,azul_crema_marron,chevrones,diagonal,bandas,repetitiva,"Representación sintética de chevrones; la orientación es diagonal, la composición es en bandas, la simetría es repetitiva y los colores son azul profundo, crema y marrón.",fce0f93c411de479e76af73669d65c861acebb93f27023366164efb75a5d1e36
CAP-V2_044-TPL_05,V2_044,SEM-14E04EF9E89810AE,STR-DBE3E9729199A70D,SCAP-DBE3E9729199A70D-TPL_05,TPL_05,false,ood_pattern,chevrons_diagonal,azul_crema_marron,chevrones,diagonal,bandas,repetitiva,"Textura geométrica con chevrones, orientación diagonal, composición en bandas, simetría repetitiva y combinación cromática azul profundo, crema y marrón.",2f116656c83408f165c252df16ab671fe9c022debff75e6ea432e48d30c02d5d
CAP-V2_045-TPL_01,V2_045,SEM-65762749FD7D9D05,STR-DBE3E9729199A70D,SCAP-DBE3E9729199A70D-TPL_01,TPL_01,true,ood_pattern,chevrons_diagonal,ocre_marron_negro,chevrones,diagonal,bandas,repetitiva,"Patr?n geom?trico sint?tico con paleta ocre, marrón y negro; con chevrones como motivo principal; orientaci?n diagonal; composici?n en bandas; simetr?a repetitiva.",270abfa1724078c307b96ab762c78a829b017e6ea8244afcc3d342f279d20cd5
CAP-V2_045-TPL_02,V2_045,SEM-65762749FD7D9D05,STR-DBE3E9729199A70D,SCAP-DBE3E9729199A70D-TPL_02,TPL_02,false,ood_pattern,chevrons_diagonal,ocre_marron_negro,chevrones,diagonal,bandas,repetitiva,"Imagen abstracta en colores ocre, marrón y negro, formada por chevrones, con orientación diagonal, composición en bandas y simetría repetitiva.",9af486899fe257ffbb3c33b58bfd6c9bf0b0349ade65c79699794e580a188271
CAP-V2_045-TPL_03,V2_045,SEM-65762749FD7D9D05,STR-DBE3E9729199A70D,SCAP-DBE3E9729199A70D-TPL_03,TPL_03,false,ood_pattern,chevrons_diagonal,ocre_marron_negro,chevrones,diagonal,bandas,repetitiva,"Diseño de composición en bandas que muestra chevrones, orientación diagonal, simetría repetitiva y una paleta ocre, marrón y negro.",e572660a8d24811b9befe904ab9e82af54f3aa0a8ae42c843e2320f11efad8a7
CAP-V2_045-TPL_04,V2_045,SEM-65762749FD7D9D05,STR-DBE3E9729199A70D,SCAP-DBE3E9729199A70D-TPL_04,TPL_04,false,ood_pattern,chevrons_diagonal,ocre_marron_negro,chevrones,diagonal,bandas,repetitiva,"Representación sintética de chevrones; la orientación es diagonal, la composición es en bandas, la simetría es repetitiva y los colores son ocre, marrón y negro.",a9afaff7fd8772188577ab1cbf197d4e1b5ebadb94051ff31d5f3c3498ffda12
CAP-V2_045-TPL_05,V2_045,SEM-65762749FD7D9D05,STR-DBE3E9729199A70D,SCAP-DBE3E9729199A70D-TPL_05,TPL_05,false,ood_pattern,chevrons_diagonal,ocre_marron_negro,chevrones,diagonal,bandas,repetitiva,"Textura geométrica con chevrones, orientación diagonal, composición en bandas, simetría repetitiva y combinación cromática ocre, marrón y negro.",da49bbeb80c1d3d7c0b884c005f37410bebae2b4b19f946a40782ecf32c6883b
CAP-V2_046-TPL_01,V2_046,SEM-C6432B9E4CDBB5A7,STR-DBE3E9729199A70D,SCAP-DBE3E9729199A70D-TPL_01,TPL_01,true,ood_pattern,chevrons_diagonal,blanco_negro_gris,chevrones,diagonal,bandas,repetitiva,"Patr?n geom?trico sint?tico con paleta blanco, negro y gris; con chevrones como motivo principal; orientaci?n diagonal; composici?n en bandas; simetr?a repetitiva.",b51867038c53bad07ff414ce16be34cff7aab8b4e2152a2628520bb102228d64
CAP-V2_046-TPL_02,V2_046,SEM-C6432B9E4CDBB5A7,STR-DBE3E9729199A70D,SCAP-DBE3E9729199A70D-TPL_02,TPL_02,false,ood_pattern,chevrons_diagonal,blanco_negro_gris,chevrones,diagonal,bandas,repetitiva,"Imagen abstracta en colores blanco, negro y gris, formada por chevrones, con orientación diagonal, composición en bandas y simetría repetitiva.",f43f627e47e6a093cc5c1b4ba38f4bb813e5c6f40487261dc130cda14fe1eeda
CAP-V2_046-TPL_03,V2_046,SEM-C6432B9E4CDBB5A7,STR-DBE3E9729199A70D,SCAP-DBE3E9729199A70D-TPL_03,TPL_03,false,ood_pattern,chevrons_diagonal,blanco_negro_gris,chevrones,diagonal,bandas,repetitiva,"Diseño de composición en bandas que muestra chevrones, orientación diagonal, simetría repetitiva y una paleta blanco, negro y gris.",14cfbd2da88332b5525b0c3aa8c5861c776b1cd02ada07a1f65a70b6c6bdb3ca
CAP-V2_046-TPL_04,V2_046,SEM-C6432B9E4CDBB5A7,STR-DBE3E9729199A70D,SCAP-DBE3E9729199A70D-TPL_04,TPL_04,false,ood_pattern,chevrons_diagonal,blanco_negro_gris,chevrones,diagonal,bandas,repetitiva,"Representación sintética de chevrones; la orientación es diagonal, la composición es en bandas, la simetría es repetitiva y los colores son blanco, negro y gris.",e8d5f2b7c0fe731bb7fd3dcb1bda0f9c6ed4eeab82f18a015f06f77e656ffe18
CAP-V2_046-TPL_05,V2_046,SEM-C6432B9E4CDBB5A7,STR-DBE3E9729199A70D,SCAP-DBE3E9729199A70D-TPL_05,TPL_05,false,ood_pattern,chevrons_diagonal,blanco_negro_gris,chevrones,diagonal,bandas,repetitiva,"Textura geométrica con chevrones, orientación diagonal, composición en bandas, simetría repetitiva y combinación cromática blanco, negro y gris.",c7040f79fada6b33f0645148448a1dbc0744e867fc6e083b83f3b8a289f49407
CAP-V2_047-TPL_01,V2_047,SEM-2FFA4D814BEBCF16,STR-DBE3E9729199A70D,SCAP-DBE3E9729199A70D-TPL_01,TPL_01,true,ood_pattern,chevrons_diagonal,multicolor_tierra,chevrones,diagonal,bandas,repetitiva,"Patr?n geom?trico sint?tico con paleta rojo tierra, ocre, verde oscuro y azul profundo; con chevrones como motivo principal; orientaci?n diagonal; composici?n en bandas; simetr?a repetitiva.",0f38fbc92517018b331a718bb601668d72b27b949d78a2be10bc8a545290c66c
CAP-V2_047-TPL_02,V2_047,SEM-2FFA4D814BEBCF16,STR-DBE3E9729199A70D,SCAP-DBE3E9729199A70D-TPL_02,TPL_02,false,ood_pattern,chevrons_diagonal,multicolor_tierra,chevrones,diagonal,bandas,repetitiva,"Imagen abstracta en colores rojo tierra, ocre, verde oscuro y azul profundo, formada por chevrones, con orientación diagonal, composición en bandas y simetría repetitiva.",831282827f7088578424c5c555425a724ece299c677b16c1d13b0c4bf11123b6
CAP-V2_047-TPL_03,V2_047,SEM-2FFA4D814BEBCF16,STR-DBE3E9729199A70D,SCAP-DBE3E9729199A70D-TPL_03,TPL_03,false,ood_pattern,chevrons_diagonal,multicolor_tierra,chevrones,diagonal,bandas,repetitiva,"Diseño de composición en bandas que muestra chevrones, orientación diagonal, simetría repetitiva y una paleta rojo tierra, ocre, verde oscuro y azul profundo.",d00daa35fb63d03982543847b925329c968f3c75e84e91990d1b8810012b89bf
CAP-V2_047-TPL_04,V2_047,SEM-2FFA4D814BEBCF16,STR-DBE3E9729199A70D,SCAP-DBE3E9729199A70D-TPL_04,TPL_04,false,ood_pattern,chevrons_diagonal,multicolor_tierra,chevrones,diagonal,bandas,repetitiva,"Representación sintética de chevrones; la orientación es diagonal, la composición es en bandas, la simetría es repetitiva y los colores son rojo tierra, ocre, verde oscuro y azul profundo.",f3d090b38fdd657dea42cb7c6dff37286ef4e77f9e5e7489221fe75be2e82c7f
CAP-V2_047-TPL_05,V2_047,SEM-2FFA4D814BEBCF16,STR-DBE3E9729199A70D,SCAP-DBE3E9729199A70D-TPL_05,TPL_05,false,ood_pattern,chevrons_diagonal,multicolor_tierra,chevrones,diagonal,bandas,repetitiva,"Textura geométrica con chevrones, orientación diagonal, composición en bandas, simetría repetitiva y combinación cromática rojo tierra, ocre, verde oscuro y azul profundo.",c9fa96f3b66a0a6229eba889f8312b43fc6fcf3285f5955ae4b727c92314acc1
CAP-V2_048-TPL_01,V2_048,SEM-EE8AABF8E6A4B9F8,STR-74979A46916B9B50,SCAP-74979A46916B9B50-TPL_01,TPL_01,true,ood_pattern,circles_concentric,rojo_negro_crema,círculos concéntricos,radial,central,radial,"Patr?n geom?trico sint?tico con paleta rojo oscuro, negro y crema; con círculos concéntricos como motivo principal; orientaci?n radial; composici?n central; simetr?a radial.",24c965b79a858505ba5ef4f3b116d4699f774c1f24913493ed969749ff2722a4
CAP-V2_048-TPL_02,V2_048,SEM-EE8AABF8E6A4B9F8,STR-74979A46916B9B50,SCAP-74979A46916B9B50-TPL_02,TPL_02,false,ood_pattern,circles_concentric,rojo_negro_crema,círculos concéntricos,radial,central,radial,"Imagen abstracta en colores rojo oscuro, negro y crema, formada por círculos concéntricos, con orientación radial, composición central y simetría radial.",68d478948352b46d62fa354bc7b76f642d1a5f6ac3a7546754b1e72ac9920484
CAP-V2_048-TPL_03,V2_048,SEM-EE8AABF8E6A4B9F8,STR-74979A46916B9B50,SCAP-74979A46916B9B50-TPL_03,TPL_03,false,ood_pattern,circles_concentric,rojo_negro_crema,círculos concéntricos,radial,central,radial,"Diseño de composición central que muestra círculos concéntricos, orientación radial, simetría radial y una paleta rojo oscuro, negro y crema.",268362ff1f609290d708197b7e7a596bd4f0121d3d0c0f08f5c262e2e1aa86c6
CAP-V2_048-TPL_04,V2_048,SEM-EE8AABF8E6A4B9F8,STR-74979A46916B9B50,SCAP-74979A46916B9B50-TPL_04,TPL_04,false,ood_pattern,circles_concentric,rojo_negro_crema,círculos concéntricos,radial,central,radial,"Representación sintética de círculos concéntricos; la orientación es radial, la composición es central, la simetría es radial y los colores son rojo oscuro, negro y crema.",19a1439ad1331f081b83830325291dbb8d21571286385514100a179b852723ef
CAP-V2_048-TPL_05,V2_048,SEM-EE8AABF8E6A4B9F8,STR-74979A46916B9B50,SCAP-74979A46916B9B50-TPL_05,TPL_05,false,ood_pattern,circles_concentric,rojo_negro_crema,círculos concéntricos,radial,central,radial,"Textura geométrica con círculos concéntricos, orientación radial, composición central, simetría radial y combinación cromática rojo oscuro, negro y crema.",1c40c12c07f41458c86249aca8973e456109bc1059d4b2c16815866cffa635e1
CAP-V2_049-TPL_01,V2_049,SEM-6D37CFF774A2170A,STR-74979A46916B9B50,SCAP-74979A46916B9B50-TPL_01,TPL_01,true,ood_pattern,circles_concentric,azul_crema_marron,círculos concéntricos,radial,central,radial,"Patr?n geom?trico sint?tico con paleta azul profundo, crema y marrón; con círculos concéntricos como motivo principal; orientaci?n radial; composici?n central; simetr?a radial.",bf6ec42af806bbdfc76eb682bd15dc0107e272e45fd660c4cf683dacc00ccee7
CAP-V2_049-TPL_02,V2_049,SEM-6D37CFF774A2170A,STR-74979A46916B9B50,SCAP-74979A46916B9B50-TPL_02,TPL_02,false,ood_pattern,circles_concentric,azul_crema_marron,círculos concéntricos,radial,central,radial,"Imagen abstracta en colores azul profundo, crema y marrón, formada por círculos concéntricos, con orientación radial, composición central y simetría radial.",45c55d3500874f4cbb8235872734ce6bf2d3df68aed37f7f98c133a862d101c4
CAP-V2_049-TPL_03,V2_049,SEM-6D37CFF774A2170A,STR-74979A46916B9B50,SCAP-74979A46916B9B50-TPL_03,TPL_03,false,ood_pattern,circles_concentric,azul_crema_marron,círculos concéntricos,radial,central,radial,"Diseño de composición central que muestra círculos concéntricos, orientación radial, simetría radial y una paleta azul profundo, crema y marrón.",ca5d18c49770a79ef020c5310f459762ac5d900bfa50f255a307f13ee5755f42
CAP-V2_049-TPL_04,V2_049,SEM-6D37CFF774A2170A,STR-74979A46916B9B50,SCAP-74979A46916B9B50-TPL_04,TPL_04,false,ood_pattern,circles_concentric,azul_crema_marron,círculos concéntricos,radial,central,radial,"Representación sintética de círculos concéntricos; la orientación es radial, la composición es central, la simetría es radial y los colores son azul profundo, crema y marrón.",d81bc784939dccadead149af7752e2c6c077db957ecaefbfd489aef103a3335f
CAP-V2_049-TPL_05,V2_049,SEM-6D37CFF774A2170A,STR-74979A46916B9B50,SCAP-74979A46916B9B50-TPL_05,TPL_05,false,ood_pattern,circles_concentric,azul_crema_marron,círculos concéntricos,radial,central,radial,"Textura geométrica con círculos concéntricos, orientación radial, composición central, simetría radial y combinación cromática azul profundo, crema y marrón.",5ce3f8d17f4b0d4b7556c4ea3c2bc07f3d00d72680f77952c98884b0602005c4
CAP-V2_050-TPL_01,V2_050,SEM-FC6C9490A1241F7A,STR-74979A46916B9B50,SCAP-74979A46916B9B50-TPL_01,TPL_01,true,ood_pattern,circles_concentric,ocre_marron_negro,círculos concéntricos,radial,central,radial,"Patr?n geom?trico sint?tico con paleta ocre, marrón y negro; con círculos concéntricos como motivo principal; orientaci?n radial; composici?n central; simetr?a radial.",35be78d5f0931224092f7cc8b4307bb46c534b5034957bd81bade17c5809f9b4
CAP-V2_050-TPL_02,V2_050,SEM-FC6C9490A1241F7A,STR-74979A46916B9B50,SCAP-74979A46916B9B50-TPL_02,TPL_02,false,ood_pattern,circles_concentric,ocre_marron_negro,círculos concéntricos,radial,central,radial,"Imagen abstracta en colores ocre, marrón y negro, formada por círculos concéntricos, con orientación radial, composición central y simetría radial.",90318ecf8707993114f1a1f89f898da8bbcfbe36aded0d9f742b6a8e8c53e3c6
CAP-V2_050-TPL_03,V2_050,SEM-FC6C9490A1241F7A,STR-74979A46916B9B50,SCAP-74979A46916B9B50-TPL_03,TPL_03,false,ood_pattern,circles_concentric,ocre_marron_negro,círculos concéntricos,radial,central,radial,"Diseño de composición central que muestra círculos concéntricos, orientación radial, simetría radial y una paleta ocre, marrón y negro.",57f3de06a6fc47323f090df073f63988581ca18ad064838b8f51412d1e3e769b
CAP-V2_050-TPL_04,V2_050,SEM-FC6C9490A1241F7A,STR-74979A46916B9B50,SCAP-74979A46916B9B50-TPL_04,TPL_04,false,ood_pattern,circles_concentric,ocre_marron_negro,círculos concéntricos,radial,central,radial,"Representación sintética de círculos concéntricos; la orientación es radial, la composición es central, la simetría es radial y los colores son ocre, marrón y negro.",853e75bfa52d14ec90895a9344c3ed88c0317436d231a5c02bcdf45c6adaa541
CAP-V2_050-TPL_05,V2_050,SEM-FC6C9490A1241F7A,STR-74979A46916B9B50,SCAP-74979A46916B9B50-TPL_05,TPL_05,false,ood_pattern,circles_concentric,ocre_marron_negro,círculos concéntricos,radial,central,radial,"Textura geométrica con círculos concéntricos, orientación radial, composición central, simetría radial y combinación cromática ocre, marrón y negro.",5d0d5c9731bf5c1258913d45ddf440f2af1e83a373678b5511ca5c4ff4b8ec4f
CAP-V2_051-TPL_01,V2_051,SEM-0920FB69B33089FA,STR-74979A46916B9B50,SCAP-74979A46916B9B50-TPL_01,TPL_01,true,ood_pattern,circles_concentric,blanco_negro_gris,círculos concéntricos,radial,central,radial,"Patr?n geom?trico sint?tico con paleta blanco, negro y gris; con círculos concéntricos como motivo principal; orientaci?n radial; composici?n central; simetr?a radial.",106a67ea9bf9f61f0bef96025306d072c812839cea7cb8381883cf8efefd5b62
CAP-V2_051-TPL_02,V2_051,SEM-0920FB69B33089FA,STR-74979A46916B9B50,SCAP-74979A46916B9B50-TPL_02,TPL_02,false,ood_pattern,circles_concentric,blanco_negro_gris,círculos concéntricos,radial,central,radial,"Imagen abstracta en colores blanco, negro y gris, formada por círculos concéntricos, con orientación radial, composición central y simetría radial.",09994f522bfb1340b504263f2447b0ac07fbf1a85f76d4d98b7e3220a7f5017d
CAP-V2_051-TPL_03,V2_051,SEM-0920FB69B33089FA,STR-74979A46916B9B50,SCAP-74979A46916B9B50-TPL_03,TPL_03,false,ood_pattern,circles_concentric,blanco_negro_gris,círculos concéntricos,radial,central,radial,"Diseño de composición central que muestra círculos concéntricos, orientación radial, simetría radial y una paleta blanco, negro y gris.",d5624778640643838c694f422c04bdcc6a6f023e15d9101ba4fdf9e3efb45231
CAP-V2_051-TPL_04,V2_051,SEM-0920FB69B33089FA,STR-74979A46916B9B50,SCAP-74979A46916B9B50-TPL_04,TPL_04,false,ood_pattern,circles_concentric,blanco_negro_gris,círculos concéntricos,radial,central,radial,"Representación sintética de círculos concéntricos; la orientación es radial, la composición es central, la simetría es radial y los colores son blanco, negro y gris.",1627b05168b622c6d7adf8a02393a406006f0238dd80d40b1e9cbc8553ce563a
CAP-V2_051-TPL_05,V2_051,SEM-0920FB69B33089FA,STR-74979A46916B9B50,SCAP-74979A46916B9B50-TPL_05,TPL_05,false,ood_pattern,circles_concentric,blanco_negro_gris,círculos concéntricos,radial,central,radial,"Textura geométrica con círculos concéntricos, orientación radial, composición central, simetría radial y combinación cromática blanco, negro y gris.",47e98d0a42e626f6e6e35c7480829ff22076fda834382c9e12bb74c5dbba209a
CAP-V2_052-TPL_01,V2_052,SEM-E1BF16D5596893CB,STR-74979A46916B9B50,SCAP-74979A46916B9B50-TPL_01,TPL_01,true,ood_pattern,circles_concentric,multicolor_tierra,círculos concéntricos,radial,central,radial,"Patr?n geom?trico sint?tico con paleta rojo tierra, ocre, verde oscuro y azul profundo; con círculos concéntricos como motivo principal; orientaci?n radial; composici?n central; simetr?a radial.",85a3e786d779c7105e0f67187b70c64b730d1627ed2922e833716e80d6e9281f
CAP-V2_052-TPL_02,V2_052,SEM-E1BF16D5596893CB,STR-74979A46916B9B50,SCAP-74979A46916B9B50-TPL_02,TPL_02,false,ood_pattern,circles_concentric,multicolor_tierra,círculos concéntricos,radial,central,radial,"Imagen abstracta en colores rojo tierra, ocre, verde oscuro y azul profundo, formada por círculos concéntricos, con orientación radial, composición central y simetría radial.",fee15f0b03ea63c05b6dcde0fe13852af5d376b8b34b5cc94270c1b1a2417850
CAP-V2_052-TPL_03,V2_052,SEM-E1BF16D5596893CB,STR-74979A46916B9B50,SCAP-74979A46916B9B50-TPL_03,TPL_03,false,ood_pattern,circles_concentric,multicolor_tierra,círculos concéntricos,radial,central,radial,"Diseño de composición central que muestra círculos concéntricos, orientación radial, simetría radial y una paleta rojo tierra, ocre, verde oscuro y azul profundo.",16625e06b3f5388d3e3cec12fb81bb4db4fa15875a9a9f92a281381d9cd2d459
CAP-V2_052-TPL_04,V2_052,SEM-E1BF16D5596893CB,STR-74979A46916B9B50,SCAP-74979A46916B9B50-TPL_04,TPL_04,false,ood_pattern,circles_concentric,multicolor_tierra,círculos concéntricos,radial,central,radial,"Representación sintética de círculos concéntricos; la orientación es radial, la composición es central, la simetría es radial y los colores son rojo tierra, ocre, verde oscuro y azul profundo.",da6ab20fb88f03ead1fc9e3e2a8f511836217a4095254e9e2008f4bb84f84a69
CAP-V2_052-TPL_05,V2_052,SEM-E1BF16D5596893CB,STR-74979A46916B9B50,SCAP-74979A46916B9B50-TPL_05,TPL_05,false,ood_pattern,circles_concentric,multicolor_tierra,círculos concéntricos,radial,central,radial,"Textura geométrica con círculos concéntricos, orientación radial, composición central, simetría radial y combinación cromática rojo tierra, ocre, verde oscuro y azul profundo.",d8837e7392912e6bfcf1919b589b1e5cdcdea0baa4ccda65c12107ddb48f6c75
CAP-V2_053-TPL_01,V2_053,SEM-20B860903E0F0C0C,STR-DBE3E9729199A70D,SCAP-DBE3E9729199A70D-TPL_01,TPL_01,true,ood_both,chevrons_diagonal,verde_ocre_crema,chevrones,diagonal,bandas,repetitiva,"Patr?n geom?trico sint?tico con paleta verde, ocre y crema; con chevrones como motivo principal; orientaci?n diagonal; composici?n en bandas; simetr?a repetitiva.",3eb6544305758795a31ffad3e6f95420f7a94d05d0b2ca2040e98cb660370077
CAP-V2_053-TPL_02,V2_053,SEM-20B860903E0F0C0C,STR-DBE3E9729199A70D,SCAP-DBE3E9729199A70D-TPL_02,TPL_02,false,ood_both,chevrons_diagonal,verde_ocre_crema,chevrones,diagonal,bandas,repetitiva,"Imagen abstracta en colores verde, ocre y crema, formada por chevrones, con orientación diagonal, composición en bandas y simetría repetitiva.",8d0cc8257aaad983f3a637b6bb0586a4d2095a8a68f503c775f77678bfdb0508
CAP-V2_053-TPL_03,V2_053,SEM-20B860903E0F0C0C,STR-DBE3E9729199A70D,SCAP-DBE3E9729199A70D-TPL_03,TPL_03,false,ood_both,chevrons_diagonal,verde_ocre_crema,chevrones,diagonal,bandas,repetitiva,"Diseño de composición en bandas que muestra chevrones, orientación diagonal, simetría repetitiva y una paleta verde, ocre y crema.",9b304526aa85d552bad8359ba3ad50263ee36bae8bfb7cea3bd8d3b8279852bf
CAP-V2_053-TPL_04,V2_053,SEM-20B860903E0F0C0C,STR-DBE3E9729199A70D,SCAP-DBE3E9729199A70D-TPL_04,TPL_04,false,ood_both,chevrons_diagonal,verde_ocre_crema,chevrones,diagonal,bandas,repetitiva,"Representación sintética de chevrones; la orientación es diagonal, la composición es en bandas, la simetría es repetitiva y los colores son verde, ocre y crema.",bcfe2d942e04837e2b79107fed84811406bb99510555bf83d51365c7d67600d9
CAP-V2_053-TPL_05,V2_053,SEM-20B860903E0F0C0C,STR-DBE3E9729199A70D,SCAP-DBE3E9729199A70D-TPL_05,TPL_05,false,ood_both,chevrons_diagonal,verde_ocre_crema,chevrones,diagonal,bandas,repetitiva,"Textura geométrica con chevrones, orientación diagonal, composición en bandas, simetría repetitiva y combinación cromática verde, ocre y crema.",82fb0147b7e4e7efb98377ed3edee84ab58202d36319240cb67d9ffe658c775b
CAP-V2_054-TPL_01,V2_054,SEM-C4C38215AF96E506,STR-DBE3E9729199A70D,SCAP-DBE3E9729199A70D-TPL_01,TPL_01,true,ood_both,chevrons_diagonal,morado_gris_rosa,chevrones,diagonal,bandas,repetitiva,"Patr?n geom?trico sint?tico con paleta morado, gris y rosa; con chevrones como motivo principal; orientaci?n diagonal; composici?n en bandas; simetr?a repetitiva.",7d2f5c5a2db50afe45b4d879741fe8daf2a5b454fba0875d4d57e594699baa08
CAP-V2_054-TPL_02,V2_054,SEM-C4C38215AF96E506,STR-DBE3E9729199A70D,SCAP-DBE3E9729199A70D-TPL_02,TPL_02,false,ood_both,chevrons_diagonal,morado_gris_rosa,chevrones,diagonal,bandas,repetitiva,"Imagen abstracta en colores morado, gris y rosa, formada por chevrones, con orientación diagonal, composición en bandas y simetría repetitiva.",e2f2d62da6a663d6fef076ee1d80771ba40bdba01e82e149e25e93d2e929097a
CAP-V2_054-TPL_03,V2_054,SEM-C4C38215AF96E506,STR-DBE3E9729199A70D,SCAP-DBE3E9729199A70D-TPL_03,TPL_03,false,ood_both,chevrons_diagonal,morado_gris_rosa,chevrones,diagonal,bandas,repetitiva,"Diseño de composición en bandas que muestra chevrones, orientación diagonal, simetría repetitiva y una paleta morado, gris y rosa.",77302a150e1895b1d5101f8f21b46b9184bffd56dbe8ca02937f2c5684710828
CAP-V2_054-TPL_04,V2_054,SEM-C4C38215AF96E506,STR-DBE3E9729199A70D,SCAP-DBE3E9729199A70D-TPL_04,TPL_04,false,ood_both,chevrons_diagonal,morado_gris_rosa,chevrones,diagonal,bandas,repetitiva,"Representación sintética de chevrones; la orientación es diagonal, la composición es en bandas, la simetría es repetitiva y los colores son morado, gris y rosa.",f085dfd31b9f08bead8f3858c7f427457a9385afd278856348994fc4f62f6e9b
CAP-V2_054-TPL_05,V2_054,SEM-C4C38215AF96E506,STR-DBE3E9729199A70D,SCAP-DBE3E9729199A70D-TPL_05,TPL_05,false,ood_both,chevrons_diagonal,morado_gris_rosa,chevrones,diagonal,bandas,repetitiva,"Textura geométrica con chevrones, orientación diagonal, composición en bandas, simetría repetitiva y combinación cromática morado, gris y rosa.",0a8adda82e6c9d89655ef6528363dce56ab449b8d4fd8fc19842dfe32399e91b
CAP-V2_055-TPL_01,V2_055,SEM-B3C4DB2C1AD51CA9,STR-74979A46916B9B50,SCAP-74979A46916B9B50-TPL_01,TPL_01,true,ood_both,circles_concentric,verde_ocre_crema,círculos concéntricos,radial,central,radial,"Patr?n geom?trico sint?tico con paleta verde, ocre y crema; con círculos concéntricos como motivo principal; orientaci?n radial; composici?n central; simetr?a radial.",fc6b833e7e9a3e230e1cc11ecbffeeee94e7a98874e7886743a5fb3901e9f053
CAP-V2_055-TPL_02,V2_055,SEM-B3C4DB2C1AD51CA9,STR-74979A46916B9B50,SCAP-74979A46916B9B50-TPL_02,TPL_02,false,ood_both,circles_concentric,verde_ocre_crema,círculos concéntricos,radial,central,radial,"Imagen abstracta en colores verde, ocre y crema, formada por círculos concéntricos, con orientación radial, composición central y simetría radial.",528a9b9f39c6d1163b4f15262d4e482603a1d56a4a8bda3b66bc416b2d6785d2
CAP-V2_055-TPL_03,V2_055,SEM-B3C4DB2C1AD51CA9,STR-74979A46916B9B50,SCAP-74979A46916B9B50-TPL_03,TPL_03,false,ood_both,circles_concentric,verde_ocre_crema,círculos concéntricos,radial,central,radial,"Diseño de composición central que muestra círculos concéntricos, orientación radial, simetría radial y una paleta verde, ocre y crema.",7630e450339c71cb83b66d746aef1745dc4de1c8d148e4dcb84403ab0dc58027
CAP-V2_055-TPL_04,V2_055,SEM-B3C4DB2C1AD51CA9,STR-74979A46916B9B50,SCAP-74979A46916B9B50-TPL_04,TPL_04,false,ood_both,circles_concentric,verde_ocre_crema,círculos concéntricos,radial,central,radial,"Representación sintética de círculos concéntricos; la orientación es radial, la composición es central, la simetría es radial y los colores son verde, ocre y crema.",d5dea56b49af289504ef900b202ed785f6f319209b802b34098575482523f922
CAP-V2_055-TPL_05,V2_055,SEM-B3C4DB2C1AD51CA9,STR-74979A46916B9B50,SCAP-74979A46916B9B50-TPL_05,TPL_05,false,ood_both,circles_concentric,verde_ocre_crema,círculos concéntricos,radial,central,radial,"Textura geométrica con círculos concéntricos, orientación radial, composición central, simetría radial y combinación cromática verde, ocre y crema.",55fc0cd500969b5e1dbadc9ed0ef2a9368f6513aae72a1ffcf7cf0246120ab5e
CAP-V2_056-TPL_01,V2_056,SEM-1076CAB99B86DF83,STR-74979A46916B9B50,SCAP-74979A46916B9B50-TPL_01,TPL_01,true,ood_both,circles_concentric,morado_gris_rosa,círculos concéntricos,radial,central,radial,"Patr?n geom?trico sint?tico con paleta morado, gris y rosa; con círculos concéntricos como motivo principal; orientaci?n radial; composici?n central; simetr?a radial.",9889b0c5eebd81bc026e852c1d94c4c6fb8065c662af196c30cd994eb35f63dd
CAP-V2_056-TPL_02,V2_056,SEM-1076CAB99B86DF83,STR-74979A46916B9B50,SCAP-74979A46916B9B50-TPL_02,TPL_02,false,ood_both,circles_concentric,morado_gris_rosa,círculos concéntricos,radial,central,radial,"Imagen abstracta en colores morado, gris y rosa, formada por círculos concéntricos, con orientación radial, composición central y simetría radial.",fdfce45c00ad62bfcf39ae453fc20db043125e630026fd24643edfa7afb89bac
CAP-V2_056-TPL_03,V2_056,SEM-1076CAB99B86DF83,STR-74979A46916B9B50,SCAP-74979A46916B9B50-TPL_03,TPL_03,false,ood_both,circles_concentric,morado_gris_rosa,círculos concéntricos,radial,central,radial,"Diseño de composición central que muestra círculos concéntricos, orientación radial, simetría radial y una paleta morado, gris y rosa.",10287358256b563d1b85a5f33097a09d878333331074fe05b6d0132f9554cb9c
CAP-V2_056-TPL_04,V2_056,SEM-1076CAB99B86DF83,STR-74979A46916B9B50,SCAP-74979A46916B9B50-TPL_04,TPL_04,false,ood_both,circles_concentric,morado_gris_rosa,círculos concéntricos,radial,central,radial,"Representación sintética de círculos concéntricos; la orientación es radial, la composición es central, la simetría es radial y los colores son morado, gris y rosa.",2ad99c620f0328be96d1664805bc3f0b0f35fb8cbbd0fb8968acd20eb793ba43
CAP-V2_056-TPL_05,V2_056,SEM-1076CAB99B86DF83,STR-74979A46916B9B50,SCAP-74979A46916B9B50-TPL_05,TPL_05,false,ood_both,circles_concentric,morado_gris_rosa,círculos concéntricos,radial,central,radial,"Textura geométrica con círculos concéntricos, orientación radial, composición central, simetría radial y combinación cromática morado, gris y rosa.",f81f0c8bb52be2e32a2c7496a3253df249133afeb4528f6e95d6c4baca046e87
