condition,source,query_index,caption_id,image_id,semantic_id,split,pattern_id,palette_id,motif,orientation,composition,symmetry,ambiguity_level,template_id,is_canonical,relevant_rank,top1_image_id,top1_score,relevant_score,positive_margin,recall_at_1,recall_at_5,mrr,ndcg_at_10
openclip,reused_validated_e1,0,CAP-V2_001-TPL_01,V2_001,SEM-726372BFFF43534D,id,bands_horizontal,rojo_negro_crema,bandas geométricas,horizontal,bandas,repetitiva,bajo,TPL_01,true,3,V2_011,0.351894617081,0.337622284889,-0.014272332191,0.000000000000,1.000000000000,0.333333333333,0.500000000000
openclip,reused_validated_e1,1,CAP-V2_001-TPL_02,V2_001,SEM-726372BFFF43534D,id,bands_horizontal,rojo_negro_crema,bandas geométricas,horizontal,bandas,repetitiva,bajo,TPL_02,false,3,V2_011,0.332195222378,0.310213267803,-0.021981954575,0.000000000000,1.000000000000,0.333333333333,0.500000000000
openclip,reused_validated_e1,2,CAP-V2_001-TPL_03,V2_001,SEM-726372BFFF43534D,id,bands_horizontal,rojo_negro_crema,bandas geométricas,horizontal,bandas,repetitiva,bajo,TPL_03,false,3,V2_026,0.330970823765,0.309555828571,-0.021414995193,0.000000000000,1.000000000000,0.333333333333,0.500000000000
openclip,reused_validated_e1,3,CAP-V2_001-TPL_04,V2_001,SEM-726372BFFF43534D,id,bands_horizontal,rojo_negro_crema,bandas geométricas,horizontal,bandas,repetitiva,bajo,TPL_04,false,2,V2_011,0.316889196634,0.306454926729,-0.010434269905,0.000000000000,1.000000000000,0.500000000000,0.630929753571
openclip,reused_validated_e1,4,CAP-V2_001-TPL_05,V2_001,SEM-726372BFFF43534D,id,bands_horizontal,rojo_negro_crema,bandas geométricas,horizontal,bandas,repetitiva,bajo,TPL_05,false,1,V2_001,0.340648949146,0.340648949146,0.006746411324,1.000000000000,1.000000000000,1.000000000000,1.000000000000
openclip,reused_validated_e1,5,CAP-V2_002-TPL_01,V2_002,SEM-5B84448A62787787,id,bands_horizontal,azul_crema_marron,bandas geométricas,horizontal,bandas,repetitiva,bajo,TPL_01,true,1,V2_002,0.365009844303,0.365009844303,0.002913296223,1.000000000000,1.000000000000,1.000000000000,1.000000000000
openclip,reused_validated_e1,6,CAP-V2_002-TPL_02,V2_002,SEM-5B84448A62787787,id,bands_horizontal,azul_crema_marron,bandas geométricas,horizontal,bandas,repetitiva,bajo,TPL_02,false,2,V2_027,0.353697896004,0.342582523823,-0.011115372181,0.000000000000,1.000000000000,0.500000000000,0.630929753571
openclip,reused_validated_e1,7,CAP-V2_002-TPL_03,V2_002,SEM-5B84448A62787787,id,bands_horizontal,azul_crema_marron,bandas geométricas,horizontal,bandas,repetitiva,bajo,TPL_03,false,3,V2_027,0.357337445021,0.337379783392,-0.019957661629,0.000000000000,1.000000000000,0.333333333333,0.500000000000
openclip,reused_validated_e1,8,CAP-V2_002-TPL_04,V2_002,SEM-5B84448A62787787,id,bands_horizontal,azul_crema_marron,bandas geométricas,horizontal,bandas,repetitiva,bajo,TPL_04,false,1,V2_002,0.321057319641,0.321057319641,0.001427233219,1.000000000000,1.000000000000,1.000000000000,1.000000000000
openclip,reused_validated_e1,9,CAP-V2_002-TPL_05,V2_002,SEM-5B84448A62787787,id,bands_horizontal,azul_crema_marron,bandas geométricas,horizontal,bandas,repetitiva,bajo,TPL_05,false,1,V2_002,0.359454244375,0.359454244375,0.015107482672,1.000000000000,1.000000000000,1.000000000000,1.000000000000
openclip,reused_validated_e1,10,CAP-V2_003-TPL_01,V2_003,SEM-7418F4CCBDB8F621,id,bands_horizontal,ocre_marron_negro,bandas geométricas,horizontal,bandas,repetitiva,bajo,TPL_01,true,2,V2_008,0.348789632320,0.335728734732,-0.013060897589,0.000000000000,1.000000000000,0.500000000000,0.630929753571
openclip,reused_validated_e1,11,CAP-V2_003-TPL_02,V2_003,SEM-7418F4CCBDB8F621,id,bands_horizontal,ocre_marron_negro,bandas geométricas,horizontal,bandas,repetitiva,bajo,TPL_02,false,2,V2_028,0.325777053833,0.314760744572,-0.011016309261,0.000000000000,1.000000000000,0.500000000000,0.630929753571
openclip,reused_validated_e1,12,CAP-V2_003-TPL_03,V2_003,SEM-7418F4CCBDB8F621,id,bands_horizontal,ocre_marron_negro,bandas geométricas,horizontal,bandas,repetitiva,bajo,TPL_03,false,3,V2_028,0.326543450356,0.322335422039,-0.004208028316,0.000000000000,1.000000000000,0.333333333333,0.500000000000
openclip,reused_validated_e1,13,CAP-V2_003-TPL_04,V2_003,SEM-7418F4CCBDB8F621,id,bands_horizontal,ocre_marron_negro,bandas geométricas,horizontal,bandas,repetitiva,bajo,TPL_04,false,1,V2_003,0.325080335140,0.325080335140,0.018952369690,1.000000000000,1.000000000000,1.000000000000,1.000000000000
openclip,reused_validated_e1,14,CAP-V2_003-TPL_05,V2_003,SEM-7418F4CCBDB8F621,id,bands_horizontal,ocre_marron_negro,bandas geométricas,horizontal,bandas,repetitiva,bajo,TPL_05,false,1,V2_003,0.335055470467,0.335055470467,0.006145477295,1.000000000000,1.000000000000,1.000000000000,1.000000000000
openclip,reused_validated_e1,15,CAP-V2_004-TPL_01,V2_004,SEM-7CE10D3F8F559237,id,bands_horizontal,blanco_negro_gris,bandas geométricas,horizontal,bandas,repetitiva,bajo,TPL_01,true,3,V2_014,0.322224646807,0.313583195210,-0.008641451597,0.000000000000,1.000000000000,0.333333333333,0.500000000000
openclip,reused_validated_e1,16,CAP-V2_004-TPL_02,V2_004,SEM-7CE10D3F8F559237,id,bands_horizontal,blanco_negro_gris,bandas geométricas,horizontal,bandas,repetitiva,bajo,TPL_02,false,4,V2_024,0.307851105928,0.288740336895,-0.019110769033,0.000000000000,1.000000000000,0.250000000000,0.430676558073
openclip,reused_validated_e1,17,CAP-V2_004-TPL_03,V2_004,SEM-7CE10D3F8F559237,id,bands_horizontal,blanco_negro_gris,bandas geométricas,horizontal,bandas,repetitiva,bajo,TPL_03,false,4,V2_029,0.304731160402,0.280424654484,-0.024306505919,0.000000000000,1.000000000000,0.250000000000,0.430676558073
openclip,reused_validated_e1,18,CAP-V2_004-TPL_04,V2_004,SEM-7CE10D3F8F559237,id,bands_horizontal,blanco_negro_gris,bandas geométricas,horizontal,bandas,repetitiva,bajo,TPL_04,false,1,V2_004,0.279100894928,0.279100894928,0.000325560570,1.000000000000,1.000000000000,1.000000000000,1.000000000000
openclip,reused_validated_e1,19,CAP-V2_004-TPL_05,V2_004,SEM-7CE10D3F8F559237,id,bands_horizontal,blanco_negro_gris,bandas geométricas,horizontal,bandas,repetitiva,bajo,TPL_05,false,1,V2_004,0.320192247629,0.320192247629,0.017236143351,1.000000000000,1.000000000000,1.000000000000,1.000000000000
openclip,reused_validated_e1,20,CAP-V2_005-TPL_01,V2_005,SEM-CA5D6EBFCD7B84E3,id,bands_horizontal,multicolor_tierra,bandas geométricas,horizontal,bandas,repetitiva,bajo,TPL_01,true,2,V2_015,0.360274165869,0.353165864944,-0.007108300924,0.000000000000,1.000000000000,0.500000000000,0.630929753571
openclip,reused_validated_e1,21,CAP-V2_005-TPL_02,V2_005,SEM-CA5D6EBFCD7B84E3,id,bands_horizontal,multicolor_tierra,bandas geométricas,horizontal,bandas,repetitiva,bajo,TPL_02,false,4,V2_030,0.344659775496,0.292437195778,-0.052222579718,0.000000000000,1.000000000000,0.250000000000,0.430676558073
openclip,reused_validated_e1,22,CAP-V2_005-TPL_03,V2_005,SEM-CA5D6EBFCD7B84E3,id,bands_horizontal,multicolor_tierra,bandas geométricas,horizontal,bandas,repetitiva,bajo,TPL_03,false,3,V2_030,0.358123064041,0.302583724260,-0.055539339781,0.000000000000,1.000000000000,0.333333333333,0.500000000000
openclip,reused_validated_e1,23,CAP-V2_005-TPL_04,V2_005,SEM-CA5D6EBFCD7B84E3,id,bands_horizontal,multicolor_tierra,bandas geométricas,horizontal,bandas,repetitiva,bajo,TPL_04,false,3,V2_015,0.335982561111,0.315432250500,-0.020550310612,0.000000000000,1.000000000000,0.333333333333,0.500000000000
openclip,reused_validated_e1,24,CAP-V2_005-TPL_05,V2_005,SEM-CA5D6EBFCD7B84E3,id,bands_horizontal,multicolor_tierra,bandas geométricas,horizontal,bandas,repetitiva,bajo,TPL_05,false,3,V2_030,0.349335074425,0.343601375818,-0.005733698606,0.000000000000,1.000000000000,0.333333333333,0.500000000000
openclip,reused_validated_e1,25,CAP-V2_006-TPL_01,V2_006,SEM-4699702E8A447735,id,bands_vertical,rojo_negro_crema,bandas geométricas,vertical,bandas,repetitiva,bajo,TPL_01,true,2,V2_011,0.354999423027,0.351220697165,-0.003778725863,0.000000000000,1.000000000000,0.500000000000,0.630929753571
openclip,reused_validated_e1,26,CAP-V2_006-TPL_02,V2_006,SEM-4699702E8A447735,id,bands_vertical,rojo_negro_crema,bandas geométricas,vertical,bandas,repetitiva,bajo,TPL_02,false,3,V2_011,0.339359700680,0.313307762146,-0.026051938534,0.000000000000,1.000000000000,0.333333333333,0.500000000000
openclip,reused_validated_e1,27,CAP-V2_006-TPL_03,V2_006,SEM-4699702E8A447735,id,bands_vertical,rojo_negro_crema,bandas geométricas,vertical,bandas,repetitiva,bajo,TPL_03,false,3,V2_011,0.339565336704,0.322546571493,-0.017018765211,0.000000000000,1.000000000000,0.333333333333,0.500000000000
openclip,reused_validated_e1,28,CAP-V2_006-TPL_04,V2_006,SEM-4699702E8A447735,id,bands_vertical,rojo_negro_crema,bandas geométricas,vertical,bandas,repetitiva,bajo,TPL_04,false,3,V2_011,0.326120495796,0.311577767134,-0.014542728662,0.000000000000,1.000000000000,0.333333333333,0.500000000000
openclip,reused_validated_e1,29,CAP-V2_006-TPL_05,V2_006,SEM-4699702E8A447735,id,bands_vertical,rojo_negro_crema,bandas geométricas,vertical,bandas,repetitiva,bajo,TPL_05,false,1,V2_006,0.348100930452,0.348100930452,0.005504906178,1.000000000000,1.000000000000,1.000000000000,1.000000000000
openclip,reused_validated_e1,30,CAP-V2_007-TPL_01,V2_007,SEM-657EAE79EA891854,id,bands_vertical,azul_crema_marron,bandas geométricas,vertical,bandas,repetitiva,bajo,TPL_01,true,3,V2_012,0.366772711277,0.357411265373,-0.009361445904,0.000000000000,1.000000000000,0.333333333333,0.500000000000
openclip,reused_validated_e1,31,CAP-V2_007-TPL_02,V2_007,SEM-657EAE79EA891854,id,bands_vertical,azul_crema_marron,bandas geométricas,vertical,bandas,repetitiva,bajo,TPL_02,false,4,V2_012,0.356869041920,0.328755319118,-0.028113722801,0.000000000000,1.000000000000,0.250000000000,0.430676558073
openclip,reused_validated_e1,32,CAP-V2_007-TPL_03,V2_007,SEM-657EAE79EA891854,id,bands_vertical,azul_crema_marron,bandas geométricas,vertical,bandas,repetitiva,bajo,TPL_03,false,4,V2_012,0.370864003897,0.324479877949,-0.046384125948,0.000000000000,1.000000000000,0.250000000000,0.430676558073
openclip,reused_validated_e1,33,CAP-V2_007-TPL_04,V2_007,SEM-657EAE79EA891854,id,bands_vertical,azul_crema_marron,bandas geométricas,vertical,bandas,repetitiva,bajo,TPL_04,false,5,V2_012,0.329205930233,0.295247137547,-0.033958792686,0.000000000000,1.000000000000,0.200000000000,0.386852807235
openclip,reused_validated_e1,34,CAP-V2_007-TPL_05,V2_007,SEM-657EAE79EA891854,id,bands_vertical,azul_crema_marron,bandas geométricas,vertical,bandas,repetitiva,bajo,TPL_05,false,3,V2_002,0.361467331648,0.349831968546,-0.011635363102,0.000000000000,1.000000000000,0.333333333333,0.500000000000
openclip,reused_validated_e1,35,CAP-V2_008-TPL_01,V2_008,SEM-F49183E2AB7334C9,id,bands_vertical,ocre_marron_negro,bandas geométricas,vertical,bandas,repetitiva,bajo,TPL_01,true,1,V2_008,0.356800109148,0.356800109148,0.019015818834,1.000000000000,1.000000000000,1.000000000000,1.000000000000
openclip,reused_validated_e1,36,CAP-V2_008-TPL_02,V2_008,SEM-F49183E2AB7334C9,id,bands_vertical,ocre_marron_negro,bandas geométricas,vertical,bandas,repetitiva,bajo,TPL_02,false,2,V2_028,0.323046892881,0.318872779608,-0.004174113274,0.000000000000,1.000000000000,0.500000000000,0.630929753571
openclip,reused_validated_e1,37,CAP-V2_008-TPL_03,V2_008,SEM-F49183E2AB7334C9,id,bands_vertical,ocre_marron_negro,bandas geométricas,vertical,bandas,repetitiva,bajo,TPL_03,false,1,V2_008,0.338255554438,0.338255554438,0.005085259676,1.000000000000,1.000000000000,1.000000000000,1.000000000000
openclip,reused_validated_e1,38,CAP-V2_008-TPL_04,V2_008,SEM-F49183E2AB7334C9,id,bands_vertical,ocre_marron_negro,bandas geométricas,vertical,bandas,repetitiva,bajo,TPL_04,false,2,V2_003,0.332148998976,0.320120722055,-0.012028276920,0.000000000000,1.000000000000,0.500000000000,0.630929753571
openclip,reused_validated_e1,39,CAP-V2_008-TPL_05,V2_008,SEM-F49183E2AB7334C9,id,bands_vertical,ocre_marron_negro,bandas geométricas,vertical,bandas,repetitiva,bajo,TPL_05,false,1,V2_008,0.343335449696,0.343335449696,0.003791540861,1.000000000000,1.000000000000,1.000000000000,1.000000000000
openclip,reused_validated_e1,40,CAP-V2_009-TPL_01,V2_009,SEM-0EFA93DD8D5CE9AD,id,bands_vertical,blanco_negro_gris,bandas geométricas,vertical,bandas,repetitiva,bajo,TPL_01,true,2,V2_014,0.327716082335,0.327648013830,-0.000068068504,0.000000000000,1.000000000000,0.500000000000,0.630929753571
openclip,reused_validated_e1,41,CAP-V2_009-TPL_02,V2_009,SEM-0EFA93DD8D5CE9AD,id,bands_vertical,blanco_negro_gris,bandas geométricas,vertical,bandas,repetitiva,bajo,TPL_02,false,4,V2_024,0.309053540230,0.301213562489,-0.007839977741,0.000000000000,1.000000000000,0.250000000000,0.430676558073
openclip,reused_validated_e1,42,CAP-V2_009-TPL_03,V2_009,SEM-0EFA93DD8D5CE9AD,id,bands_vertical,blanco_negro_gris,bandas geométricas,vertical,bandas,repetitiva,bajo,TPL_03,false,5,V2_029,0.320004642010,0.288650065660,-0.031354576349,0.000000000000,1.000000000000,0.200000000000,0.386852807235
openclip,reused_validated_e1,43,CAP-V2_009-TPL_04,V2_009,SEM-0EFA93DD8D5CE9AD,id,bands_vertical,blanco_negro_gris,bandas geométricas,vertical,bandas,repetitiva,bajo,TPL_04,false,5,V2_014,0.290868729353,0.275208592415,-0.015660136938,0.000000000000,1.000000000000,0.200000000000,0.386852807235
openclip,reused_validated_e1,44,CAP-V2_009-TPL_05,V2_009,SEM-0EFA93DD8D5CE9AD,id,bands_vertical,blanco_negro_gris,bandas geométricas,vertical,bandas,repetitiva,bajo,TPL_05,false,2,V2_004,0.323832631111,0.314419895411,-0.009412735701,0.000000000000,1.000000000000,0.500000000000,0.630929753571
openclip,reused_validated_e1,45,CAP-V2_010-TPL_01,V2_010,SEM-7E4D8819AF0D376B,id,bands_vertical,multicolor_tierra,bandas geométricas,vertical,bandas,repetitiva,bajo,TPL_01,true,2,V2_015,0.364808261395,0.356067419052,-0.008740842342,0.000000000000,1.000000000000,0.500000000000,0.630929753571
openclip,reused_validated_e1,46,CAP-V2_010-TPL_02,V2_010,SEM-7E4D8819AF0D376B,id,bands_vertical,multicolor_tierra,bandas geométricas,vertical,bandas,repetitiva,bajo,TPL_02,false,3,V2_030,0.348973959684,0.297754168510,-0.051219791174,0.000000000000,1.000000000000,0.333333333333,0.500000000000
openclip,reused_validated_e1,47,CAP-V2_010-TPL_03,V2_010,SEM-7E4D8819AF0D376B,id,bands_vertical,multicolor_tierra,bandas geométricas,vertical,bandas,repetitiva,bajo,TPL_03,false,3,V2_030,0.367539405823,0.320458412170,-0.047080993652,0.000000000000,1.000000000000,0.333333333333,0.500000000000
openclip,reused_validated_e1,48,CAP-V2_010-TPL_04,V2_010,SEM-7E4D8819AF0D376B,id,bands_vertical,multicolor_tierra,bandas geométricas,vertical,bandas,repetitiva,bajo,TPL_04,false,4,V2_015,0.344141662121,0.310400247574,-0.033741414547,0.000000000000,1.000000000000,0.250000000000,0.430676558073
openclip,reused_validated_e1,49,CAP-V2_010-TPL_05,V2_010,SEM-7E4D8819AF0D376B,id,bands_vertical,multicolor_tierra,bandas geométricas,vertical,bandas,repetitiva,bajo,TPL_05,false,3,V2_015,0.360471218824,0.349414736032,-0.011056482792,0.000000000000,1.000000000000,0.333333333333,0.500000000000
openclip,reused_validated_e1,50,CAP-V2_011-TPL_01,V2_011,SEM-E6BF74678BDAC828,id,diamonds_central,rojo_negro_crema,rombos,diagonal,central,bilateral,medio,TPL_01,true,1,V2_011,0.350548684597,0.350548684597,0.026128351688,1.000000000000,1.000000000000,1.000000000000,1.000000000000
openclip,reused_validated_e1,51,CAP-V2_011-TPL_02,V2_011,SEM-E6BF74678BDAC828,id,diamonds_central,rojo_negro_crema,rombos,diagonal,central,bilateral,medio,TPL_02,false,1,V2_011,0.337546885014,0.337546885014,0.033066362143,1.000000000000,1.000000000000,1.000000000000,1.000000000000
openclip,reused_validated_e1,52,CAP-V2_011-TPL_03,V2_011,SEM-E6BF74678BDAC828,id,diamonds_central,rojo_negro_crema,rombos,diagonal,central,bilateral,medio,TPL_03,false,1,V2_011,0.354579061270,0.354579061270,0.031059652567,1.000000000000,1.000000000000,1.000000000000,1.000000000000
openclip,reused_validated_e1,53,CAP-V2_011-TPL_04,V2_011,SEM-E6BF74678BDAC828,id,diamonds_central,rojo_negro_crema,rombos,diagonal,central,bilateral,medio,TPL_04,false,1,V2_011,0.325653254986,0.325653254986,0.043064236641,1.000000000000,1.000000000000,1.000000000000,1.000000000000
openclip,reused_validated_e1,54,CAP-V2_011-TPL_05,V2_011,SEM-E6BF74678BDAC828,id,diamonds_central,rojo_negro_crema,rombos,diagonal,central,bilateral,medio,TPL_05,false,1,V2_011,0.349715888500,0.349715888500,0.010214865208,1.000000000000,1.000000000000,1.000000000000,1.000000000000
openclip,reused_validated_e1,55,CAP-V2_012-TPL_01,V2_012,SEM-F5F0E5F56F3B9CDD,id,diamonds_central,azul_crema_marron,rombos,diagonal,central,bilateral,medio,TPL_01,true,1,V2_012,0.356498926878,0.356498926878,0.016168564558,1.000000000000,1.000000000000,1.000000000000,1.000000000000
openclip,reused_validated_e1,56,CAP-V2_012-TPL_02,V2_012,SEM-F5F0E5F56F3B9CDD,id,diamonds_central,azul_crema_marron,rombos,diagonal,central,bilateral,medio,TPL_02,false,1,V2_012,0.345361232758,0.345361232758,0.002610266209,1.000000000000,1.000000000000,1.000000000000,1.000000000000
openclip,reused_validated_e1,57,CAP-V2_012-TPL_03,V2_012,SEM-F5F0E5F56F3B9CDD,id,diamonds_central,azul_crema_marron,rombos,diagonal,central,bilateral,medio,TPL_03,false,1,V2_012,0.369493544102,0.369493544102,0.018173336983,1.000000000000,1.000000000000,1.000000000000,1.000000000000
openclip,reused_validated_e1,58,CAP-V2_012-TPL_04,V2_012,SEM-F5F0E5F56F3B9CDD,id,diamonds_central,azul_crema_marron,rombos,diagonal,central,bilateral,medio,TPL_04,false,1,V2_012,0.327219247818,0.327219247818,0.031091898680,1.000000000000,1.000000000000,1.000000000000,1.000000000000
openclip,reused_validated_e1,59,CAP-V2_012-TPL_05,V2_012,SEM-F5F0E5F56F3B9CDD,id,diamonds_central,azul_crema_marron,rombos,diagonal,central,bilateral,medio,TPL_05,false,1,V2_012,0.360399603844,0.360399603844,0.002860099077,1.000000000000,1.000000000000,1.000000000000,1.000000000000
openclip,reused_validated_e1,60,CAP-V2_013-TPL_01,V2_013,SEM-6C847486A44390D1,id,diamonds_central,ocre_marron_negro,rombos,diagonal,central,bilateral,medio,TPL_01,true,2,V2_008,0.325291275978,0.324513047934,-0.000778228045,0.000000000000,1.000000000000,0.500000000000,0.630929753571
openclip,reused_validated_e1,61,CAP-V2_013-TPL_02,V2_013,SEM-6C847486A44390D1,id,diamonds_central,ocre_marron_negro,rombos,diagonal,central,bilateral,medio,TPL_02,false,1,V2_013,0.321474015713,0.321474015713,0.005154252052,1.000000000000,1.000000000000,1.000000000000,1.000000000000
openclip,reused_validated_e1,62,CAP-V2_013-TPL_03,V2_013,SEM-6C847486A44390D1,id,diamonds_central,ocre_marron_negro,rombos,diagonal,central,bilateral,medio,TPL_03,false,1,V2_013,0.344559222460,0.344559222460,0.011521250010,1.000000000000,1.000000000000,1.000000000000,1.000000000000
openclip,reused_validated_e1,63,CAP-V2_013-TPL_04,V2_013,SEM-6C847486A44390D1,id,diamonds_central,ocre_marron_negro,rombos,diagonal,central,bilateral,medio,TPL_04,false,2,V2_011,0.315133661032,0.313130676746,-0.002002984285,0.000000000000,1.000000000000,0.500000000000,0.630929753571
openclip,reused_validated_e1,64,CAP-V2_013-TPL_05,V2_013,SEM-6C847486A44390D1,id,diamonds_central,ocre_marron_negro,rombos,diagonal,central,bilateral,medio,TPL_05,false,3,V2_008,0.332093536854,0.316250234842,-0.015843302011,0.000000000000,1.000000000000,0.333333333333,0.500000000000
openclip,reused_validated_e1,65,CAP-V2_014-TPL_01,V2_014,SEM-B0502F5A4E58AF67,id,diamonds_central,blanco_negro_gris,rombos,diagonal,central,bilateral,medio,TPL_01,true,1,V2_014,0.332291722298,0.332291722298,0.034036993980,1.000000000000,1.000000000000,1.000000000000,1.000000000000
openclip,reused_validated_e1,66,CAP-V2_014-TPL_02,V2_014,SEM-B0502F5A4E58AF67,id,diamonds_central,blanco_negro_gris,rombos,diagonal,central,bilateral,medio,TPL_02,false,1,V2_014,0.311638295650,0.311638295650,0.007756561041,1.000000000000,1.000000000000,1.000000000000,1.000000000000
openclip,reused_validated_e1,67,CAP-V2_014-TPL_03,V2_014,SEM-B0502F5A4E58AF67,id,diamonds_central,blanco_negro_gris,rombos,diagonal,central,bilateral,medio,TPL_03,false,1,V2_014,0.326441347599,0.326441347599,0.004632830620,1.000000000000,1.000000000000,1.000000000000,1.000000000000
openclip,reused_validated_e1,68,CAP-V2_014-TPL_04,V2_014,SEM-B0502F5A4E58AF67,id,diamonds_central,blanco_negro_gris,rombos,diagonal,central,bilateral,medio,TPL_04,false,1,V2_014,0.299041241407,0.299041241407,0.002745360136,1.000000000000,1.000000000000,1.000000000000,1.000000000000
openclip,reused_validated_e1,69,CAP-V2_014-TPL_05,V2_014,SEM-B0502F5A4E58AF67,id,diamonds_central,blanco_negro_gris,rombos,diagonal,central,bilateral,medio,TPL_05,false,1,V2_014,0.323854058981,0.323854058981,0.001582920551,1.000000000000,1.000000000000,1.000000000000,1.000000000000
openclip,reused_validated_e1,70,CAP-V2_015-TPL_01,V2_015,SEM-48FFBCDFBB1178FE,id,diamonds_central,multicolor_tierra,rombos,diagonal,central,bilateral,medio,TPL_01,true,1,V2_015,0.372624814510,0.372624814510,0.034481525421,1.000000000000,1.000000000000,1.000000000000,1.000000000000
openclip,reused_validated_e1,71,CAP-V2_015-TPL_02,V2_015,SEM-48FFBCDFBB1178FE,id,diamonds_central,multicolor_tierra,rombos,diagonal,central,bilateral,medio,TPL_02,false,2,V2_030,0.343795388937,0.331156015396,-0.012639373541,0.000000000000,1.000000000000,0.500000000000,0.630929753571
openclip,reused_validated_e1,72,CAP-V2_015-TPL_03,V2_015,SEM-48FFBCDFBB1178FE,id,diamonds_central,multicolor_tierra,rombos,diagonal,central,bilateral,medio,TPL_03,false,1,V2_015,0.370235264301,0.370235264301,0.012270838022,1.000000000000,1.000000000000,1.000000000000,1.000000000000
openclip,reused_validated_e1,73,CAP-V2_015-TPL_04,V2_015,SEM-48FFBCDFBB1178FE,id,diamonds_central,multicolor_tierra,rombos,diagonal,central,bilateral,medio,TPL_04,false,1,V2_015,0.352536410093,0.352536410093,0.044704020023,1.000000000000,1.000000000000,1.000000000000,1.000000000000
openclip,reused_validated_e1,74,CAP-V2_015-TPL_05,V2_015,SEM-48FFBCDFBB1178FE,id,diamonds_central,multicolor_tierra,rombos,diagonal,central,bilateral,medio,TPL_05,false,1,V2_015,0.367949128151,0.367949128151,0.022467494011,1.000000000000,1.000000000000,1.000000000000,1.000000000000
openclip,reused_validated_e1,75,CAP-V2_016-TPL_01,V2_016,SEM-1F7D0D80E51AE939,id,grecas_modular,rojo_negro_crema,grecas escalonadas,horizontal,modular,repetitiva,medio,TPL_01,true,4,V2_021,0.335978716612,0.324525922537,-0.011452794075,0.000000000000,1.000000000000,0.250000000000,0.430676558073
openclip,reused_validated_e1,76,CAP-V2_016-TPL_02,V2_016,SEM-1F7D0D80E51AE939,id,grecas_modular,rojo_negro_crema,grecas escalonadas,horizontal,modular,repetitiva,medio,TPL_02,false,5,V2_026,0.311348915100,0.277773886919,-0.033575028181,0.000000000000,1.000000000000,0.200000000000,0.386852807235
openclip,reused_validated_e1,77,CAP-V2_016-TPL_03,V2_016,SEM-1F7D0D80E51AE939,id,grecas_modular,rojo_negro_crema,grecas escalonadas,horizontal,modular,repetitiva,medio,TPL_03,false,2,V2_026,0.315488606691,0.288694918156,-0.026793688536,0.000000000000,1.000000000000,0.500000000000,0.630929753571
openclip,reused_validated_e1,78,CAP-V2_016-TPL_04,V2_016,SEM-1F7D0D80E51AE939,id,grecas_modular,rojo_negro_crema,grecas escalonadas,horizontal,modular,repetitiva,medio,TPL_04,false,4,V2_021,0.300701200962,0.284233063459,-0.016468137503,0.000000000000,1.000000000000,0.250000000000,0.430676558073
openclip,reused_validated_e1,79,CAP-V2_016-TPL_05,V2_016,SEM-1F7D0D80E51AE939,id,grecas_modular,rojo_negro_crema,grecas escalonadas,horizontal,modular,repetitiva,medio,TPL_05,false,3,V2_001,0.346705853939,0.331294685602,-0.015411168337,0.000000000000,1.000000000000,0.333333333333,0.500000000000
openclip,reused_validated_e1,80,CAP-V2_017-TPL_01,V2_017,SEM-B4047E6372E8425A,id,grecas_modular,azul_crema_marron,grecas escalonadas,horizontal,modular,repetitiva,medio,TPL_01,true,7,V2_002,0.336778998375,0.290414303541,-0.046364694834,0.000000000000,0.000000000000,0.142857142857,0.333333333333
openclip,reused_validated_e1,81,CAP-V2_017-TPL_02,V2_017,SEM-B4047E6372E8425A,id,grecas_modular,azul_crema_marron,grecas escalonadas,horizontal,modular,repetitiva,medio,TPL_02,false,6,V2_027,0.354624092579,0.290373623371,-0.064250469208,0.000000000000,0.000000000000,0.166666666667,0.356207187108
openclip,reused_validated_e1,82,CAP-V2_017-TPL_03,V2_017,SEM-B4047E6372E8425A,id,grecas_modular,azul_crema_marron,grecas escalonadas,horizontal,modular,repetitiva,medio,TPL_03,false,5,V2_027,0.334207594395,0.285001516342,-0.049206078053,0.000000000000,1.000000000000,0.200000000000,0.386852807235
openclip,reused_validated_e1,83,CAP-V2_017-TPL_04,V2_017,SEM-B4047E6372E8425A,id,grecas_modular,azul_crema_marron,grecas escalonadas,horizontal,modular,repetitiva,medio,TPL_04,false,5,V2_002,0.306776225567,0.261977314949,-0.044798910618,0.000000000000,1.000000000000,0.200000000000,0.386852807235
openclip,reused_validated_e1,84,CAP-V2_017-TPL_05,V2_017,SEM-B4047E6372E8425A,id,grecas_modular,azul_crema_marron,grecas escalonadas,horizontal,modular,repetitiva,medio,TPL_05,false,6,V2_002,0.360777109861,0.325643628836,-0.035133481026,0.000000000000,0.000000000000,0.166666666667,0.356207187108
openclip,reused_validated_e1,85,CAP-V2_018-TPL_01,V2_018,SEM-8DD56A09C7883053,id,grecas_modular,ocre_marron_negro,grecas escalonadas,horizontal,modular,repetitiva,medio,TPL_01,true,6,V2_008,0.319983839989,0.293968379498,-0.026015460491,0.000000000000,0.000000000000,0.166666666667,0.356207187108
openclip,reused_validated_e1,86,CAP-V2_018-TPL_02,V2_018,SEM-8DD56A09C7883053,id,grecas_modular,ocre_marron_negro,grecas escalonadas,horizontal,modular,repetitiva,medio,TPL_02,false,9,V2_028,0.328365147114,0.281979322433,-0.046385824680,0.000000000000,0.000000000000,0.111111111111,0.301029995664
openclip,reused_validated_e1,87,CAP-V2_018-TPL_03,V2_018,SEM-8DD56A09C7883053,id,grecas_modular,ocre_marron_negro,grecas escalonadas,horizontal,modular,repetitiva,medio,TPL_03,false,3,V2_028,0.345979869366,0.312895715237,-0.033084154129,0.000000000000,1.000000000000,0.333333333333,0.500000000000
openclip,reused_validated_e1,88,CAP-V2_018-TPL_04,V2_018,SEM-8DD56A09C7883053,id,grecas_modular,ocre_marron_negro,grecas escalonadas,horizontal,modular,repetitiva,medio,TPL_04,false,4,V2_003,0.316621363163,0.282093107700,-0.034528255463,0.000000000000,1.000000000000,0.250000000000,0.430676558073
openclip,reused_validated_e1,89,CAP-V2_018-TPL_05,V2_018,SEM-8DD56A09C7883053,id,grecas_modular,ocre_marron_negro,grecas escalonadas,horizontal,modular,repetitiva,medio,TPL_05,false,4,V2_003,0.294234007597,0.288562655449,-0.005671352148,0.000000000000,1.000000000000,0.250000000000,0.430676558073
openclip,reused_validated_e1,90,CAP-V2_019-TPL_01,V2_019,SEM-92B4FA22CEDB29E6,id,grecas_modular,blanco_negro_gris,grecas escalonadas,horizontal,modular,repetitiva,medio,TPL_01,true,5,V2_024,0.309778332710,0.291442334652,-0.018335998058,0.000000000000,1.000000000000,0.200000000000,0.386852807235
openclip,reused_validated_e1,91,CAP-V2_019-TPL_02,V2_019,SEM-92B4FA22CEDB29E6,id,grecas_modular,blanco_negro_gris,grecas escalonadas,horizontal,modular,repetitiva,medio,TPL_02,false,3,V2_029,0.312480956316,0.286450386047,-0.026030570269,0.000000000000,1.000000000000,0.333333333333,0.500000000000
openclip,reused_validated_e1,92,CAP-V2_019-TPL_03,V2_019,SEM-92B4FA22CEDB29E6,id,grecas_modular,blanco_negro_gris,grecas escalonadas,horizontal,modular,repetitiva,medio,TPL_03,false,3,V2_029,0.299927651882,0.279316306114,-0.020611345768,0.000000000000,1.000000000000,0.333333333333,0.500000000000
openclip,reused_validated_e1,93,CAP-V2_019-TPL_04,V2_019,SEM-92B4FA22CEDB29E6,id,grecas_modular,blanco_negro_gris,grecas escalonadas,horizontal,modular,repetitiva,medio,TPL_04,false,5,V2_024,0.290411949158,0.260462224483,-0.029949724674,0.000000000000,1.000000000000,0.200000000000,0.386852807235
openclip,reused_validated_e1,94,CAP-V2_019-TPL_05,V2_019,SEM-92B4FA22CEDB29E6,id,grecas_modular,blanco_negro_gris,grecas escalonadas,horizontal,modular,repetitiva,medio,TPL_05,false,3,V2_004,0.330995619297,0.318153798580,-0.012841820717,0.000000000000,1.000000000000,0.333333333333,0.500000000000
openclip,reused_validated_e1,95,CAP-V2_020-TPL_01,V2_020,SEM-A02450BA65AD4237,id,grecas_modular,multicolor_tierra,grecas escalonadas,horizontal,modular,repetitiva,medio,TPL_01,true,3,V2_015,0.345522880554,0.329576432705,-0.015946447849,0.000000000000,1.000000000000,0.333333333333,0.500000000000
openclip,reused_validated_e1,96,CAP-V2_020-TPL_02,V2_020,SEM-A02450BA65AD4237,id,grecas_modular,multicolor_tierra,grecas escalonadas,horizontal,modular,repetitiva,medio,TPL_02,false,3,V2_030,0.348846048117,0.286718100309,-0.062127947807,0.000000000000,1.000000000000,0.333333333333,0.500000000000
openclip,reused_validated_e1,97,CAP-V2_020-TPL_03,V2_020,SEM-A02450BA65AD4237,id,grecas_modular,multicolor_tierra,grecas escalonadas,horizontal,modular,repetitiva,medio,TPL_03,false,2,V2_030,0.352408647537,0.315179169178,-0.037229478359,0.000000000000,1.000000000000,0.500000000000,0.630929753571
openclip,reused_validated_e1,98,CAP-V2_020-TPL_04,V2_020,SEM-A02450BA65AD4237,id,grecas_modular,multicolor_tierra,grecas escalonadas,horizontal,modular,repetitiva,medio,TPL_04,false,4,V2_015,0.316591680050,0.290501177311,-0.026090502739,0.000000000000,1.000000000000,0.250000000000,0.430676558073
openclip,reused_validated_e1,99,CAP-V2_020-TPL_05,V2_020,SEM-A02450BA65AD4237,id,grecas_modular,multicolor_tierra,grecas escalonadas,horizontal,modular,repetitiva,medio,TPL_05,false,4,V2_030,0.355220496655,0.339287191629,-0.015933305025,0.000000000000,1.000000000000,0.250000000000,0.430676558073
openclip,reused_validated_e1,100,CAP-V2_021-TPL_01,V2_021,SEM-C35EEC4AAFF32C4A,id,grid_reticular,rojo_negro_crema,cuadrícula geométrica,bidireccional,reticular,repetitiva,bajo,TPL_01,true,2,V2_011,0.354270160198,0.323116242886,-0.031153917313,0.000000000000,1.000000000000,0.500000000000,0.630929753571
openclip,reused_validated_e1,101,CAP-V2_021-TPL_02,V2_021,SEM-C35EEC4AAFF32C4A,id,grid_reticular,rojo_negro_crema,cuadrícula geométrica,bidireccional,reticular,repetitiva,bajo,TPL_02,false,3,V2_011,0.349363446236,0.304833531380,-0.044529914856,0.000000000000,1.000000000000,0.333333333333,0.500000000000
openclip,reused_validated_e1,102,CAP-V2_021-TPL_03,V2_021,SEM-C35EEC4AAFF32C4A,id,grid_reticular,rojo_negro_crema,cuadrícula geométrica,bidireccional,reticular,repetitiva,bajo,TPL_03,false,3,V2_011,0.342571735382,0.296901345253,-0.045670390129,0.000000000000,1.000000000000,0.333333333333,0.500000000000
openclip,reused_validated_e1,103,CAP-V2_021-TPL_04,V2_021,SEM-C35EEC4AAFF32C4A,id,grid_reticular,rojo_negro_crema,cuadrícula geométrica,bidireccional,reticular,repetitiva,bajo,TPL_04,false,2,V2_011,0.327257633209,0.312435507774,-0.014822125435,0.000000000000,1.000000000000,0.500000000000,0.630929753571
openclip,reused_validated_e1,104,CAP-V2_021-TPL_05,V2_021,SEM-C35EEC4AAFF32C4A,id,grid_reticular,rojo_negro_crema,cuadrícula geométrica,bidireccional,reticular,repetitiva,bajo,TPL_05,false,3,V2_011,0.337230145931,0.312213420868,-0.025016725063,0.000000000000,1.000000000000,0.333333333333,0.500000000000
openclip,reused_validated_e1,105,CAP-V2_022-TPL_01,V2_022,SEM-14694FF153156266,id,grid_reticular,azul_crema_marron,cuadrícula geométrica,bidireccional,reticular,repetitiva,bajo,TPL_01,true,2,V2_012,0.354504406452,0.321680843830,-0.032823562622,0.000000000000,1.000000000000,0.500000000000,0.630929753571
openclip,reused_validated_e1,106,CAP-V2_022-TPL_02,V2_022,SEM-14694FF153156266,id,grid_reticular,azul_crema_marron,cuadrícula geométrica,bidireccional,reticular,repetitiva,bajo,TPL_02,false,3,V2_012,0.355455875397,0.329736739397,-0.025719136000,0.000000000000,1.000000000000,0.333333333333,0.500000000000
openclip,reused_validated_e1,107,CAP-V2_022-TPL_03,V2_022,SEM-14694FF153156266,id,grid_reticular,azul_crema_marron,cuadrícula geométrica,bidireccional,reticular,repetitiva,bajo,TPL_03,false,4,V2_012,0.360224366188,0.314410686493,-0.045813679695,0.000000000000,1.000000000000,0.250000000000,0.430676558073
openclip,reused_validated_e1,108,CAP-V2_022-TPL_04,V2_022,SEM-14694FF153156266,id,grid_reticular,azul_crema_marron,cuadrícula geométrica,bidireccional,reticular,repetitiva,bajo,TPL_04,false,2,V2_012,0.330436885357,0.313490241766,-0.016946643591,0.000000000000,1.000000000000,0.500000000000,0.630929753571
openclip,reused_validated_e1,109,CAP-V2_022-TPL_05,V2_022,SEM-14694FF153156266,id,grid_reticular,azul_crema_marron,cuadrícula geométrica,bidireccional,reticular,repetitiva,bajo,TPL_05,false,2,V2_012,0.347913622856,0.338877499104,-0.009036123753,0.000000000000,1.000000000000,0.500000000000,0.630929753571
openclip,reused_validated_e1,110,CAP-V2_023-TPL_01,V2_023,SEM-E2B97A08DEBB8084,id,grid_reticular,ocre_marron_negro,cuadrícula geométrica,bidireccional,reticular,repetitiva,bajo,TPL_01,true,5,V2_013,0.319238334894,0.293048202991,-0.026190131903,0.000000000000,1.000000000000,0.200000000000,0.386852807235
openclip,reused_validated_e1,111,CAP-V2_023-TPL_02,V2_023,SEM-E2B97A08DEBB8084,id,grid_reticular,ocre_marron_negro,cuadrícula geométrica,bidireccional,reticular,repetitiva,bajo,TPL_02,false,11,V2_013,0.328103154898,0.283828705549,-0.044274449348,0.000000000000,0.000000000000,0.090909090909,0.000000000000
openclip,reused_validated_e1,112,CAP-V2_023-TPL_03,V2_023,SEM-E2B97A08DEBB8084,id,grid_reticular,ocre_marron_negro,cuadrícula geométrica,bidireccional,reticular,repetitiva,bajo,TPL_03,false,8,V2_013,0.335741132498,0.296395540237,-0.039345592260,0.000000000000,0.000000000000,0.125000000000,0.315464876786
openclip,reused_validated_e1,113,CAP-V2_023-TPL_04,V2_023,SEM-E2B97A08DEBB8084,id,grid_reticular,ocre_marron_negro,cuadrícula geométrica,bidireccional,reticular,repetitiva,bajo,TPL_04,false,6,V2_011,0.323067605495,0.290582895279,-0.032484710217,0.000000000000,0.000000000000,0.166666666667,0.356207187108
openclip,reused_validated_e1,114,CAP-V2_023-TPL_05,V2_023,SEM-E2B97A08DEBB8084,id,grid_reticular,ocre_marron_negro,cuadrícula geométrica,bidireccional,reticular,repetitiva,bajo,TPL_05,false,9,V2_013,0.302464365959,0.275182068348,-0.027282297611,0.000000000000,0.000000000000,0.111111111111,0.301029995664
openclip,reused_validated_e1,115,CAP-V2_024-TPL_01,V2_024,SEM-E18D189C6A8F47C1,id,grid_reticular,blanco_negro_gris,cuadrícula geométrica,bidireccional,reticular,repetitiva,bajo,TPL_01,true,2,V2_014,0.330292046070,0.305488646030,-0.024803400040,0.000000000000,1.000000000000,0.500000000000,0.630929753571
openclip,reused_validated_e1,116,CAP-V2_024-TPL_02,V2_024,SEM-E18D189C6A8F47C1,id,grid_reticular,blanco_negro_gris,cuadrícula geométrica,bidireccional,reticular,repetitiva,bajo,TPL_02,false,3,V2_014,0.328063189983,0.318769276142,-0.009293913841,0.000000000000,1.000000000000,0.333333333333,0.500000000000
openclip,reused_validated_e1,117,CAP-V2_024-TPL_03,V2_024,SEM-E18D189C6A8F47C1,id,grid_reticular,blanco_negro_gris,cuadrícula geométrica,bidireccional,reticular,repetitiva,bajo,TPL_03,false,3,V2_029,0.324563324451,0.301913797855,-0.022649526596,0.000000000000,1.000000000000,0.333333333333,0.500000000000
openclip,reused_validated_e1,118,CAP-V2_024-TPL_04,V2_024,SEM-E18D189C6A8F47C1,id,grid_reticular,blanco_negro_gris,cuadrícula geométrica,bidireccional,reticular,repetitiva,bajo,TPL_04,false,2,V2_014,0.307802528143,0.303630232811,-0.004172295332,0.000000000000,1.000000000000,0.500000000000,0.630929753571
openclip,reused_validated_e1,119,CAP-V2_024-TPL_05,V2_024,SEM-E18D189C6A8F47C1,id,grid_reticular,blanco_negro_gris,cuadrícula geométrica,bidireccional,reticular,repetitiva,bajo,TPL_05,false,3,V2_014,0.312786698341,0.301649898291,-0.011136800051,0.000000000000,1.000000000000,0.333333333333,0.500000000000
openclip,reused_validated_e1,120,CAP-V2_025-TPL_01,V2_025,SEM-07F558960B386287,id,grid_reticular,multicolor_tierra,cuadrícula geométrica,bidireccional,reticular,repetitiva,bajo,TPL_01,true,7,V2_015,0.371222943068,0.306915730238,-0.064307212830,0.000000000000,0.000000000000,0.142857142857,0.333333333333
openclip,reused_validated_e1,121,CAP-V2_025-TPL_02,V2_025,SEM-07F558960B386287,id,grid_reticular,multicolor_tierra,cuadrícula geométrica,bidireccional,reticular,repetitiva,bajo,TPL_02,false,8,V2_030,0.352176189423,0.271117746830,-0.081058442593,0.000000000000,0.000000000000,0.125000000000,0.315464876786
openclip,reused_validated_e1,122,CAP-V2_025-TPL_03,V2_025,SEM-07F558960B386287,id,grid_reticular,multicolor_tierra,cuadrícula geométrica,bidireccional,reticular,repetitiva,bajo,TPL_03,false,11,V2_015,0.371950745583,0.288065671921,-0.083885073662,0.000000000000,0.000000000000,0.090909090909,0.000000000000
openclip,reused_validated_e1,123,CAP-V2_025-TPL_04,V2_025,SEM-07F558960B386287,id,grid_reticular,multicolor_tierra,cuadrícula geométrica,bidireccional,reticular,repetitiva,bajo,TPL_04,false,12,V2_015,0.355381131172,0.275897473097,-0.079483658075,0.000000000000,0.000000000000,0.083333333333,0.000000000000
openclip,reused_validated_e1,124,CAP-V2_025-TPL_05,V2_025,SEM-07F558960B386287,id,grid_reticular,multicolor_tierra,cuadrícula geométrica,bidireccional,reticular,repetitiva,bajo,TPL_05,false,7,V2_015,0.366084873676,0.307129114866,-0.058955758810,0.000000000000,0.000000000000,0.142857142857,0.333333333333
openclip,reused_validated_e1,125,CAP-V2_026-TPL_01,V2_026,SEM-13F83CA2D0998B44,id,mixed_asymmetric,rojo_negro_crema,motivos geométricos combinados,mixta,mixta,asimétrica,alto,TPL_01,true,6,V2_011,0.360426574945,0.313869118690,-0.046557456255,0.000000000000,0.000000000000,0.166666666667,0.356207187108
openclip,reused_validated_e1,126,CAP-V2_026-TPL_02,V2_026,SEM-13F83CA2D0998B44,id,mixed_asymmetric,rojo_negro_crema,motivos geométricos combinados,mixta,mixta,asimétrica,alto,TPL_02,false,2,V2_011,0.348522007465,0.325974583626,-0.022547423840,0.000000000000,1.000000000000,0.500000000000,0.630929753571
openclip,reused_validated_e1,127,CAP-V2_026-TPL_03,V2_026,SEM-13F83CA2D0998B44,id,mixed_asymmetric,rojo_negro_crema,motivos geométricos combinados,mixta,mixta,asimétrica,alto,TPL_03,false,2,V2_011,0.355250179768,0.331913232803,-0.023336946964,0.000000000000,1.000000000000,0.500000000000,0.630929753571
openclip,reused_validated_e1,128,CAP-V2_026-TPL_04,V2_026,SEM-13F83CA2D0998B44,id,mixed_asymmetric,rojo_negro_crema,motivos geométricos combinados,mixta,mixta,asimétrica,alto,TPL_04,false,5,V2_011,0.335766434669,0.295601487160,-0.040164947510,0.000000000000,1.000000000000,0.200000000000,0.386852807235
openclip,reused_validated_e1,129,CAP-V2_026-TPL_05,V2_026,SEM-13F83CA2D0998B44,id,mixed_asymmetric,rojo_negro_crema,motivos geométricos combinados,mixta,mixta,asimétrica,alto,TPL_05,false,6,V2_011,0.351489961147,0.317077815533,-0.034412145615,0.000000000000,0.000000000000,0.166666666667,0.356207187108
openclip,reused_validated_e1,130,CAP-V2_027-TPL_01,V2_027,SEM-A81DDA56894526D2,id,mixed_asymmetric,azul_crema_marron,motivos geométricos combinados,mixta,mixta,asimétrica,alto,TPL_01,true,4,V2_012,0.361993491650,0.336844861507,-0.025148630142,0.000000000000,1.000000000000,0.250000000000,0.430676558073
openclip,reused_validated_e1,131,CAP-V2_027-TPL_02,V2_027,SEM-A81DDA56894526D2,id,mixed_asymmetric,azul_crema_marron,motivos geométricos combinados,mixta,mixta,asimétrica,alto,TPL_02,false,1,V2_027,0.357550412416,0.357550412416,0.001647382975,1.000000000000,1.000000000000,1.000000000000,1.000000000000
openclip,reused_validated_e1,132,CAP-V2_027-TPL_03,V2_027,SEM-A81DDA56894526D2,id,mixed_asymmetric,azul_crema_marron,motivos geométricos combinados,mixta,mixta,asimétrica,alto,TPL_03,false,2,V2_012,0.367989063263,0.353212177753,-0.014776885509,0.000000000000,1.000000000000,0.500000000000,0.630929753571
openclip,reused_validated_e1,133,CAP-V2_027-TPL_04,V2_027,SEM-A81DDA56894526D2,id,mixed_asymmetric,azul_crema_marron,motivos geométricos combinados,mixta,mixta,asimétrica,alto,TPL_04,false,4,V2_012,0.332227557898,0.308808267117,-0.023419290781,0.000000000000,1.000000000000,0.250000000000,0.430676558073
openclip,reused_validated_e1,134,CAP-V2_027-TPL_05,V2_027,SEM-A81DDA56894526D2,id,mixed_asymmetric,azul_crema_marron,motivos geométricos combinados,mixta,mixta,asimétrica,alto,TPL_05,false,4,V2_002,0.356552660465,0.349425852299,-0.007126808167,0.000000000000,1.000000000000,0.250000000000,0.430676558073
openclip,reused_validated_e1,135,CAP-V2_028-TPL_01,V2_028,SEM-395EB585FE6F4A0F,id,mixed_asymmetric,ocre_marron_negro,motivos geométricos combinados,mixta,mixta,asimétrica,alto,TPL_01,true,6,V2_008,0.341347217560,0.302243560553,-0.039103657007,0.000000000000,0.000000000000,0.166666666667,0.356207187108
openclip,reused_validated_e1,136,CAP-V2_028-TPL_02,V2_028,SEM-395EB585FE6F4A0F,id,mixed_asymmetric,ocre_marron_negro,motivos geométricos combinados,mixta,mixta,asimétrica,alto,TPL_02,false,2,V2_013,0.323331296444,0.322883933783,-0.000447362661,0.000000000000,1.000000000000,0.500000000000,0.630929753571
openclip,reused_validated_e1,137,CAP-V2_028-TPL_03,V2_028,SEM-395EB585FE6F4A0F,id,mixed_asymmetric,ocre_marron_negro,motivos geométricos combinados,mixta,mixta,asimétrica,alto,TPL_03,false,3,V2_008,0.327989131212,0.319381833076,-0.008607298136,0.000000000000,1.000000000000,0.333333333333,0.500000000000
openclip,reused_validated_e1,138,CAP-V2_028-TPL_04,V2_028,SEM-395EB585FE6F4A0F,id,mixed_asymmetric,ocre_marron_negro,motivos geométricos combinados,mixta,mixta,asimétrica,alto,TPL_04,false,5,V2_003,0.314621061087,0.294721841812,-0.019899219275,0.000000000000,1.000000000000,0.200000000000,0.386852807235
openclip,reused_validated_e1,139,CAP-V2_028-TPL_05,V2_028,SEM-395EB585FE6F4A0F,id,mixed_asymmetric,ocre_marron_negro,motivos geométricos combinados,mixta,mixta,asimétrica,alto,TPL_05,false,6,V2_008,0.337417125702,0.298731565475,-0.038685560226,0.000000000000,0.000000000000,0.166666666667,0.356207187108
openclip,reused_validated_e1,140,CAP-V2_029-TPL_01,V2_029,SEM-4F620F242D17BFDE,id,mixed_asymmetric,blanco_negro_gris,motivos geométricos combinados,mixta,mixta,asimétrica,alto,TPL_01,true,5,V2_014,0.337061107159,0.298220574856,-0.038840532303,0.000000000000,1.000000000000,0.200000000000,0.386852807235
openclip,reused_validated_e1,141,CAP-V2_029-TPL_02,V2_029,SEM-4F620F242D17BFDE,id,mixed_asymmetric,blanco_negro_gris,motivos geométricos combinados,mixta,mixta,asimétrica,alto,TPL_02,false,3,V2_014,0.322638899088,0.320755451918,-0.001883447170,0.000000000000,1.000000000000,0.333333333333,0.500000000000
openclip,reused_validated_e1,142,CAP-V2_029-TPL_03,V2_029,SEM-4F620F242D17BFDE,id,mixed_asymmetric,blanco_negro_gris,motivos geométricos combinados,mixta,mixta,asimétrica,alto,TPL_03,false,2,V2_014,0.321941077709,0.319650113583,-0.002290964127,0.000000000000,1.000000000000,0.500000000000,0.630929753571
openclip,reused_validated_e1,143,CAP-V2_029-TPL_04,V2_029,SEM-4F620F242D17BFDE,id,mixed_asymmetric,blanco_negro_gris,motivos geométricos combinados,mixta,mixta,asimétrica,alto,TPL_04,false,3,V2_024,0.307310521603,0.288745760918,-0.018564760685,0.000000000000,1.000000000000,0.333333333333,0.500000000000
openclip,reused_validated_e1,144,CAP-V2_029-TPL_05,V2_029,SEM-4F620F242D17BFDE,id,mixed_asymmetric,blanco_negro_gris,motivos geométricos combinados,mixta,mixta,asimétrica,alto,TPL_05,false,5,V2_014,0.323967605829,0.303835928440,-0.020131677389,0.000000000000,1.000000000000,0.200000000000,0.386852807235
openclip,reused_validated_e1,145,CAP-V2_030-TPL_01,V2_030,SEM-395AFC2FCA575E5C,id,mixed_asymmetric,multicolor_tierra,motivos geométricos combinados,mixta,mixta,asimétrica,alto,TPL_01,true,4,V2_015,0.370210528374,0.331316292286,-0.038894236088,0.000000000000,1.000000000000,0.250000000000,0.430676558073
openclip,reused_validated_e1,146,CAP-V2_030-TPL_02,V2_030,SEM-395AFC2FCA575E5C,id,mixed_asymmetric,multicolor_tierra,motivos geométricos combinados,mixta,mixta,asimétrica,alto,TPL_02,false,1,V2_030,0.353377431631,0.353377431631,0.011788398027,1.000000000000,1.000000000000,1.000000000000,1.000000000000
openclip,reused_validated_e1,147,CAP-V2_030-TPL_03,V2_030,SEM-395AFC2FCA575E5C,id,mixed_asymmetric,multicolor_tierra,motivos geométricos combinados,mixta,mixta,asimétrica,alto,TPL_03,false,2,V2_015,0.362783372402,0.360409796238,-0.002373576164,0.000000000000,1.000000000000,0.500000000000,0.630929753571
openclip,reused_validated_e1,148,CAP-V2_030-TPL_04,V2_030,SEM-395AFC2FCA575E5C,id,mixed_asymmetric,multicolor_tierra,motivos geométricos combinados,mixta,mixta,asimétrica,alto,TPL_04,false,2,V2_015,0.355047523975,0.325155436993,-0.029892086983,0.000000000000,1.000000000000,0.500000000000,0.630929753571
openclip,reused_validated_e1,149,CAP-V2_030-TPL_05,V2_030,SEM-395AFC2FCA575E5C,id,mixed_asymmetric,multicolor_tierra,motivos geométricos combinados,mixta,mixta,asimétrica,alto,TPL_05,false,2,V2_015,0.369727909565,0.351510018110,-0.018217891455,0.000000000000,1.000000000000,0.500000000000,0.630929753571
openclip,reused_validated_e1,150,CAP-V2_031-TPL_01,V2_031,SEM-5385CECF3CA2ED7C,ood_palette,bands_horizontal,verde_ocre_crema,bandas geométricas,horizontal,bandas,repetitiva,bajo,TPL_01,true,1,V2_031,0.352500736713,0.352500736713,0.005060493946,1.000000000000,1.000000000000,1.000000000000,1.000000000000
openclip,reused_validated_e1,151,CAP-V2_031-TPL_02,V2_031,SEM-5385CECF3CA2ED7C,ood_palette,bands_horizontal,verde_ocre_crema,bandas geométricas,horizontal,bandas,repetitiva,bajo,TPL_02,false,3,V2_041,0.366688668728,0.313924223185,-0.052764445543,0.000000000000,1.000000000000,0.333333333333,0.500000000000
openclip,reused_validated_e1,152,CAP-V2_031-TPL_03,V2_031,SEM-5385CECF3CA2ED7C,ood_palette,bands_horizontal,verde_ocre_crema,bandas geométricas,horizontal,bandas,repetitiva,bajo,TPL_03,false,3,V2_041,0.369120180607,0.322127074003,-0.046993106604,0.000000000000,1.000000000000,0.333333333333,0.500000000000
openclip,reused_validated_e1,153,CAP-V2_031-TPL_04,V2_031,SEM-5385CECF3CA2ED7C,ood_palette,bands_horizontal,verde_ocre_crema,bandas geométricas,horizontal,bandas,repetitiva,bajo,TPL_04,false,2,V2_041,0.324682414532,0.315522611141,-0.009159803391,0.000000000000,1.000000000000,0.500000000000,0.630929753571
openclip,reused_validated_e1,154,CAP-V2_031-TPL_05,V2_031,SEM-5385CECF3CA2ED7C,ood_palette,bands_horizontal,verde_ocre_crema,bandas geométricas,horizontal,bandas,repetitiva,bajo,TPL_05,false,2,V2_041,0.347248554230,0.346539080143,-0.000709474087,0.000000000000,1.000000000000,0.500000000000,0.630929753571
openclip,reused_validated_e1,155,CAP-V2_032-TPL_01,V2_032,SEM-EBDDE1D48F194248,ood_palette,bands_horizontal,morado_gris_rosa,bandas geométricas,horizontal,bandas,repetitiva,bajo,TPL_01,true,3,V2_036,0.349349915981,0.333097934723,-0.016251981258,0.000000000000,1.000000000000,0.333333333333,0.500000000000
openclip,reused_validated_e1,156,CAP-V2_032-TPL_02,V2_032,SEM-EBDDE1D48F194248,ood_palette,bands_horizontal,morado_gris_rosa,bandas geométricas,horizontal,bandas,repetitiva,bajo,TPL_02,false,3,V2_042,0.341613620520,0.312468916178,-0.029144704342,0.000000000000,1.000000000000,0.333333333333,0.500000000000
openclip,reused_validated_e1,157,CAP-V2_032-TPL_03,V2_032,SEM-EBDDE1D48F194248,ood_palette,bands_horizontal,morado_gris_rosa,bandas geométricas,horizontal,bandas,repetitiva,bajo,TPL_03,false,5,V2_042,0.341000437737,0.309667587280,-0.031332850456,0.000000000000,1.000000000000,0.200000000000,0.386852807235
openclip,reused_validated_e1,158,CAP-V2_032-TPL_04,V2_032,SEM-EBDDE1D48F194248,ood_palette,bands_horizontal,morado_gris_rosa,bandas geométricas,horizontal,bandas,repetitiva,bajo,TPL_04,false,3,V2_036,0.326043158770,0.303941786289,-0.022101372480,0.000000000000,1.000000000000,0.333333333333,0.500000000000
openclip,reused_validated_e1,159,CAP-V2_032-TPL_05,V2_032,SEM-EBDDE1D48F194248,ood_palette,bands_horizontal,morado_gris_rosa,bandas geométricas,horizontal,bandas,repetitiva,bajo,TPL_05,false,1,V2_032,0.336154401302,0.336154401302,0.003912299871,1.000000000000,1.000000000000,1.000000000000,1.000000000000
openclip,reused_validated_e1,160,CAP-V2_033-TPL_01,V2_033,SEM-5B7B82044BDAE8EB,ood_palette,bands_vertical,verde_ocre_crema,bandas geométricas,vertical,bandas,repetitiva,bajo,TPL_01,true,3,V2_031,0.353331178427,0.347010642290,-0.006320536137,0.000000000000,1.000000000000,0.333333333333,0.500000000000
openclip,reused_validated_e1,161,CAP-V2_033-TPL_02,V2_033,SEM-5B7B82044BDAE8EB,ood_palette,bands_vertical,verde_ocre_crema,bandas geométricas,vertical,bandas,repetitiva,bajo,TPL_02,false,4,V2_041,0.372222423553,0.309820771217,-0.062401652336,0.000000000000,1.000000000000,0.250000000000,0.430676558073
openclip,reused_validated_e1,162,CAP-V2_033-TPL_03,V2_033,SEM-5B7B82044BDAE8EB,ood_palette,bands_vertical,verde_ocre_crema,bandas geométricas,vertical,bandas,repetitiva,bajo,TPL_03,false,4,V2_041,0.377515643835,0.321350991726,-0.056164652109,0.000000000000,1.000000000000,0.250000000000,0.430676558073
openclip,reused_validated_e1,163,CAP-V2_033-TPL_04,V2_033,SEM-5B7B82044BDAE8EB,ood_palette,bands_vertical,verde_ocre_crema,bandas geométricas,vertical,bandas,repetitiva,bajo,TPL_04,false,4,V2_041,0.329327136278,0.296317398548,-0.033009737730,0.000000000000,1.000000000000,0.250000000000,0.430676558073
openclip,reused_validated_e1,164,CAP-V2_033-TPL_05,V2_033,SEM-5B7B82044BDAE8EB,ood_palette,bands_vertical,verde_ocre_crema,bandas geométricas,vertical,bandas,repetitiva,bajo,TPL_05,false,4,V2_041,0.351130217314,0.335258036852,-0.015872180462,0.000000000000,1.000000000000,0.250000000000,0.430676558073
openclip,reused_validated_e1,165,CAP-V2_034-TPL_01,V2_034,SEM-E53EDC29A9BA52BC,ood_palette,bands_vertical,morado_gris_rosa,bandas geométricas,vertical,bandas,repetitiva,bajo,TPL_01,true,2,V2_036,0.353521168232,0.350516974926,-0.003004193306,0.000000000000,1.000000000000,0.500000000000,0.630929753571
openclip,reused_validated_e1,166,CAP-V2_034-TPL_02,V2_034,SEM-E53EDC29A9BA52BC,ood_palette,bands_vertical,morado_gris_rosa,bandas geométricas,vertical,bandas,repetitiva,bajo,TPL_02,false,3,V2_036,0.350864529610,0.317524164915,-0.033340364695,0.000000000000,1.000000000000,0.333333333333,0.500000000000
openclip,reused_validated_e1,167,CAP-V2_034-TPL_03,V2_034,SEM-E53EDC29A9BA52BC,ood_palette,bands_vertical,morado_gris_rosa,bandas geométricas,vertical,bandas,repetitiva,bajo,TPL_03,false,3,V2_036,0.356986343861,0.330307781696,-0.026678562164,0.000000000000,1.000000000000,0.333333333333,0.500000000000
openclip,reused_validated_e1,168,CAP-V2_034-TPL_04,V2_034,SEM-E53EDC29A9BA52BC,ood_palette,bands_vertical,morado_gris_rosa,bandas geométricas,vertical,bandas,repetitiva,bajo,TPL_04,false,3,V2_036,0.334160268307,0.307822346687,-0.026337921619,0.000000000000,1.000000000000,0.333333333333,0.500000000000
openclip,reused_validated_e1,169,CAP-V2_034-TPL_05,V2_034,SEM-E53EDC29A9BA52BC,ood_palette,bands_vertical,morado_gris_rosa,bandas geométricas,vertical,bandas,repetitiva,bajo,TPL_05,false,1,V2_034,0.347847789526,0.347847789526,0.002197593451,1.000000000000,1.000000000000,1.000000000000,1.000000000000
openclip,reused_validated_e1,170,CAP-V2_035-TPL_01,V2_035,SEM-FFE7DFAAFAF2AC61,ood_palette,diamonds_central,verde_ocre_crema,rombos,diagonal,central,bilateral,medio,TPL_01,true,1,V2_035,0.351087689400,0.351087689400,0.018626302481,1.000000000000,1.000000000000,1.000000000000,1.000000000000
openclip,reused_validated_e1,171,CAP-V2_035-TPL_02,V2_035,SEM-FFE7DFAAFAF2AC61,ood_palette,diamonds_central,verde_ocre_crema,rombos,diagonal,central,bilateral,medio,TPL_02,false,2,V2_041,0.353783249855,0.338697671890,-0.015085577965,0.000000000000,1.000000000000,0.500000000000,0.630929753571
openclip,reused_validated_e1,172,CAP-V2_035-TPL_03,V2_035,SEM-FFE7DFAAFAF2AC61,ood_palette,diamonds_central,verde_ocre_crema,rombos,diagonal,central,bilateral,medio,TPL_03,false,2,V2_041,0.376228004694,0.367917120457,-0.008310884237,0.000000000000,1.000000000000,0.500000000000,0.630929753571
openclip,reused_validated_e1,173,CAP-V2_035-TPL_04,V2_035,SEM-FFE7DFAAFAF2AC61,ood_palette,diamonds_central,verde_ocre_crema,rombos,diagonal,central,bilateral,medio,TPL_04,false,1,V2_035,0.338802844286,0.338802844286,0.031589657068,1.000000000000,1.000000000000,1.000000000000,1.000000000000
openclip,reused_validated_e1,174,CAP-V2_035-TPL_05,V2_035,SEM-FFE7DFAAFAF2AC61,ood_palette,diamonds_central,verde_ocre_crema,rombos,diagonal,central,bilateral,medio,TPL_05,false,1,V2_035,0.352111101151,0.352111101151,0.005886137486,1.000000000000,1.000000000000,1.000000000000,1.000000000000
openclip,reused_validated_e1,175,CAP-V2_036-TPL_01,V2_036,SEM-A391BDC002181DD1,ood_palette,diamonds_central,morado_gris_rosa,rombos,diagonal,central,bilateral,medio,TPL_01,true,1,V2_036,0.351180762053,0.351180762053,0.027249693871,1.000000000000,1.000000000000,1.000000000000,1.000000000000
openclip,reused_validated_e1,176,CAP-V2_036-TPL_02,V2_036,SEM-A391BDC002181DD1,ood_palette,diamonds_central,morado_gris_rosa,rombos,diagonal,central,bilateral,medio,TPL_02,false,1,V2_036,0.351599216461,0.351599216461,0.018219858408,1.000000000000,1.000000000000,1.000000000000,1.000000000000
openclip,reused_validated_e1,177,CAP-V2_036-TPL_03,V2_036,SEM-A391BDC002181DD1,ood_palette,diamonds_central,morado_gris_rosa,rombos,diagonal,central,bilateral,medio,TPL_03,false,1,V2_036,0.362075030804,0.362075030804,0.015296638012,1.000000000000,1.000000000000,1.000000000000,1.000000000000
openclip,reused_validated_e1,178,CAP-V2_036-TPL_04,V2_036,SEM-A391BDC002181DD1,ood_palette,diamonds_central,morado_gris_rosa,rombos,diagonal,central,bilateral,medio,TPL_04,false,1,V2_036,0.335924863815,0.335924863815,0.035359382629,1.000000000000,1.000000000000,1.000000000000,1.000000000000
openclip,reused_validated_e1,179,CAP-V2_036-TPL_05,V2_036,SEM-A391BDC002181DD1,ood_palette,diamonds_central,morado_gris_rosa,rombos,diagonal,central,bilateral,medio,TPL_05,false,1,V2_036,0.355198025703,0.355198025703,0.009992897511,1.000000000000,1.000000000000,1.000000000000,1.000000000000
openclip,reused_validated_e1,180,CAP-V2_037-TPL_01,V2_037,SEM-5300F3F8950CB672,ood_palette,grecas_modular,verde_ocre_crema,grecas escalonadas,horizontal,modular,repetitiva,medio,TPL_01,true,5,V2_041,0.339449077845,0.320379942656,-0.019069135189,0.000000000000,1.000000000000,0.200000000000,0.386852807235
openclip,reused_validated_e1,181,CAP-V2_037-TPL_02,V2_037,SEM-5300F3F8950CB672,ood_palette,grecas_modular,verde_ocre_crema,grecas escalonadas,horizontal,modular,repetitiva,medio,TPL_02,false,3,V2_041,0.362483918667,0.309127748013,-0.053356170654,0.000000000000,1.000000000000,0.333333333333,0.500000000000
openclip,reused_validated_e1,182,CAP-V2_037-TPL_03,V2_037,SEM-5300F3F8950CB672,ood_palette,grecas_modular,verde_ocre_crema,grecas escalonadas,horizontal,modular,repetitiva,medio,TPL_03,false,2,V2_041,0.358077526093,0.313817858696,-0.044259667397,0.000000000000,1.000000000000,0.500000000000,0.630929753571
openclip,reused_validated_e1,183,CAP-V2_037-TPL_04,V2_037,SEM-5300F3F8950CB672,ood_palette,grecas_modular,verde_ocre_crema,grecas escalonadas,horizontal,modular,repetitiva,medio,TPL_04,false,4,V2_041,0.315348029137,0.293515056372,-0.021832972765,0.000000000000,1.000000000000,0.250000000000,0.430676558073
openclip,reused_validated_e1,184,CAP-V2_037-TPL_05,V2_037,SEM-5300F3F8950CB672,ood_palette,grecas_modular,verde_ocre_crema,grecas escalonadas,horizontal,modular,repetitiva,medio,TPL_05,false,4,V2_041,0.343853294849,0.331255078316,-0.012598216534,0.000000000000,1.000000000000,0.250000000000,0.430676558073
openclip,reused_validated_e1,185,CAP-V2_038-TPL_01,V2_038,SEM-2D499E7E496213F7,ood_palette,grecas_modular,morado_gris_rosa,grecas escalonadas,horizontal,modular,repetitiva,medio,TPL_01,true,6,V2_036,0.342315256596,0.315116167068,-0.027199089527,0.000000000000,0.000000000000,0.166666666667,0.356207187108
openclip,reused_validated_e1,186,CAP-V2_038-TPL_02,V2_038,SEM-2D499E7E496213F7,ood_palette,grecas_modular,morado_gris_rosa,grecas escalonadas,horizontal,modular,repetitiva,medio,TPL_02,false,4,V2_042,0.339255213737,0.298462390900,-0.040792822838,0.000000000000,1.000000000000,0.250000000000,0.430676558073
openclip,reused_validated_e1,187,CAP-V2_038-TPL_03,V2_038,SEM-2D499E7E496213F7,ood_palette,grecas_modular,morado_gris_rosa,grecas escalonadas,horizontal,modular,repetitiva,medio,TPL_03,false,3,V2_042,0.339950144291,0.311317265034,-0.028632879257,0.000000000000,1.000000000000,0.333333333333,0.500000000000
openclip,reused_validated_e1,188,CAP-V2_038-TPL_04,V2_038,SEM-2D499E7E496213F7,ood_palette,grecas_modular,morado_gris_rosa,grecas escalonadas,horizontal,modular,repetitiva,medio,TPL_04,false,5,V2_036,0.308556914330,0.281057089567,-0.027499824762,0.000000000000,1.000000000000,0.200000000000,0.386852807235
openclip,reused_validated_e1,189,CAP-V2_038-TPL_05,V2_038,SEM-2D499E7E496213F7,ood_palette,grecas_modular,morado_gris_rosa,grecas escalonadas,horizontal,modular,repetitiva,medio,TPL_05,false,3,V2_036,0.345556497574,0.334989130497,-0.010567367077,0.000000000000,1.000000000000,0.333333333333,0.500000000000
openclip,reused_validated_e1,190,CAP-V2_039-TPL_01,V2_039,SEM-99B04CC5A7706E4B,ood_palette,grid_reticular,verde_ocre_crema,cuadrícula geométrica,bidireccional,reticular,repetitiva,bajo,TPL_01,true,5,V2_035,0.345578730106,0.307702660561,-0.037876069546,0.000000000000,1.000000000000,0.200000000000,0.386852807235
openclip,reused_validated_e1,191,CAP-V2_039-TPL_02,V2_039,SEM-99B04CC5A7706E4B,ood_palette,grid_reticular,verde_ocre_crema,cuadrícula geométrica,bidireccional,reticular,repetitiva,bajo,TPL_02,false,6,V2_041,0.367114096880,0.299812614918,-0.067301481962,0.000000000000,0.000000000000,0.166666666667,0.356207187108
openclip,reused_validated_e1,192,CAP-V2_039-TPL_03,V2_039,SEM-99B04CC5A7706E4B,ood_palette,grid_reticular,verde_ocre_crema,cuadrícula geométrica,bidireccional,reticular,repetitiva,bajo,TPL_03,false,6,V2_041,0.349497139454,0.286398410797,-0.063098728657,0.000000000000,0.000000000000,0.166666666667,0.356207187108
openclip,reused_validated_e1,193,CAP-V2_039-TPL_04,V2_039,SEM-99B04CC5A7706E4B,ood_palette,grid_reticular,verde_ocre_crema,cuadrícula geométrica,bidireccional,reticular,repetitiva,bajo,TPL_04,false,4,V2_035,0.327196180820,0.290974676609,-0.036221504211,0.000000000000,1.000000000000,0.250000000000,0.430676558073
openclip,reused_validated_e1,194,CAP-V2_039-TPL_05,V2_039,SEM-99B04CC5A7706E4B,ood_palette,grid_reticular,verde_ocre_crema,cuadrícula geométrica,bidireccional,reticular,repetitiva,bajo,TPL_05,false,6,V2_041,0.332142233849,0.296096175909,-0.036046057940,0.000000000000,0.000000000000,0.166666666667,0.356207187108
openclip,reused_validated_e1,195,CAP-V2_040-TPL_01,V2_040,SEM-55B6A0B004427F80,ood_palette,grid_reticular,morado_gris_rosa,cuadrícula geométrica,bidireccional,reticular,repetitiva,bajo,TPL_01,true,4,V2_036,0.356099307537,0.310455888510,-0.045643419027,0.000000000000,1.000000000000,0.250000000000,0.430676558073
openclip,reused_validated_e1,196,CAP-V2_040-TPL_02,V2_040,SEM-55B6A0B004427F80,ood_palette,grid_reticular,morado_gris_rosa,cuadrícula geométrica,bidireccional,reticular,repetitiva,bajo,TPL_02,false,4,V2_036,0.363233685493,0.298334956169,-0.064898729324,0.000000000000,1.000000000000,0.250000000000,0.430676558073
openclip,reused_validated_e1,197,CAP-V2_040-TPL_03,V2_040,SEM-55B6A0B004427F80,ood_palette,grid_reticular,morado_gris_rosa,cuadrícula geométrica,bidireccional,reticular,repetitiva,bajo,TPL_03,false,4,V2_036,0.357087343931,0.304597675800,-0.052489668131,0.000000000000,1.000000000000,0.250000000000,0.430676558073
openclip,reused_validated_e1,198,CAP-V2_040-TPL_04,V2_040,SEM-55B6A0B004427F80,ood_palette,grid_reticular,morado_gris_rosa,cuadrícula geométrica,bidireccional,reticular,repetitiva,bajo,TPL_04,false,2,V2_036,0.333421915770,0.296266466379,-0.037155449390,0.000000000000,1.000000000000,0.500000000000,0.630929753571
openclip,reused_validated_e1,199,CAP-V2_040-TPL_05,V2_040,SEM-55B6A0B004427F80,ood_palette,grid_reticular,morado_gris_rosa,cuadrícula geométrica,bidireccional,reticular,repetitiva,bajo,TPL_05,false,4,V2_036,0.339996039867,0.305287539959,-0.034708499908,0.000000000000,1.000000000000,0.250000000000,0.430676558073
openclip,reused_validated_e1,200,CAP-V2_041-TPL_01,V2_041,SEM-7182256D7B84CB51,ood_palette,mixed_asymmetric,verde_ocre_crema,motivos geométricos combinados,mixta,mixta,asimétrica,alto,TPL_01,true,3,V2_035,0.346905827522,0.343252420425,-0.003653407097,0.000000000000,1.000000000000,0.333333333333,0.500000000000
openclip,reused_validated_e1,201,CAP-V2_041-TPL_02,V2_041,SEM-7182256D7B84CB51,ood_palette,mixed_asymmetric,verde_ocre_crema,motivos geométricos combinados,mixta,mixta,asimétrica,alto,TPL_02,false,1,V2_041,0.371758401394,0.371758401394,0.027093648911,1.000000000000,1.000000000000,1.000000000000,1.000000000000
openclip,reused_validated_e1,202,CAP-V2_041-TPL_03,V2_041,SEM-7182256D7B84CB51,ood_palette,mixed_asymmetric,verde_ocre_crema,motivos geométricos combinados,mixta,mixta,asimétrica,alto,TPL_03,false,1,V2_041,0.369208812714,0.369208812714,0.021586954594,1.000000000000,1.000000000000,1.000000000000,1.000000000000
openclip,reused_validated_e1,203,CAP-V2_041-TPL_04,V2_041,SEM-7182256D7B84CB51,ood_palette,mixed_asymmetric,verde_ocre_crema,motivos geométricos combinados,mixta,mixta,asimétrica,alto,TPL_04,false,2,V2_035,0.329245865345,0.327511787415,-0.001734077930,0.000000000000,1.000000000000,0.500000000000,0.630929753571
openclip,reused_validated_e1,204,CAP-V2_041-TPL_05,V2_041,SEM-7182256D7B84CB51,ood_palette,mixed_asymmetric,verde_ocre_crema,motivos geométricos combinados,mixta,mixta,asimétrica,alto,TPL_05,false,1,V2_041,0.351655900478,0.351655900478,0.005329132080,1.000000000000,1.000000000000,1.000000000000,1.000000000000
openclip,reused_validated_e1,205,CAP-V2_042-TPL_01,V2_042,SEM-E7CF6ADDFBA2B989,ood_palette,mixed_asymmetric,morado_gris_rosa,motivos geométricos combinados,mixta,mixta,asimétrica,alto,TPL_01,true,5,V2_036,0.355659663677,0.314505934715,-0.041153728962,0.000000000000,1.000000000000,0.200000000000,0.386852807235
openclip,reused_validated_e1,206,CAP-V2_042-TPL_02,V2_042,SEM-E7CF6ADDFBA2B989,ood_palette,mixed_asymmetric,morado_gris_rosa,motivos geométricos combinados,mixta,mixta,asimétrica,alto,TPL_02,false,2,V2_036,0.360900402069,0.337407648563,-0.023492753506,0.000000000000,1.000000000000,0.500000000000,0.630929753571
openclip,reused_validated_e1,207,CAP-V2_042-TPL_03,V2_042,SEM-E7CF6ADDFBA2B989,ood_palette,mixed_asymmetric,morado_gris_rosa,motivos geométricos combinados,mixta,mixta,asimétrica,alto,TPL_03,false,2,V2_036,0.358615159988,0.332669854164,-0.025945305824,0.000000000000,1.000000000000,0.500000000000,0.630929753571
openclip,reused_validated_e1,208,CAP-V2_042-TPL_04,V2_042,SEM-E7CF6ADDFBA2B989,ood_palette,mixed_asymmetric,morado_gris_rosa,motivos geométricos combinados,mixta,mixta,asimétrica,alto,TPL_04,false,2,V2_036,0.331621140242,0.298596739769,-0.033024400473,0.000000000000,1.000000000000,0.500000000000,0.630929753571
openclip,reused_validated_e1,209,CAP-V2_042-TPL_05,V2_042,SEM-E7CF6ADDFBA2B989,ood_palette,mixed_asymmetric,morado_gris_rosa,motivos geométricos combinados,mixta,mixta,asimétrica,alto,TPL_05,false,5,V2_036,0.352751404047,0.321452260017,-0.031299144030,0.000000000000,1.000000000000,0.200000000000,0.386852807235
openclip,reused_validated_e1,210,CAP-V2_043-TPL_01,V2_043,SEM-56C4D842DA98D20F,ood_pattern,chevrons_diagonal,rojo_negro_crema,chevrones,diagonal,bandas,repetitiva,medio,TPL_01,true,4,V2_011,0.357759714127,0.328270047903,-0.029489666224,0.000000000000,1.000000000000,0.250000000000,0.430676558073
openclip,reused_validated_e1,211,CAP-V2_043-TPL_02,V2_043,SEM-56C4D842DA98D20F,ood_pattern,chevrons_diagonal,rojo_negro_crema,chevrones,diagonal,bandas,repetitiva,medio,TPL_02,false,8,V2_011,0.323221743107,0.246839091182,-0.076382651925,0.000000000000,0.000000000000,0.125000000000,0.315464876786
openclip,reused_validated_e1,212,CAP-V2_043-TPL_03,V2_043,SEM-56C4D842DA98D20F,ood_pattern,chevrons_diagonal,rojo_negro_crema,chevrones,diagonal,bandas,repetitiva,medio,TPL_03,false,6,V2_026,0.328722029924,0.286456823349,-0.042265206575,0.000000000000,0.000000000000,0.166666666667,0.356207187108
openclip,reused_validated_e1,213,CAP-V2_043-TPL_04,V2_043,SEM-56C4D842DA98D20F,ood_pattern,chevrons_diagonal,rojo_negro_crema,chevrones,diagonal,bandas,repetitiva,medio,TPL_04,false,7,V2_011,0.322847068310,0.272754013538,-0.050093054771,0.000000000000,0.000000000000,0.142857142857,0.333333333333
openclip,reused_validated_e1,214,CAP-V2_043-TPL_05,V2_043,SEM-56C4D842DA98D20F,ood_pattern,chevrons_diagonal,rojo_negro_crema,chevrones,diagonal,bandas,repetitiva,medio,TPL_05,false,4,V2_011,0.345599234104,0.316234946251,-0.029364287853,0.000000000000,1.000000000000,0.250000000000,0.430676558073
openclip,reused_validated_e1,215,CAP-V2_044-TPL_01,V2_044,SEM-14E04EF9E89810AE,ood_pattern,chevrons_diagonal,azul_crema_marron,chevrones,diagonal,bandas,repetitiva,medio,TPL_01,true,5,V2_012,0.365888476372,0.308489412069,-0.057399064302,0.000000000000,1.000000000000,0.200000000000,0.386852807235
openclip,reused_validated_e1,216,CAP-V2_044-TPL_02,V2_044,SEM-14E04EF9E89810AE,ood_pattern,chevrons_diagonal,azul_crema_marron,chevrones,diagonal,bandas,repetitiva,medio,TPL_02,false,9,V2_027,0.341442465782,0.262841343880,-0.078601121902,0.000000000000,0.000000000000,0.111111111111,0.301029995664
openclip,reused_validated_e1,217,CAP-V2_044-TPL_03,V2_044,SEM-14E04EF9E89810AE,ood_pattern,chevrons_diagonal,azul_crema_marron,chevrones,diagonal,bandas,repetitiva,medio,TPL_03,false,7,V2_012,0.360682457685,0.286174356937,-0.074508100748,0.000000000000,0.000000000000,0.142857142857,0.333333333333
openclip,reused_validated_e1,218,CAP-V2_044-TPL_04,V2_044,SEM-14E04EF9E89810AE,ood_pattern,chevrons_diagonal,azul_crema_marron,chevrones,diagonal,bandas,repetitiva,medio,TPL_04,false,9,V2_002,0.326130360365,0.253640323877,-0.072490036488,0.000000000000,0.000000000000,0.111111111111,0.301029995664
openclip,reused_validated_e1,219,CAP-V2_044-TPL_05,V2_044,SEM-14E04EF9E89810AE,ood_pattern,chevrons_diagonal,azul_crema_marron,chevrones,diagonal,bandas,repetitiva,medio,TPL_05,false,6,V2_012,0.359877884388,0.323930650949,-0.035947233438,0.000000000000,0.000000000000,0.166666666667,0.356207187108
openclip,reused_validated_e1,220,CAP-V2_045-TPL_01,V2_045,SEM-65762749FD7D9D05,ood_pattern,chevrons_diagonal,ocre_marron_negro,chevrones,diagonal,bandas,repetitiva,medio,TPL_01,true,8,V2_008,0.349639713764,0.293083339930,-0.056556373835,0.000000000000,0.000000000000,0.125000000000,0.315464876786
openclip,reused_validated_e1,221,CAP-V2_045-TPL_02,V2_045,SEM-65762749FD7D9D05,ood_pattern,chevrons_diagonal,ocre_marron_negro,chevrones,diagonal,bandas,repetitiva,medio,TPL_02,false,19,V2_013,0.307372301817,0.232400327921,-0.074971973896,0.000000000000,0.000000000000,0.052631578947,0.000000000000
openclip,reused_validated_e1,222,CAP-V2_045-TPL_03,V2_045,SEM-65762749FD7D9D05,ood_pattern,chevrons_diagonal,ocre_marron_negro,chevrones,diagonal,bandas,repetitiva,medio,TPL_03,false,11,V2_028,0.338535428047,0.280418783426,-0.058116644621,0.000000000000,0.000000000000,0.090909090909,0.000000000000
openclip,reused_validated_e1,223,CAP-V2_045-TPL_04,V2_045,SEM-65762749FD7D9D05,ood_pattern,chevrons_diagonal,ocre_marron_negro,chevrones,diagonal,bandas,repetitiva,medio,TPL_04,false,20,V2_003,0.331811785698,0.253977090120,-0.077834695578,0.000000000000,0.000000000000,0.050000000000,0.000000000000
openclip,reused_validated_e1,224,CAP-V2_045-TPL_05,V2_045,SEM-65762749FD7D9D05,ood_pattern,chevrons_diagonal,ocre_marron_negro,chevrones,diagonal,bandas,repetitiva,medio,TPL_05,false,9,V2_008,0.299260258675,0.275814324617,-0.023445934057,0.000000000000,0.000000000000,0.111111111111,0.301029995664
openclip,reused_validated_e1,225,CAP-V2_046-TPL_01,V2_046,SEM-C6432B9E4CDBB5A7,ood_pattern,chevrons_diagonal,blanco_negro_gris,chevrones,diagonal,bandas,repetitiva,medio,TPL_01,true,4,V2_014,0.333062827587,0.287164688110,-0.045898139477,0.000000000000,1.000000000000,0.250000000000,0.430676558073
openclip,reused_validated_e1,226,CAP-V2_046-TPL_02,V2_046,SEM-C6432B9E4CDBB5A7,ood_pattern,chevrons_diagonal,blanco_negro_gris,chevrones,diagonal,bandas,repetitiva,medio,TPL_02,false,11,V2_014,0.299109786749,0.226365387440,-0.072744399309,0.000000000000,0.000000000000,0.090909090909,0.000000000000
openclip,reused_validated_e1,227,CAP-V2_046-TPL_03,V2_046,SEM-C6432B9E4CDBB5A7,ood_pattern,chevrons_diagonal,blanco_negro_gris,chevrones,diagonal,bandas,repetitiva,medio,TPL_03,false,7,V2_029,0.315291643143,0.257575958967,-0.057715684175,0.000000000000,0.000000000000,0.142857142857,0.333333333333
openclip,reused_validated_e1,228,CAP-V2_046-TPL_04,V2_046,SEM-C6432B9E4CDBB5A7,ood_pattern,chevrons_diagonal,blanco_negro_gris,chevrones,diagonal,bandas,repetitiva,medio,TPL_04,false,7,V2_004,0.297280907631,0.236629560590,-0.060651347041,0.000000000000,0.000000000000,0.142857142857,0.333333333333
openclip,reused_validated_e1,229,CAP-V2_046-TPL_05,V2_046,SEM-C6432B9E4CDBB5A7,ood_pattern,chevrons_diagonal,blanco_negro_gris,chevrones,diagonal,bandas,repetitiva,medio,TPL_05,false,6,V2_004,0.321195483208,0.293294966221,-0.027900516987,0.000000000000,0.000000000000,0.166666666667,0.356207187108
openclip,reused_validated_e1,230,CAP-V2_047-TPL_01,V2_047,SEM-2FFA4D814BEBCF16,ood_pattern,chevrons_diagonal,multicolor_tierra,chevrones,diagonal,bandas,repetitiva,medio,TPL_01,true,10,V2_015,0.367198765278,0.303817003965,-0.063381761312,0.000000000000,0.000000000000,0.100000000000,0.289064826318
openclip,reused_validated_e1,231,CAP-V2_047-TPL_02,V2_047,SEM-2FFA4D814BEBCF16,ood_pattern,chevrons_diagonal,multicolor_tierra,chevrones,diagonal,bandas,repetitiva,medio,TPL_02,false,12,V2_030,0.339366465807,0.245536535978,-0.093829929829,0.000000000000,0.000000000000,0.083333333333,0.000000000000
openclip,reused_validated_e1,232,CAP-V2_047-TPL_03,V2_047,SEM-2FFA4D814BEBCF16,ood_pattern,chevrons_diagonal,multicolor_tierra,chevrones,diagonal,bandas,repetitiva,medio,TPL_03,false,10,V2_030,0.364696472883,0.276385128498,-0.088311344385,0.000000000000,0.000000000000,0.100000000000,0.289064826318
openclip,reused_validated_e1,233,CAP-V2_047-TPL_04,V2_047,SEM-2FFA4D814BEBCF16,ood_pattern,chevrons_diagonal,multicolor_tierra,chevrones,diagonal,bandas,repetitiva,medio,TPL_04,false,24,V2_015,0.342188954353,0.244435533881,-0.097753420472,0.000000000000,0.000000000000,0.041666666667,0.000000000000
openclip,reused_validated_e1,234,CAP-V2_047-TPL_05,V2_047,SEM-2FFA4D814BEBCF16,ood_pattern,chevrons_diagonal,multicolor_tierra,chevrones,diagonal,bandas,repetitiva,medio,TPL_05,false,8,V2_015,0.364931881428,0.306630373001,-0.058301508427,0.000000000000,0.000000000000,0.125000000000,0.315464876786
openclip,reused_validated_e1,235,CAP-V2_048-TPL_01,V2_048,SEM-EE8AABF8E6A4B9F8,ood_pattern,circles_concentric,rojo_negro_crema,círculos concéntricos,radial,central,radial,bajo,TPL_01,true,2,V2_011,0.330225765705,0.329175859690,-0.001049906015,0.000000000000,1.000000000000,0.500000000000,0.630929753571
openclip,reused_validated_e1,236,CAP-V2_048-TPL_02,V2_048,SEM-EE8AABF8E6A4B9F8,ood_pattern,circles_concentric,rojo_negro_crema,círculos concéntricos,radial,central,radial,bajo,TPL_02,false,2,V2_011,0.313584983349,0.295366942883,-0.018218040466,0.000000000000,1.000000000000,0.500000000000,0.630929753571
openclip,reused_validated_e1,237,CAP-V2_048-TPL_03,V2_048,SEM-EE8AABF8E6A4B9F8,ood_pattern,circles_concentric,rojo_negro_crema,círculos concéntricos,radial,central,radial,bajo,TPL_03,false,2,V2_011,0.311166107655,0.300570070744,-0.010596036911,0.000000000000,1.000000000000,0.500000000000,0.630929753571
openclip,reused_validated_e1,238,CAP-V2_048-TPL_04,V2_048,SEM-EE8AABF8E6A4B9F8,ood_pattern,circles_concentric,rojo_negro_crema,círculos concéntricos,radial,central,radial,bajo,TPL_04,false,3,V2_021,0.296505868435,0.277583390474,-0.018922477961,0.000000000000,1.000000000000,0.333333333333,0.500000000000
openclip,reused_validated_e1,239,CAP-V2_048-TPL_05,V2_048,SEM-EE8AABF8E6A4B9F8,ood_pattern,circles_concentric,rojo_negro_crema,círculos concéntricos,radial,central,radial,bajo,TPL_05,false,2,V2_011,0.314576089382,0.304516315460,-0.010059773922,0.000000000000,1.000000000000,0.500000000000,0.630929753571
openclip,reused_validated_e1,240,CAP-V2_049-TPL_01,V2_049,SEM-6D37CFF774A2170A,ood_pattern,circles_concentric,azul_crema_marron,círculos concéntricos,radial,central,radial,bajo,TPL_01,true,1,V2_049,0.354372024536,0.354372024536,0.020501375198,1.000000000000,1.000000000000,1.000000000000,1.000000000000
openclip,reused_validated_e1,241,CAP-V2_049-TPL_02,V2_049,SEM-6D37CFF774A2170A,ood_pattern,circles_concentric,azul_crema_marron,círculos concéntricos,radial,central,radial,bajo,TPL_02,false,1,V2_049,0.317841738462,0.317841738462,0.001930177212,1.000000000000,1.000000000000,1.000000000000,1.000000000000
openclip,reused_validated_e1,242,CAP-V2_049-TPL_03,V2_049,SEM-6D37CFF774A2170A,ood_pattern,circles_concentric,azul_crema_marron,círculos concéntricos,radial,central,radial,bajo,TPL_03,false,1,V2_049,0.336418986320,0.336418986320,0.011552214622,1.000000000000,1.000000000000,1.000000000000,1.000000000000
openclip,reused_validated_e1,243,CAP-V2_049-TPL_04,V2_049,SEM-6D37CFF774A2170A,ood_pattern,circles_concentric,azul_crema_marron,círculos concéntricos,radial,central,radial,bajo,TPL_04,false,1,V2_049,0.290834307671,0.290834307671,0.011999726295,1.000000000000,1.000000000000,1.000000000000,1.000000000000
openclip,reused_validated_e1,244,CAP-V2_049-TPL_05,V2_049,SEM-6D37CFF774A2170A,ood_pattern,circles_concentric,azul_crema_marron,círculos concéntricos,radial,central,radial,bajo,TPL_05,false,2,V2_012,0.324842274189,0.322835445404,-0.002006828785,0.000000000000,1.000000000000,0.500000000000,0.630929753571
openclip,reused_validated_e1,245,CAP-V2_050-TPL_01,V2_050,SEM-FC6C9490A1241F7A,ood_pattern,circles_concentric,ocre_marron_negro,círculos concéntricos,radial,central,radial,bajo,TPL_01,true,1,V2_050,0.300956934690,0.300956934690,0.003160446882,1.000000000000,1.000000000000,1.000000000000,1.000000000000
openclip,reused_validated_e1,246,CAP-V2_050-TPL_02,V2_050,SEM-FC6C9490A1241F7A,ood_pattern,circles_concentric,ocre_marron_negro,círculos concéntricos,radial,central,radial,bajo,TPL_02,false,4,V2_011,0.299203574657,0.275125712156,-0.024077862501,0.000000000000,1.000000000000,0.250000000000,0.430676558073
openclip,reused_validated_e1,247,CAP-V2_050-TPL_03,V2_050,SEM-FC6C9490A1241F7A,ood_pattern,circles_concentric,ocre_marron_negro,círculos concéntricos,radial,central,radial,bajo,TPL_03,false,6,V2_013,0.292651474476,0.273504734039,-0.019146740437,0.000000000000,0.000000000000,0.166666666667,0.356207187108
openclip,reused_validated_e1,248,CAP-V2_050-TPL_04,V2_050,SEM-FC6C9490A1241F7A,ood_pattern,circles_concentric,ocre_marron_negro,círculos concéntricos,radial,central,radial,bajo,TPL_04,false,12,V2_011,0.277869820595,0.243738591671,-0.034131228924,0.000000000000,0.000000000000,0.083333333333,0.000000000000
openclip,reused_validated_e1,249,CAP-V2_050-TPL_05,V2_050,SEM-FC6C9490A1241F7A,ood_pattern,circles_concentric,ocre_marron_negro,círculos concéntricos,radial,central,radial,bajo,TPL_05,false,5,V2_011,0.283355951309,0.267885625362,-0.015470325947,0.000000000000,1.000000000000,0.200000000000,0.386852807235
openclip,reused_validated_e1,250,CAP-V2_051-TPL_01,V2_051,SEM-0920FB69B33089FA,ood_pattern,circles_concentric,blanco_negro_gris,círculos concéntricos,radial,central,radial,bajo,TPL_01,true,1,V2_051,0.307164281607,0.307164281607,0.002846568823,1.000000000000,1.000000000000,1.000000000000,1.000000000000
openclip,reused_validated_e1,251,CAP-V2_051-TPL_02,V2_051,SEM-0920FB69B33089FA,ood_pattern,circles_concentric,blanco_negro_gris,círculos concéntricos,radial,central,radial,bajo,TPL_02,false,3,V2_024,0.291154026985,0.281404465437,-0.009749561548,0.000000000000,1.000000000000,0.333333333333,0.500000000000
openclip,reused_validated_e1,252,CAP-V2_051-TPL_03,V2_051,SEM-0920FB69B33089FA,ood_pattern,circles_concentric,blanco_negro_gris,círculos concéntricos,radial,central,radial,bajo,TPL_03,false,1,V2_051,0.286718845367,0.286718845367,0.009959697723,1.000000000000,1.000000000000,1.000000000000,1.000000000000
openclip,reused_validated_e1,253,CAP-V2_051-TPL_04,V2_051,SEM-0920FB69B33089FA,ood_pattern,circles_concentric,blanco_negro_gris,círculos concéntricos,radial,central,radial,bajo,TPL_04,false,2,V2_024,0.285623818636,0.277237474918,-0.008386343718,0.000000000000,1.000000000000,0.500000000000,0.630929753571
openclip,reused_validated_e1,254,CAP-V2_051-TPL_05,V2_051,SEM-0920FB69B33089FA,ood_pattern,circles_concentric,blanco_negro_gris,círculos concéntricos,radial,central,radial,bajo,TPL_05,false,3,V2_014,0.285645782948,0.276461720467,-0.009184062481,0.000000000000,1.000000000000,0.333333333333,0.500000000000
openclip,reused_validated_e1,255,CAP-V2_052-TPL_01,V2_052,SEM-E1BF16D5596893CB,ood_pattern,circles_concentric,multicolor_tierra,círculos concéntricos,radial,central,radial,bajo,TPL_01,true,2,V2_015,0.342561244965,0.333897471428,-0.008663773537,0.000000000000,1.000000000000,0.500000000000,0.630929753571
openclip,reused_validated_e1,256,CAP-V2_052-TPL_02,V2_052,SEM-E1BF16D5596893CB,ood_pattern,circles_concentric,multicolor_tierra,círculos concéntricos,radial,central,radial,bajo,TPL_02,false,2,V2_015,0.304800808430,0.295676469803,-0.009124338627,0.000000000000,1.000000000000,0.500000000000,0.630929753571
openclip,reused_validated_e1,257,CAP-V2_052-TPL_03,V2_052,SEM-E1BF16D5596893CB,ood_pattern,circles_concentric,multicolor_tierra,círculos concéntricos,radial,central,radial,bajo,TPL_03,false,3,V2_015,0.322682857513,0.304200351238,-0.018482506275,0.000000000000,1.000000000000,0.333333333333,0.500000000000
openclip,reused_validated_e1,258,CAP-V2_052-TPL_04,V2_052,SEM-E1BF16D5596893CB,ood_pattern,circles_concentric,multicolor_tierra,círculos concéntricos,radial,central,radial,bajo,TPL_04,false,4,V2_015,0.312009662390,0.282898366451,-0.029111295938,0.000000000000,1.000000000000,0.250000000000,0.430676558073
openclip,reused_validated_e1,259,CAP-V2_052-TPL_05,V2_052,SEM-E1BF16D5596893CB,ood_pattern,circles_concentric,multicolor_tierra,círculos concéntricos,radial,central,radial,bajo,TPL_05,false,4,V2_015,0.328088462353,0.310167193413,-0.017921268940,0.000000000000,1.000000000000,0.250000000000,0.430676558073
openclip,reused_validated_e1,260,CAP-V2_053-TPL_01,V2_053,SEM-20B860903E0F0C0C,ood_both,chevrons_diagonal,verde_ocre_crema,chevrones,diagonal,bandas,repetitiva,medio,TPL_01,true,4,V2_035,0.351198017597,0.338127553463,-0.013070464134,0.000000000000,1.000000000000,0.250000000000,0.430676558073
openclip,reused_validated_e1,261,CAP-V2_053-TPL_02,V2_053,SEM-20B860903E0F0C0C,ood_both,chevrons_diagonal,verde_ocre_crema,chevrones,diagonal,bandas,repetitiva,medio,TPL_02,false,7,V2_041,0.350341618061,0.274742454290,-0.075599163771,0.000000000000,0.000000000000,0.142857142857,0.333333333333
openclip,reused_validated_e1,262,CAP-V2_053-TPL_03,V2_053,SEM-20B860903E0F0C0C,ood_both,chevrons_diagonal,verde_ocre_crema,chevrones,diagonal,bandas,repetitiva,medio,TPL_03,false,4,V2_041,0.374577313662,0.317126452923,-0.057450860739,0.000000000000,1.000000000000,0.250000000000,0.430676558073
openclip,reused_validated_e1,263,CAP-V2_053-TPL_04,V2_053,SEM-20B860903E0F0C0C,ood_both,chevrons_diagonal,verde_ocre_crema,chevrones,diagonal,bandas,repetitiva,medio,TPL_04,false,4,V2_041,0.324654102325,0.293785631657,-0.030868470669,0.000000000000,1.000000000000,0.250000000000,0.430676558073
openclip,reused_validated_e1,264,CAP-V2_053-TPL_05,V2_053,SEM-20B860903E0F0C0C,ood_both,chevrons_diagonal,verde_ocre_crema,chevrones,diagonal,bandas,repetitiva,medio,TPL_05,false,4,V2_035,0.346079230309,0.340778529644,-0.005300700665,0.000000000000,1.000000000000,0.250000000000,0.430676558073
openclip,reused_validated_e1,265,CAP-V2_054-TPL_01,V2_054,SEM-C4C38215AF96E506,ood_both,chevrons_diagonal,morado_gris_rosa,chevrones,diagonal,bandas,repetitiva,medio,TPL_01,true,5,V2_036,0.353700101376,0.314999639988,-0.038700461388,0.000000000000,1.000000000000,0.200000000000,0.386852807235
openclip,reused_validated_e1,266,CAP-V2_054-TPL_02,V2_054,SEM-C4C38215AF96E506,ood_both,chevrons_diagonal,morado_gris_rosa,chevrones,diagonal,bandas,repetitiva,medio,TPL_02,false,6,V2_036,0.342112869024,0.264278113842,-0.077834755182,0.000000000000,0.000000000000,0.166666666667,0.356207187108
openclip,reused_validated_e1,267,CAP-V2_054-TPL_03,V2_054,SEM-C4C38215AF96E506,ood_both,chevrons_diagonal,morado_gris_rosa,chevrones,diagonal,bandas,repetitiva,medio,TPL_03,false,6,V2_042,0.350639373064,0.300649344921,-0.049990028143,0.000000000000,0.000000000000,0.166666666667,0.356207187108
openclip,reused_validated_e1,268,CAP-V2_054-TPL_04,V2_054,SEM-C4C38215AF96E506,ood_both,chevrons_diagonal,morado_gris_rosa,chevrones,diagonal,bandas,repetitiva,medio,TPL_04,false,6,V2_036,0.333063334227,0.281111866236,-0.051951467991,0.000000000000,0.000000000000,0.166666666667,0.356207187108
openclip,reused_validated_e1,269,CAP-V2_054-TPL_05,V2_054,SEM-C4C38215AF96E506,ood_both,chevrons_diagonal,morado_gris_rosa,chevrones,diagonal,bandas,repetitiva,medio,TPL_05,false,5,V2_036,0.353218019009,0.323630839586,-0.029587179422,0.000000000000,1.000000000000,0.200000000000,0.386852807235
openclip,reused_validated_e1,270,CAP-V2_055-TPL_01,V2_055,SEM-B3C4DB2C1AD51CA9,ood_both,circles_concentric,verde_ocre_crema,círculos concéntricos,radial,central,radial,bajo,TPL_01,true,1,V2_055,0.349800050259,0.349800050259,0.028850257397,1.000000000000,1.000000000000,1.000000000000,1.000000000000
openclip,reused_validated_e1,271,CAP-V2_055-TPL_02,V2_055,SEM-B3C4DB2C1AD51CA9,ood_both,circles_concentric,verde_ocre_crema,círculos concéntricos,radial,central,radial,bajo,TPL_02,false,1,V2_055,0.326902806759,0.326902806759,0.017136335373,1.000000000000,1.000000000000,1.000000000000,1.000000000000
openclip,reused_validated_e1,272,CAP-V2_055-TPL_03,V2_055,SEM-B3C4DB2C1AD51CA9,ood_both,circles_concentric,verde_ocre_crema,círculos concéntricos,radial,central,radial,bajo,TPL_03,false,1,V2_055,0.321671247482,0.321671247482,0.010356545448,1.000000000000,1.000000000000,1.000000000000,1.000000000000
openclip,reused_validated_e1,273,CAP-V2_055-TPL_04,V2_055,SEM-B3C4DB2C1AD51CA9,ood_both,circles_concentric,verde_ocre_crema,círculos concéntricos,radial,central,radial,bajo,TPL_04,false,1,V2_055,0.294609069824,0.294609069824,0.005690604448,1.000000000000,1.000000000000,1.000000000000,1.000000000000
openclip,reused_validated_e1,274,CAP-V2_055-TPL_05,V2_055,SEM-B3C4DB2C1AD51CA9,ood_both,circles_concentric,verde_ocre_crema,círculos concéntricos,radial,central,radial,bajo,TPL_05,false,1,V2_055,0.329168707132,0.329168707132,0.014873951674,1.000000000000,1.000000000000,1.000000000000,1.000000000000
openclip,reused_validated_e1,275,CAP-V2_056-TPL_01,V2_056,SEM-1076CAB99B86DF83,ood_both,circles_concentric,morado_gris_rosa,círculos concéntricos,radial,central,radial,bajo,TPL_01,true,1,V2_056,0.348027378321,0.348027378321,0.023250490427,1.000000000000,1.000000000000,1.000000000000,1.000000000000
openclip,reused_validated_e1,276,CAP-V2_056-TPL_02,V2_056,SEM-1076CAB99B86DF83,ood_both,circles_concentric,morado_gris_rosa,círculos concéntricos,radial,central,radial,bajo,TPL_02,false,1,V2_056,0.335076332092,0.335076332092,0.019711077213,1.000000000000,1.000000000000,1.000000000000,1.000000000000
openclip,reused_validated_e1,277,CAP-V2_056-TPL_03,V2_056,SEM-1076CAB99B86DF83,ood_both,circles_concentric,morado_gris_rosa,círculos concéntricos,radial,central,radial,bajo,TPL_03,false,1,V2_056,0.335884332657,0.335884332657,0.024852931499,1.000000000000,1.000000000000,1.000000000000,1.000000000000
openclip,reused_validated_e1,278,CAP-V2_056-TPL_04,V2_056,SEM-1076CAB99B86DF83,ood_both,circles_concentric,morado_gris_rosa,círculos concéntricos,radial,central,radial,bajo,TPL_04,false,1,V2_056,0.303581058979,0.303581058979,0.014796257019,1.000000000000,1.000000000000,1.000000000000,1.000000000000
openclip,reused_validated_e1,279,CAP-V2_056-TPL_05,V2_056,SEM-1076CAB99B86DF83,ood_both,circles_concentric,morado_gris_rosa,círculos concéntricos,radial,central,radial,bajo,TPL_05,false,1,V2_056,0.332030206919,0.332030206919,0.018728673458,1.000000000000,1.000000000000,1.000000000000,1.000000000000
random,computed_from_baselines_v2_contract,0,CAP-V2_001-TPL_01,V2_001,SEM-726372BFFF43534D,id,bands_horizontal,rojo_negro_crema,bandas geométricas,horizontal,bandas,repetitiva,bajo,TPL_01,true,22,V2_003,0.998523855175,0.602528611399,-0.395995243776,0.000000000000,0.000000000000,0.045454545455,0.000000000000
random,computed_from_baselines_v2_contract,1,CAP-V2_001-TPL_02,V2_001,SEM-726372BFFF43534D,id,bands_horizontal,rojo_negro_crema,bandas geométricas,horizontal,bandas,repetitiva,bajo,TPL_02,false,25,V2_053,0.934666732530,0.583326549750,-0.351340182780,0.000000000000,0.000000000000,0.040000000000,0.000000000000
random,computed_from_baselines_v2_contract,2,CAP-V2_001-TPL_03,V2_001,SEM-726372BFFF43534D,id,bands_horizontal,rojo_negro_crema,bandas geométricas,horizontal,bandas,repetitiva,bajo,TPL_03,false,49,V2_008,0.989948056221,0.165340447008,-0.824607609213,0.000000000000,0.000000000000,0.020408163265,0.000000000000
random,computed_from_baselines_v2_contract,3,CAP-V2_001-TPL_04,V2_001,SEM-726372BFFF43534D,id,bands_horizontal,rojo_negro_crema,bandas geométricas,horizontal,bandas,repetitiva,bajo,TPL_04,false,23,V2_019,0.989751998801,0.534094587408,-0.455657411393,0.000000000000,0.000000000000,0.043478260870,0.000000000000
random,computed_from_baselines_v2_contract,4,CAP-V2_001-TPL_05,V2_001,SEM-726372BFFF43534D,id,bands_horizontal,rojo_negro_crema,bandas geométricas,horizontal,bandas,repetitiva,bajo,TPL_05,false,25,V2_016,0.981880826219,0.587059856971,-0.394820969248,0.000000000000,0.000000000000,0.040000000000,0.000000000000
random,computed_from_baselines_v2_contract,5,CAP-V2_002-TPL_01,V2_002,SEM-5B84448A62787787,id,bands_horizontal,azul_crema_marron,bandas geométricas,horizontal,bandas,repetitiva,bajo,TPL_01,true,36,V2_035,0.992494122348,0.343987709052,-0.648506413296,0.000000000000,0.000000000000,0.027777777778,0.000000000000
random,computed_from_baselines_v2_contract,6,CAP-V2_002-TPL_02,V2_002,SEM-5B84448A62787787,id,bands_horizontal,azul_crema_marron,bandas geométricas,horizontal,bandas,repetitiva,bajo,TPL_02,false,27,V2_041,0.978760063388,0.521473911494,-0.457286151894,0.000000000000,0.000000000000,0.037037037037,0.000000000000
random,computed_from_baselines_v2_contract,7,CAP-V2_002-TPL_03,V2_002,SEM-5B84448A62787787,id,bands_horizontal,azul_crema_marron,bandas geométricas,horizontal,bandas,repetitiva,bajo,TPL_03,false,29,V2_031,0.934363121622,0.516379225614,-0.417983896008,0.000000000000,0.000000000000,0.034482758621,0.000000000000
random,computed_from_baselines_v2_contract,8,CAP-V2_002-TPL_04,V2_002,SEM-5B84448A62787787,id,bands_horizontal,azul_crema_marron,bandas geométricas,horizontal,bandas,repetitiva,bajo,TPL_04,false,25,V2_055,0.991951965234,0.616588914342,-0.375363050892,0.000000000000,0.000000000000,0.040000000000,0.000000000000
random,computed_from_baselines_v2_contract,9,CAP-V2_002-TPL_05,V2_002,SEM-5B84448A62787787,id,bands_horizontal,azul_crema_marron,bandas geométricas,horizontal,bandas,repetitiva,bajo,TPL_05,false,33,V2_027,0.995028951478,0.340838069927,-0.654190881551,0.000000000000,0.000000000000,0.030303030303,0.000000000000
random,computed_from_baselines_v2_contract,10,CAP-V2_003-TPL_01,V2_003,SEM-7418F4CCBDB8F621,id,bands_horizontal,ocre_marron_negro,bandas geométricas,horizontal,bandas,repetitiva,bajo,TPL_01,true,45,V2_022,0.992624697881,0.202073182200,-0.790551515681,0.000000000000,0.000000000000,0.022222222222,0.000000000000
random,computed_from_baselines_v2_contract,11,CAP-V2_003-TPL_02,V2_003,SEM-7418F4CCBDB8F621,id,bands_horizontal,ocre_marron_negro,bandas geométricas,horizontal,bandas,repetitiva,bajo,TPL_02,false,9,V2_044,0.961474014270,0.895684735428,-0.065789278842,0.000000000000,0.000000000000,0.111111111111,0.301029995664
random,computed_from_baselines_v2_contract,12,CAP-V2_003-TPL_03,V2_003,SEM-7418F4CCBDB8F621,id,bands_horizontal,ocre_marron_negro,bandas geométricas,horizontal,bandas,repetitiva,bajo,TPL_03,false,4,V2_049,0.998410525738,0.921250838143,-0.077159687595,0.000000000000,1.000000000000,0.250000000000,0.430676558073
random,computed_from_baselines_v2_contract,13,CAP-V2_003-TPL_04,V2_003,SEM-7418F4CCBDB8F621,id,bands_horizontal,ocre_marron_negro,bandas geométricas,horizontal,bandas,repetitiva,bajo,TPL_04,false,39,V2_047,0.983969219537,0.358708882856,-0.625260336681,0.000000000000,0.000000000000,0.025641025641,0.000000000000
random,computed_from_baselines_v2_contract,14,CAP-V2_003-TPL_05,V2_003,SEM-7418F4CCBDB8F621,id,bands_horizontal,ocre_marron_negro,bandas geométricas,horizontal,bandas,repetitiva,bajo,TPL_05,false,54,V2_037,0.995793996940,0.054414520701,-0.941379476239,0.000000000000,0.000000000000,0.018518518519,0.000000000000
random,computed_from_baselines_v2_contract,15,CAP-V2_004-TPL_01,V2_004,SEM-7CE10D3F8F559237,id,bands_horizontal,blanco_negro_gris,bandas geométricas,horizontal,bandas,repetitiva,bajo,TPL_01,true,14,V2_009,0.969920041824,0.746325476253,-0.223594565572,0.000000000000,0.000000000000,0.071428571429,0.000000000000
random,computed_from_baselines_v2_contract,16,CAP-V2_004-TPL_02,V2_004,SEM-7CE10D3F8F559237,id,bands_horizontal,blanco_negro_gris,bandas geométricas,horizontal,bandas,repetitiva,bajo,TPL_02,false,18,V2_018,0.995388698832,0.781967961381,-0.213420737450,0.000000000000,0.000000000000,0.055555555556,0.000000000000
random,computed_from_baselines_v2_contract,17,CAP-V2_004-TPL_03,V2_004,SEM-7CE10D3F8F559237,id,bands_horizontal,blanco_negro_gris,bandas geométricas,horizontal,bandas,repetitiva,bajo,TPL_03,false,32,V2_047,0.996531543181,0.403582642905,-0.592948900276,0.000000000000,0.000000000000,0.031250000000,0.000000000000
random,computed_from_baselines_v2_contract,18,CAP-V2_004-TPL_04,V2_004,SEM-7CE10D3F8F559237,id,bands_horizontal,blanco_negro_gris,bandas geométricas,horizontal,bandas,repetitiva,bajo,TPL_04,false,23,V2_009,0.998936032351,0.547244361220,-0.451691671131,0.000000000000,0.000000000000,0.043478260870,0.000000000000
random,computed_from_baselines_v2_contract,19,CAP-V2_004-TPL_05,V2_004,SEM-7CE10D3F8F559237,id,bands_horizontal,blanco_negro_gris,bandas geométricas,horizontal,bandas,repetitiva,bajo,TPL_05,false,49,V2_022,0.980921320485,0.139514026300,-0.841407294185,0.000000000000,0.000000000000,0.020408163265,0.000000000000
random,computed_from_baselines_v2_contract,20,CAP-V2_005-TPL_01,V2_005,SEM-CA5D6EBFCD7B84E3,id,bands_horizontal,multicolor_tierra,bandas geométricas,horizontal,bandas,repetitiva,bajo,TPL_01,true,46,V2_051,0.934223427633,0.206127994752,-0.728095432881,0.000000000000,0.000000000000,0.021739130435,0.000000000000
random,computed_from_baselines_v2_contract,21,CAP-V2_005-TPL_02,V2_005,SEM-CA5D6EBFCD7B84E3,id,bands_horizontal,multicolor_tierra,bandas geométricas,horizontal,bandas,repetitiva,bajo,TPL_02,false,10,V2_040,0.997240820441,0.725984286171,-0.271256534270,0.000000000000,0.000000000000,0.100000000000,0.289064826318
random,computed_from_baselines_v2_contract,22,CAP-V2_005-TPL_03,V2_005,SEM-CA5D6EBFCD7B84E3,id,bands_horizontal,multicolor_tierra,bandas geométricas,horizontal,bandas,repetitiva,bajo,TPL_03,false,55,V2_018,0.992701841653,0.021882134956,-0.970819706697,0.000000000000,0.000000000000,0.018181818182,0.000000000000
random,computed_from_baselines_v2_contract,23,CAP-V2_005-TPL_04,V2_005,SEM-CA5D6EBFCD7B84E3,id,bands_horizontal,multicolor_tierra,bandas geométricas,horizontal,bandas,repetitiva,bajo,TPL_04,false,24,V2_038,0.978728991785,0.609777345059,-0.368951646725,0.000000000000,0.000000000000,0.041666666667,0.000000000000
random,computed_from_baselines_v2_contract,24,CAP-V2_005-TPL_05,V2_005,SEM-CA5D6EBFCD7B84E3,id,bands_horizontal,multicolor_tierra,bandas geométricas,horizontal,bandas,repetitiva,bajo,TPL_05,false,54,V2_034,0.999855890947,0.052498406986,-0.947357483961,0.000000000000,0.000000000000,0.018518518519,0.000000000000
random,computed_from_baselines_v2_contract,25,CAP-V2_006-TPL_01,V2_006,SEM-4699702E8A447735,id,bands_vertical,rojo_negro_crema,bandas geométricas,vertical,bandas,repetitiva,bajo,TPL_01,true,45,V2_046,0.969766784842,0.216714133443,-0.753052651399,0.000000000000,0.000000000000,0.022222222222,0.000000000000
random,computed_from_baselines_v2_contract,26,CAP-V2_006-TPL_02,V2_006,SEM-4699702E8A447735,id,bands_vertical,rojo_negro_crema,bandas geométricas,vertical,bandas,repetitiva,bajo,TPL_02,false,1,V2_006,0.946524349486,0.946524349486,0.009668925160,1.000000000000,1.000000000000,1.000000000000,1.000000000000
random,computed_from_baselines_v2_contract,27,CAP-V2_006-TPL_03,V2_006,SEM-4699702E8A447735,id,bands_vertical,rojo_negro_crema,bandas geométricas,vertical,bandas,repetitiva,bajo,TPL_03,false,25,V2_055,0.970381510850,0.581796720524,-0.388584790326,0.000000000000,0.000000000000,0.040000000000,0.000000000000
random,computed_from_baselines_v2_contract,28,CAP-V2_006-TPL_04,V2_006,SEM-4699702E8A447735,id,bands_vertical,rojo_negro_crema,bandas geométricas,vertical,bandas,repetitiva,bajo,TPL_04,false,11,V2_009,0.997690786832,0.857459090954,-0.140231695877,0.000000000000,0.000000000000,0.090909090909,0.000000000000
random,computed_from_baselines_v2_contract,29,CAP-V2_006-TPL_05,V2_006,SEM-4699702E8A447735,id,bands_vertical,rojo_negro_crema,bandas geométricas,vertical,bandas,repetitiva,bajo,TPL_05,false,2,V2_038,0.996380513903,0.965051540595,-0.031328973308,0.000000000000,1.000000000000,0.500000000000,0.630929753571
random,computed_from_baselines_v2_contract,30,CAP-V2_007-TPL_01,V2_007,SEM-657EAE79EA891854,id,bands_vertical,azul_crema_marron,bandas geométricas,vertical,bandas,repetitiva,bajo,TPL_01,true,18,V2_023,0.963654443227,0.729645744510,-0.234008698717,0.000000000000,0.000000000000,0.055555555556,0.000000000000
random,computed_from_baselines_v2_contract,31,CAP-V2_007-TPL_02,V2_007,SEM-657EAE79EA891854,id,bands_vertical,azul_crema_marron,bandas geométricas,vertical,bandas,repetitiva,bajo,TPL_02,false,48,V2_008,0.999984966915,0.151895567220,-0.848089399695,0.000000000000,0.000000000000,0.020833333333,0.000000000000
random,computed_from_baselines_v2_contract,32,CAP-V2_007-TPL_03,V2_007,SEM-657EAE79EA891854,id,bands_vertical,azul_crema_marron,bandas geométricas,vertical,bandas,repetitiva,bajo,TPL_03,false,23,V2_046,0.992128222016,0.560939728725,-0.431188493291,0.000000000000,0.000000000000,0.043478260870,0.000000000000
random,computed_from_baselines_v2_contract,33,CAP-V2_007-TPL_04,V2_007,SEM-657EAE79EA891854,id,bands_vertical,azul_crema_marron,bandas geométricas,vertical,bandas,repetitiva,bajo,TPL_04,false,27,V2_041,0.996173039434,0.491633457272,-0.504539582162,0.000000000000,0.000000000000,0.037037037037,0.000000000000
random,computed_from_baselines_v2_contract,34,CAP-V2_007-TPL_05,V2_007,SEM-657EAE79EA891854,id,bands_vertical,azul_crema_marron,bandas geométricas,vertical,bandas,repetitiva,bajo,TPL_05,false,14,V2_033,0.990304551490,0.775992649063,-0.214311902427,0.000000000000,0.000000000000,0.071428571429,0.000000000000
random,computed_from_baselines_v2_contract,35,CAP-V2_008-TPL_01,V2_008,SEM-F49183E2AB7334C9,id,bands_vertical,ocre_marron_negro,bandas geométricas,vertical,bandas,repetitiva,bajo,TPL_01,true,44,V2_018,0.983441738964,0.151623327928,-0.831818411037,0.000000000000,0.000000000000,0.022727272727,0.000000000000
random,computed_from_baselines_v2_contract,36,CAP-V2_008-TPL_02,V2_008,SEM-F49183E2AB7334C9,id,bands_vertical,ocre_marron_negro,bandas geométricas,vertical,bandas,repetitiva,bajo,TPL_02,false,18,V2_036,0.990158011788,0.665100062267,-0.325057949521,0.000000000000,0.000000000000,0.055555555556,0.000000000000
random,computed_from_baselines_v2_contract,37,CAP-V2_008-TPL_03,V2_008,SEM-F49183E2AB7334C9,id,bands_vertical,ocre_marron_negro,bandas geométricas,vertical,bandas,repetitiva,bajo,TPL_03,false,31,V2_009,0.981641860845,0.581414891126,-0.400226969719,0.000000000000,0.000000000000,0.032258064516,0.000000000000
random,computed_from_baselines_v2_contract,38,CAP-V2_008-TPL_04,V2_008,SEM-F49183E2AB7334C9,id,bands_vertical,ocre_marron_negro,bandas geométricas,vertical,bandas,repetitiva,bajo,TPL_04,false,26,V2_051,0.980059750399,0.551393979274,-0.428665771125,0.000000000000,0.000000000000,0.038461538462,0.000000000000
random,computed_from_baselines_v2_contract,39,CAP-V2_008-TPL_05,V2_008,SEM-F49183E2AB7334C9,id,bands_vertical,ocre_marron_negro,bandas geométricas,vertical,bandas,repetitiva,bajo,TPL_05,false,36,V2_022,0.976231444466,0.367563909608,-0.608667534858,0.000000000000,0.000000000000,0.027777777778,0.000000000000
random,computed_from_baselines_v2_contract,40,CAP-V2_009-TPL_01,V2_009,SEM-0EFA93DD8D5CE9AD,id,bands_vertical,blanco_negro_gris,bandas geométricas,vertical,bandas,repetitiva,bajo,TPL_01,true,23,V2_053,0.990611157227,0.726028125790,-0.264583031437,0.000000000000,0.000000000000,0.043478260870,0.000000000000
random,computed_from_baselines_v2_contract,41,CAP-V2_009-TPL_02,V2_009,SEM-0EFA93DD8D5CE9AD,id,bands_vertical,blanco_negro_gris,bandas geométricas,vertical,bandas,repetitiva,bajo,TPL_02,false,6,V2_004,0.993438473552,0.896416265429,-0.097022208123,0.000000000000,0.000000000000,0.166666666667,0.356207187108
random,computed_from_baselines_v2_contract,42,CAP-V2_009-TPL_03,V2_009,SEM-0EFA93DD8D5CE9AD,id,bands_vertical,blanco_negro_gris,bandas geométricas,vertical,bandas,repetitiva,bajo,TPL_03,false,33,V2_016,0.990077394795,0.521192570385,-0.468884824409,0.000000000000,0.000000000000,0.030303030303,0.000000000000
random,computed_from_baselines_v2_contract,43,CAP-V2_009-TPL_04,V2_009,SEM-0EFA93DD8D5CE9AD,id,bands_vertical,blanco_negro_gris,bandas geométricas,vertical,bandas,repetitiva,bajo,TPL_04,false,10,V2_024,0.939010982816,0.676123531961,-0.262887450854,0.000000000000,0.000000000000,0.100000000000,0.289064826318
random,computed_from_baselines_v2_contract,44,CAP-V2_009-TPL_05,V2_009,SEM-0EFA93DD8D5CE9AD,id,bands_vertical,blanco_negro_gris,bandas geométricas,vertical,bandas,repetitiva,bajo,TPL_05,false,30,V2_036,0.965652450269,0.467802481306,-0.497849968963,0.000000000000,0.000000000000,0.033333333333,0.000000000000
random,computed_from_baselines_v2_contract,45,CAP-V2_010-TPL_01,V2_010,SEM-7E4D8819AF0D376B,id,bands_vertical,multicolor_tierra,bandas geométricas,vertical,bandas,repetitiva,bajo,TPL_01,true,55,V2_009,0.983040010360,0.064916591798,-0.918123418562,0.000000000000,0.000000000000,0.018181818182,0.000000000000
random,computed_from_baselines_v2_contract,46,CAP-V2_010-TPL_02,V2_010,SEM-7E4D8819AF0D376B,id,bands_vertical,multicolor_tierra,bandas geométricas,vertical,bandas,repetitiva,bajo,TPL_02,false,21,V2_016,0.992874602050,0.684731769228,-0.308142832821,0.000000000000,0.000000000000,0.047619047619,0.000000000000
random,computed_from_baselines_v2_contract,47,CAP-V2_010-TPL_03,V2_010,SEM-7E4D8819AF0D376B,id,bands_vertical,multicolor_tierra,bandas geométricas,vertical,bandas,repetitiva,bajo,TPL_03,false,43,V2_015,0.997639827288,0.356589120978,-0.641050706310,0.000000000000,0.000000000000,0.023255813953,0.000000000000
random,computed_from_baselines_v2_contract,48,CAP-V2_010-TPL_04,V2_010,SEM-7E4D8819AF0D376B,id,bands_vertical,multicolor_tierra,bandas geométricas,vertical,bandas,repetitiva,bajo,TPL_04,false,56,V2_032,0.984320244167,0.025455010873,-0.958865233293,0.000000000000,0.000000000000,0.017857142857,0.000000000000
random,computed_from_baselines_v2_contract,49,CAP-V2_010-TPL_05,V2_010,SEM-7E4D8819AF0D376B,id,bands_vertical,multicolor_tierra,bandas geométricas,vertical,bandas,repetitiva,bajo,TPL_05,false,7,V2_017,0.988222216162,0.914670093756,-0.073552122407,0.000000000000,0.000000000000,0.142857142857,0.333333333333
random,computed_from_baselines_v2_contract,50,CAP-V2_011-TPL_01,V2_011,SEM-E6BF74678BDAC828,id,diamonds_central,rojo_negro_crema,rombos,diagonal,central,bilateral,medio,TPL_01,true,55,V2_008,0.992060908554,0.081499794365,-0.910561114189,0.000000000000,0.000000000000,0.018181818182,0.000000000000
random,computed_from_baselines_v2_contract,51,CAP-V2_011-TPL_02,V2_011,SEM-E6BF74678BDAC828,id,diamonds_central,rojo_negro_crema,rombos,diagonal,central,bilateral,medio,TPL_02,false,9,V2_029,0.989149779329,0.778685490081,-0.210464289248,0.000000000000,0.000000000000,0.111111111111,0.301029995664
random,computed_from_baselines_v2_contract,52,CAP-V2_011-TPL_03,V2_011,SEM-E6BF74678BDAC828,id,diamonds_central,rojo_negro_crema,rombos,diagonal,central,bilateral,medio,TPL_03,false,32,V2_023,0.990620799393,0.409666514901,-0.580954284493,0.000000000000,0.000000000000,0.031250000000,0.000000000000
random,computed_from_baselines_v2_contract,53,CAP-V2_011-TPL_04,V2_011,SEM-E6BF74678BDAC828,id,diamonds_central,rojo_negro_crema,rombos,diagonal,central,bilateral,medio,TPL_04,false,55,V2_024,0.990598454305,0.025398975626,-0.965199478679,0.000000000000,0.000000000000,0.018181818182,0.000000000000
random,computed_from_baselines_v2_contract,54,CAP-V2_011-TPL_05,V2_011,SEM-E6BF74678BDAC828,id,diamonds_central,rojo_negro_crema,rombos,diagonal,central,bilateral,medio,TPL_05,false,42,V2_040,0.997771708760,0.319303307472,-0.678468401288,0.000000000000,0.000000000000,0.023809523810,0.000000000000
random,computed_from_baselines_v2_contract,55,CAP-V2_012-TPL_01,V2_012,SEM-F5F0E5F56F3B9CDD,id,diamonds_central,azul_crema_marron,rombos,diagonal,central,bilateral,medio,TPL_01,true,33,V2_016,0.997096868669,0.356897262281,-0.640199606388,0.000000000000,0.000000000000,0.030303030303,0.000000000000
random,computed_from_baselines_v2_contract,56,CAP-V2_012-TPL_02,V2_012,SEM-F5F0E5F56F3B9CDD,id,diamonds_central,azul_crema_marron,rombos,diagonal,central,bilateral,medio,TPL_02,false,56,V2_051,0.999736080163,0.062857001530,-0.936879078633,0.000000000000,0.000000000000,0.017857142857,0.000000000000
random,computed_from_baselines_v2_contract,57,CAP-V2_012-TPL_03,V2_012,SEM-F5F0E5F56F3B9CDD,id,diamonds_central,azul_crema_marron,rombos,diagonal,central,bilateral,medio,TPL_03,false,20,V2_004,0.972312787069,0.513473955559,-0.458838831510,0.000000000000,0.000000000000,0.050000000000,0.000000000000
random,computed_from_baselines_v2_contract,58,CAP-V2_012-TPL_04,V2_012,SEM-F5F0E5F56F3B9CDD,id,diamonds_central,azul_crema_marron,rombos,diagonal,central,bilateral,medio,TPL_04,false,29,V2_001,0.972359977468,0.482297863446,-0.490062114022,0.000000000000,0.000000000000,0.034482758621,0.000000000000
random,computed_from_baselines_v2_contract,59,CAP-V2_012-TPL_05,V2_012,SEM-F5F0E5F56F3B9CDD,id,diamonds_central,azul_crema_marron,rombos,diagonal,central,bilateral,medio,TPL_05,false,18,V2_044,0.996439492772,0.671997208116,-0.324442284656,0.000000000000,0.000000000000,0.055555555556,0.000000000000
random,computed_from_baselines_v2_contract,60,CAP-V2_013-TPL_01,V2_013,SEM-6C847486A44390D1,id,diamonds_central,ocre_marron_negro,rombos,diagonal,central,bilateral,medio,TPL_01,true,6,V2_030,0.967937280765,0.879273064864,-0.088664215900,0.000000000000,0.000000000000,0.166666666667,0.356207187108
random,computed_from_baselines_v2_contract,61,CAP-V2_013-TPL_02,V2_013,SEM-6C847486A44390D1,id,diamonds_central,ocre_marron_negro,rombos,diagonal,central,bilateral,medio,TPL_02,false,2,V2_029,0.968056339140,0.940584910385,-0.027471428756,0.000000000000,1.000000000000,0.500000000000,0.630929753571
random,computed_from_baselines_v2_contract,62,CAP-V2_013-TPL_03,V2_013,SEM-6C847486A44390D1,id,diamonds_central,ocre_marron_negro,rombos,diagonal,central,bilateral,medio,TPL_03,false,17,V2_037,0.900535046186,0.662528661087,-0.238006385099,0.000000000000,0.000000000000,0.058823529412,0.000000000000
random,computed_from_baselines_v2_contract,63,CAP-V2_013-TPL_04,V2_013,SEM-6C847486A44390D1,id,diamonds_central,ocre_marron_negro,rombos,diagonal,central,bilateral,medio,TPL_04,false,22,V2_054,0.992005133958,0.662634484858,-0.329370649100,0.000000000000,0.000000000000,0.045454545455,0.000000000000
random,computed_from_baselines_v2_contract,64,CAP-V2_013-TPL_05,V2_013,SEM-6C847486A44390D1,id,diamonds_central,ocre_marron_negro,rombos,diagonal,central,bilateral,medio,TPL_05,false,50,V2_008,0.975694765492,0.134780471754,-0.840914293738,0.000000000000,0.000000000000,0.020000000000,0.000000000000
random,computed_from_baselines_v2_contract,65,CAP-V2_014-TPL_01,V2_014,SEM-B0502F5A4E58AF67,id,diamonds_central,blanco_negro_gris,rombos,diagonal,central,bilateral,medio,TPL_01,true,49,V2_036,0.993681269183,0.114233897705,-0.879447371478,0.000000000000,0.000000000000,0.020408163265,0.000000000000
random,computed_from_baselines_v2_contract,66,CAP-V2_014-TPL_02,V2_014,SEM-B0502F5A4E58AF67,id,diamonds_central,blanco_negro_gris,rombos,diagonal,central,bilateral,medio,TPL_02,false,38,V2_040,0.989971349864,0.440579643240,-0.549391706623,0.000000000000,0.000000000000,0.026315789474,0.000000000000
random,computed_from_baselines_v2_contract,67,CAP-V2_014-TPL_03,V2_014,SEM-B0502F5A4E58AF67,id,diamonds_central,blanco_negro_gris,rombos,diagonal,central,bilateral,medio,TPL_03,false,10,V2_033,0.946111092615,0.833845895260,-0.112265197355,0.000000000000,0.000000000000,0.100000000000,0.289064826318
random,computed_from_baselines_v2_contract,68,CAP-V2_014-TPL_04,V2_014,SEM-B0502F5A4E58AF67,id,diamonds_central,blanco_negro_gris,rombos,diagonal,central,bilateral,medio,TPL_04,false,25,V2_009,0.996437042762,0.652090394191,-0.344346648571,0.000000000000,0.000000000000,0.040000000000,0.000000000000
random,computed_from_baselines_v2_contract,69,CAP-V2_014-TPL_05,V2_014,SEM-B0502F5A4E58AF67,id,diamonds_central,blanco_negro_gris,rombos,diagonal,central,bilateral,medio,TPL_05,false,30,V2_050,0.985652209038,0.466755372617,-0.518896836421,0.000000000000,0.000000000000,0.033333333333,0.000000000000
random,computed_from_baselines_v2_contract,70,CAP-V2_015-TPL_01,V2_015,SEM-48FFBCDFBB1178FE,id,diamonds_central,multicolor_tierra,rombos,diagonal,central,bilateral,medio,TPL_01,true,44,V2_046,0.996942277693,0.207038748864,-0.789903528829,0.000000000000,0.000000000000,0.022727272727,0.000000000000
random,computed_from_baselines_v2_contract,71,CAP-V2_015-TPL_02,V2_015,SEM-48FFBCDFBB1178FE,id,diamonds_central,multicolor_tierra,rombos,diagonal,central,bilateral,medio,TPL_02,false,13,V2_053,0.993704657901,0.734940593629,-0.258764064273,0.000000000000,0.000000000000,0.076923076923,0.000000000000
random,computed_from_baselines_v2_contract,72,CAP-V2_015-TPL_03,V2_015,SEM-48FFBCDFBB1178FE,id,diamonds_central,multicolor_tierra,rombos,diagonal,central,bilateral,medio,TPL_03,false,54,V2_029,0.967695726851,0.083236008607,-0.884459718244,0.000000000000,0.000000000000,0.018518518519,0.000000000000
random,computed_from_baselines_v2_contract,73,CAP-V2_015-TPL_04,V2_015,SEM-48FFBCDFBB1178FE,id,diamonds_central,multicolor_tierra,rombos,diagonal,central,bilateral,medio,TPL_04,false,43,V2_032,0.984187138413,0.343784601524,-0.640402536888,0.000000000000,0.000000000000,0.023255813953,0.000000000000
random,computed_from_baselines_v2_contract,74,CAP-V2_015-TPL_05,V2_015,SEM-48FFBCDFBB1178FE,id,diamonds_central,multicolor_tierra,rombos,diagonal,central,bilateral,medio,TPL_05,false,55,V2_020,0.995373422409,0.006185193600,-0.989188228808,0.000000000000,0.000000000000,0.018181818182,0.000000000000
random,computed_from_baselines_v2_contract,75,CAP-V2_016-TPL_01,V2_016,SEM-1F7D0D80E51AE939,id,grecas_modular,rojo_negro_crema,grecas escalonadas,horizontal,modular,repetitiva,medio,TPL_01,true,56,V2_040,0.968290573829,0.024374578059,-0.943915995770,0.000000000000,0.000000000000,0.017857142857,0.000000000000
random,computed_from_baselines_v2_contract,76,CAP-V2_016-TPL_02,V2_016,SEM-1F7D0D80E51AE939,id,grecas_modular,rojo_negro_crema,grecas escalonadas,horizontal,modular,repetitiva,medio,TPL_02,false,24,V2_004,0.965265721667,0.600618625936,-0.364647095731,0.000000000000,0.000000000000,0.041666666667,0.000000000000
random,computed_from_baselines_v2_contract,77,CAP-V2_016-TPL_03,V2_016,SEM-1F7D0D80E51AE939,id,grecas_modular,rojo_negro_crema,grecas escalonadas,horizontal,modular,repetitiva,medio,TPL_03,false,27,V2_025,0.970464481228,0.519483809326,-0.450980671902,0.000000000000,0.000000000000,0.037037037037,0.000000000000
random,computed_from_baselines_v2_contract,78,CAP-V2_016-TPL_04,V2_016,SEM-1F7D0D80E51AE939,id,grecas_modular,rojo_negro_crema,grecas escalonadas,horizontal,modular,repetitiva,medio,TPL_04,false,42,V2_004,0.996956619013,0.273335790699,-0.723620828315,0.000000000000,0.000000000000,0.023809523810,0.000000000000
random,computed_from_baselines_v2_contract,79,CAP-V2_016-TPL_05,V2_016,SEM-1F7D0D80E51AE939,id,grecas_modular,rojo_negro_crema,grecas escalonadas,horizontal,modular,repetitiva,medio,TPL_05,false,2,V2_053,0.997497549551,0.938087975537,-0.059409574013,0.000000000000,1.000000000000,0.500000000000,0.630929753571
random,computed_from_baselines_v2_contract,80,CAP-V2_017-TPL_01,V2_017,SEM-B4047E6372E8425A,id,grecas_modular,azul_crema_marron,grecas escalonadas,horizontal,modular,repetitiva,medio,TPL_01,true,28,V2_012,0.999091757007,0.554863177186,-0.444228579821,0.000000000000,0.000000000000,0.035714285714,0.000000000000
random,computed_from_baselines_v2_contract,81,CAP-V2_017-TPL_02,V2_017,SEM-B4047E6372E8425A,id,grecas_modular,azul_crema_marron,grecas escalonadas,horizontal,modular,repetitiva,medio,TPL_02,false,47,V2_031,0.985185891965,0.220648947368,-0.764536944597,0.000000000000,0.000000000000,0.021276595745,0.000000000000
random,computed_from_baselines_v2_contract,82,CAP-V2_017-TPL_03,V2_017,SEM-B4047E6372E8425A,id,grecas_modular,azul_crema_marron,grecas escalonadas,horizontal,modular,repetitiva,medio,TPL_03,false,51,V2_055,0.968940510206,0.072295104142,-0.896645406064,0.000000000000,0.000000000000,0.019607843137,0.000000000000
random,computed_from_baselines_v2_contract,83,CAP-V2_017-TPL_04,V2_017,SEM-B4047E6372E8425A,id,grecas_modular,azul_crema_marron,grecas escalonadas,horizontal,modular,repetitiva,medio,TPL_04,false,10,V2_035,0.949680066271,0.849064122405,-0.100615943866,0.000000000000,0.000000000000,0.100000000000,0.289064826318
random,computed_from_baselines_v2_contract,84,CAP-V2_017-TPL_05,V2_017,SEM-B4047E6372E8425A,id,grecas_modular,azul_crema_marron,grecas escalonadas,horizontal,modular,repetitiva,medio,TPL_05,false,26,V2_036,0.945403197965,0.589464595347,-0.355938602618,0.000000000000,0.000000000000,0.038461538462,0.000000000000
random,computed_from_baselines_v2_contract,85,CAP-V2_018-TPL_01,V2_018,SEM-8DD56A09C7883053,id,grecas_modular,ocre_marron_negro,grecas escalonadas,horizontal,modular,repetitiva,medio,TPL_01,true,21,V2_023,0.998866838634,0.648884718642,-0.349982119992,0.000000000000,0.000000000000,0.047619047619,0.000000000000
random,computed_from_baselines_v2_contract,86,CAP-V2_018-TPL_02,V2_018,SEM-8DD56A09C7883053,id,grecas_modular,ocre_marron_negro,grecas escalonadas,horizontal,modular,repetitiva,medio,TPL_02,false,24,V2_028,0.944909883963,0.481008378024,-0.463901505939,0.000000000000,0.000000000000,0.041666666667,0.000000000000
random,computed_from_baselines_v2_contract,87,CAP-V2_018-TPL_03,V2_018,SEM-8DD56A09C7883053,id,grecas_modular,ocre_marron_negro,grecas escalonadas,horizontal,modular,repetitiva,medio,TPL_03,false,33,V2_006,0.962642059157,0.473511441772,-0.489130617385,0.000000000000,0.000000000000,0.030303030303,0.000000000000
random,computed_from_baselines_v2_contract,88,CAP-V2_018-TPL_04,V2_018,SEM-8DD56A09C7883053,id,grecas_modular,ocre_marron_negro,grecas escalonadas,horizontal,modular,repetitiva,medio,TPL_04,false,38,V2_024,0.992648218688,0.288382695920,-0.704265522768,0.000000000000,0.000000000000,0.026315789474,0.000000000000
random,computed_from_baselines_v2_contract,89,CAP-V2_018-TPL_05,V2_018,SEM-8DD56A09C7883053,id,grecas_modular,ocre_marron_negro,grecas escalonadas,horizontal,modular,repetitiva,medio,TPL_05,false,27,V2_016,0.969782713431,0.572666377981,-0.397116335451,0.000000000000,0.000000000000,0.037037037037,0.000000000000
random,computed_from_baselines_v2_contract,90,CAP-V2_019-TPL_01,V2_019,SEM-92B4FA22CEDB29E6,id,grecas_modular,blanco_negro_gris,grecas escalonadas,horizontal,modular,repetitiva,medio,TPL_01,true,53,V2_005,0.990383393200,0.062566938344,-0.927816454856,0.000000000000,0.000000000000,0.018867924528,0.000000000000
random,computed_from_baselines_v2_contract,91,CAP-V2_019-TPL_02,V2_019,SEM-92B4FA22CEDB29E6,id,grecas_modular,blanco_negro_gris,grecas escalonadas,horizontal,modular,repetitiva,medio,TPL_02,false,3,V2_027,0.988812357790,0.973016515468,-0.015795842322,0.000000000000,1.000000000000,0.333333333333,0.500000000000
random,computed_from_baselines_v2_contract,92,CAP-V2_019-TPL_03,V2_019,SEM-92B4FA22CEDB29E6,id,grecas_modular,blanco_negro_gris,grecas escalonadas,horizontal,modular,repetitiva,medio,TPL_03,false,8,V2_022,0.997592128993,0.882221181999,-0.115370946994,0.000000000000,0.000000000000,0.125000000000,0.315464876786
random,computed_from_baselines_v2_contract,93,CAP-V2_019-TPL_04,V2_019,SEM-92B4FA22CEDB29E6,id,grecas_modular,blanco_negro_gris,grecas escalonadas,horizontal,modular,repetitiva,medio,TPL_04,false,10,V2_037,0.989659216028,0.874121337672,-0.115537878356,0.000000000000,0.000000000000,0.100000000000,0.289064826318
random,computed_from_baselines_v2_contract,94,CAP-V2_019-TPL_05,V2_019,SEM-92B4FA22CEDB29E6,id,grecas_modular,blanco_negro_gris,grecas escalonadas,horizontal,modular,repetitiva,medio,TPL_05,false,53,V2_001,0.985123722117,0.039963518433,-0.945160203684,0.000000000000,0.000000000000,0.018867924528,0.000000000000
random,computed_from_baselines_v2_contract,95,CAP-V2_020-TPL_01,V2_020,SEM-A02450BA65AD4237,id,grecas_modular,multicolor_tierra,grecas escalonadas,horizontal,modular,repetitiva,medio,TPL_01,true,49,V2_043,0.968955430010,0.238128267236,-0.730827162774,0.000000000000,0.000000000000,0.020408163265,0.000000000000
random,computed_from_baselines_v2_contract,96,CAP-V2_020-TPL_02,V2_020,SEM-A02450BA65AD4237,id,grecas_modular,multicolor_tierra,grecas escalonadas,horizontal,modular,repetitiva,medio,TPL_02,false,12,V2_006,0.999700909317,0.898374373981,-0.101326535335,0.000000000000,0.000000000000,0.083333333333,0.000000000000
random,computed_from_baselines_v2_contract,97,CAP-V2_020-TPL_03,V2_020,SEM-A02450BA65AD4237,id,grecas_modular,multicolor_tierra,grecas escalonadas,horizontal,modular,repetitiva,medio,TPL_03,false,37,V2_021,0.956818991373,0.409702672601,-0.547116318771,0.000000000000,0.000000000000,0.027027027027,0.000000000000
random,computed_from_baselines_v2_contract,98,CAP-V2_020-TPL_04,V2_020,SEM-A02450BA65AD4237,id,grecas_modular,multicolor_tierra,grecas escalonadas,horizontal,modular,repetitiva,medio,TPL_04,false,56,V2_043,0.989255924868,0.002292618378,-0.986963306490,0.000000000000,0.000000000000,0.017857142857,0.000000000000
random,computed_from_baselines_v2_contract,99,CAP-V2_020-TPL_05,V2_020,SEM-A02450BA65AD4237,id,grecas_modular,multicolor_tierra,grecas escalonadas,horizontal,modular,repetitiva,medio,TPL_05,false,28,V2_017,0.996251474524,0.516415885292,-0.479835589232,0.000000000000,0.000000000000,0.035714285714,0.000000000000
random,computed_from_baselines_v2_contract,100,CAP-V2_021-TPL_01,V2_021,SEM-C35EEC4AAFF32C4A,id,grid_reticular,rojo_negro_crema,cuadrícula geométrica,bidireccional,reticular,repetitiva,bajo,TPL_01,true,18,V2_004,0.977187644339,0.646235662445,-0.330951981895,0.000000000000,0.000000000000,0.055555555556,0.000000000000
random,computed_from_baselines_v2_contract,101,CAP-V2_021-TPL_02,V2_021,SEM-C35EEC4AAFF32C4A,id,grid_reticular,rojo_negro_crema,cuadrícula geométrica,bidireccional,reticular,repetitiva,bajo,TPL_02,false,17,V2_001,0.987200387123,0.642444580748,-0.344755806375,0.000000000000,0.000000000000,0.058823529412,0.000000000000
random,computed_from_baselines_v2_contract,102,CAP-V2_021-TPL_03,V2_021,SEM-C35EEC4AAFF32C4A,id,grid_reticular,rojo_negro_crema,cuadrícula geométrica,bidireccional,reticular,repetitiva,bajo,TPL_03,false,46,V2_015,0.980046904471,0.120452863379,-0.859594041091,0.000000000000,0.000000000000,0.021739130435,0.000000000000
random,computed_from_baselines_v2_contract,103,CAP-V2_021-TPL_04,V2_021,SEM-C35EEC4AAFF32C4A,id,grid_reticular,rojo_negro_crema,cuadrícula geométrica,bidireccional,reticular,repetitiva,bajo,TPL_04,false,32,V2_052,0.974862874705,0.625656446300,-0.349206428405,0.000000000000,0.000000000000,0.031250000000,0.000000000000
random,computed_from_baselines_v2_contract,104,CAP-V2_021-TPL_05,V2_021,SEM-C35EEC4AAFF32C4A,id,grid_reticular,rojo_negro_crema,cuadrícula geométrica,bidireccional,reticular,repetitiva,bajo,TPL_05,false,4,V2_017,0.983522291318,0.906425398219,-0.077096893099,0.000000000000,1.000000000000,0.250000000000,0.430676558073
random,computed_from_baselines_v2_contract,105,CAP-V2_022-TPL_01,V2_022,SEM-14694FF153156266,id,grid_reticular,azul_crema_marron,cuadrícula geométrica,bidireccional,reticular,repetitiva,bajo,TPL_01,true,56,V2_040,0.964490449775,0.007796808362,-0.956693641413,0.000000000000,0.000000000000,0.017857142857,0.000000000000
random,computed_from_baselines_v2_contract,106,CAP-V2_022-TPL_02,V2_022,SEM-14694FF153156266,id,grid_reticular,azul_crema_marron,cuadrícula geométrica,bidireccional,reticular,repetitiva,bajo,TPL_02,false,33,V2_028,0.973140872300,0.305399676906,-0.667741195394,0.000000000000,0.000000000000,0.030303030303,0.000000000000
random,computed_from_baselines_v2_contract,107,CAP-V2_022-TPL_03,V2_022,SEM-14694FF153156266,id,grid_reticular,azul_crema_marron,cuadrícula geométrica,bidireccional,reticular,repetitiva,bajo,TPL_03,false,1,V2_022,0.972505727452,0.972505727452,0.033238182808,1.000000000000,1.000000000000,1.000000000000,1.000000000000
random,computed_from_baselines_v2_contract,108,CAP-V2_022-TPL_04,V2_022,SEM-14694FF153156266,id,grid_reticular,azul_crema_marron,cuadrícula geométrica,bidireccional,reticular,repetitiva,bajo,TPL_04,false,16,V2_024,0.998755400697,0.681955327081,-0.316800073616,0.000000000000,0.000000000000,0.062500000000,0.000000000000
random,computed_from_baselines_v2_contract,109,CAP-V2_022-TPL_05,V2_022,SEM-14694FF153156266,id,grid_reticular,azul_crema_marron,cuadrícula geométrica,bidireccional,reticular,repetitiva,bajo,TPL_05,false,46,V2_026,0.991385175068,0.174732364162,-0.816652810905,0.000000000000,0.000000000000,0.021739130435,0.000000000000
random,computed_from_baselines_v2_contract,110,CAP-V2_023-TPL_01,V2_023,SEM-E2B97A08DEBB8084,id,grid_reticular,ocre_marron_negro,cuadrícula geométrica,bidireccional,reticular,repetitiva,bajo,TPL_01,true,30,V2_031,0.979247216710,0.583968903602,-0.395278313108,0.000000000000,0.000000000000,0.033333333333,0.000000000000
random,computed_from_baselines_v2_contract,111,CAP-V2_023-TPL_02,V2_023,SEM-E2B97A08DEBB8084,id,grid_reticular,ocre_marron_negro,cuadrícula geométrica,bidireccional,reticular,repetitiva,bajo,TPL_02,false,36,V2_004,0.978194235032,0.331608218158,-0.646586016874,0.000000000000,0.000000000000,0.027777777778,0.000000000000
random,computed_from_baselines_v2_contract,112,CAP-V2_023-TPL_03,V2_023,SEM-E2B97A08DEBB8084,id,grid_reticular,ocre_marron_negro,cuadrícula geométrica,bidireccional,reticular,repetitiva,bajo,TPL_03,false,10,V2_042,0.971538664173,0.841591614859,-0.129947049315,0.000000000000,0.000000000000,0.100000000000,0.289064826318
random,computed_from_baselines_v2_contract,113,CAP-V2_023-TPL_04,V2_023,SEM-E2B97A08DEBB8084,id,grid_reticular,ocre_marron_negro,cuadrícula geométrica,bidireccional,reticular,repetitiva,bajo,TPL_04,false,21,V2_043,0.966006093258,0.574041905390,-0.391964187868,0.000000000000,0.000000000000,0.047619047619,0.000000000000
random,computed_from_baselines_v2_contract,114,CAP-V2_023-TPL_05,V2_023,SEM-E2B97A08DEBB8084,id,grid_reticular,ocre_marron_negro,cuadrícula geométrica,bidireccional,reticular,repetitiva,bajo,TPL_05,false,20,V2_006,0.961251770526,0.586972065881,-0.374279704645,0.000000000000,0.000000000000,0.050000000000,0.000000000000
random,computed_from_baselines_v2_contract,115,CAP-V2_024-TPL_01,V2_024,SEM-E18D189C6A8F47C1,id,grid_reticular,blanco_negro_gris,cuadrícula geométrica,bidireccional,reticular,repetitiva,bajo,TPL_01,true,47,V2_034,0.974857451921,0.139989698606,-0.834867753315,0.000000000000,0.000000000000,0.021276595745,0.000000000000
random,computed_from_baselines_v2_contract,116,CAP-V2_024-TPL_02,V2_024,SEM-E18D189C6A8F47C1,id,grid_reticular,blanco_negro_gris,cuadrícula geométrica,bidireccional,reticular,repetitiva,bajo,TPL_02,false,20,V2_047,0.969442967406,0.591190406597,-0.378252560808,0.000000000000,0.000000000000,0.050000000000,0.000000000000
random,computed_from_baselines_v2_contract,117,CAP-V2_024-TPL_03,V2_024,SEM-E18D189C6A8F47C1,id,grid_reticular,blanco_negro_gris,cuadrícula geométrica,bidireccional,reticular,repetitiva,bajo,TPL_03,false,26,V2_019,0.992064186390,0.538827795703,-0.453236390687,0.000000000000,0.000000000000,0.038461538462,0.000000000000
random,computed_from_baselines_v2_contract,118,CAP-V2_024-TPL_04,V2_024,SEM-E18D189C6A8F47C1,id,grid_reticular,blanco_negro_gris,cuadrícula geométrica,bidireccional,reticular,repetitiva,bajo,TPL_04,false,20,V2_033,0.998184380968,0.576256905053,-0.421927475915,0.000000000000,0.000000000000,0.050000000000,0.000000000000
random,computed_from_baselines_v2_contract,119,CAP-V2_024-TPL_05,V2_024,SEM-E18D189C6A8F47C1,id,grid_reticular,blanco_negro_gris,cuadrícula geométrica,bidireccional,reticular,repetitiva,bajo,TPL_05,false,4,V2_036,0.998846885245,0.964167691144,-0.034679194101,0.000000000000,1.000000000000,0.250000000000,0.430676558073
random,computed_from_baselines_v2_contract,120,CAP-V2_025-TPL_01,V2_025,SEM-07F558960B386287,id,grid_reticular,multicolor_tierra,cuadrícula geométrica,bidireccional,reticular,repetitiva,bajo,TPL_01,true,50,V2_012,0.978885188037,0.088579232766,-0.890305955271,0.000000000000,0.000000000000,0.020000000000,0.000000000000
random,computed_from_baselines_v2_contract,121,CAP-V2_025-TPL_02,V2_025,SEM-07F558960B386287,id,grid_reticular,multicolor_tierra,cuadrícula geométrica,bidireccional,reticular,repetitiva,bajo,TPL_02,false,36,V2_042,0.979169231688,0.357478292766,-0.621690938922,0.000000000000,0.000000000000,0.027777777778,0.000000000000
random,computed_from_baselines_v2_contract,122,CAP-V2_025-TPL_03,V2_025,SEM-07F558960B386287,id,grid_reticular,multicolor_tierra,cuadrícula geométrica,bidireccional,reticular,repetitiva,bajo,TPL_03,false,16,V2_005,0.980163366068,0.790476452531,-0.189686913536,0.000000000000,0.000000000000,0.062500000000,0.000000000000
random,computed_from_baselines_v2_contract,123,CAP-V2_025-TPL_04,V2_025,SEM-07F558960B386287,id,grid_reticular,multicolor_tierra,cuadrícula geométrica,bidireccional,reticular,repetitiva,bajo,TPL_04,false,37,V2_001,0.987621941100,0.418169653942,-0.569452287158,0.000000000000,0.000000000000,0.027027027027,0.000000000000
random,computed_from_baselines_v2_contract,124,CAP-V2_025-TPL_05,V2_025,SEM-07F558960B386287,id,grid_reticular,multicolor_tierra,cuadrícula geométrica,bidireccional,reticular,repetitiva,bajo,TPL_05,false,2,V2_051,0.974575895199,0.954678151292,-0.019897743907,0.000000000000,1.000000000000,0.500000000000,0.630929753571
random,computed_from_baselines_v2_contract,125,CAP-V2_026-TPL_01,V2_026,SEM-13F83CA2D0998B44,id,mixed_asymmetric,rojo_negro_crema,motivos geométricos combinados,mixta,mixta,asimétrica,alto,TPL_01,true,43,V2_033,0.985695584921,0.249137043669,-0.736558541252,0.000000000000,0.000000000000,0.023255813953,0.000000000000
random,computed_from_baselines_v2_contract,126,CAP-V2_026-TPL_02,V2_026,SEM-13F83CA2D0998B44,id,mixed_asymmetric,rojo_negro_crema,motivos geométricos combinados,mixta,mixta,asimétrica,alto,TPL_02,false,5,V2_019,0.992615952871,0.930126247872,-0.062489704999,0.000000000000,1.000000000000,0.200000000000,0.386852807235
random,computed_from_baselines_v2_contract,127,CAP-V2_026-TPL_03,V2_026,SEM-13F83CA2D0998B44,id,mixed_asymmetric,rojo_negro_crema,motivos geométricos combinados,mixta,mixta,asimétrica,alto,TPL_03,false,33,V2_002,0.998226969856,0.447442029636,-0.550784940220,0.000000000000,0.000000000000,0.030303030303,0.000000000000
random,computed_from_baselines_v2_contract,128,CAP-V2_026-TPL_04,V2_026,SEM-13F83CA2D0998B44,id,mixed_asymmetric,rojo_negro_crema,motivos geométricos combinados,mixta,mixta,asimétrica,alto,TPL_04,false,24,V2_013,0.999899381254,0.587677161571,-0.412222219683,0.000000000000,0.000000000000,0.041666666667,0.000000000000
random,computed_from_baselines_v2_contract,129,CAP-V2_026-TPL_05,V2_026,SEM-13F83CA2D0998B44,id,mixed_asymmetric,rojo_negro_crema,motivos geométricos combinados,mixta,mixta,asimétrica,alto,TPL_05,false,9,V2_028,0.977015895193,0.900220775858,-0.076795119335,0.000000000000,0.000000000000,0.111111111111,0.301029995664
random,computed_from_baselines_v2_contract,130,CAP-V2_027-TPL_01,V2_027,SEM-A81DDA56894526D2,id,mixed_asymmetric,azul_crema_marron,motivos geométricos combinados,mixta,mixta,asimétrica,alto,TPL_01,true,46,V2_039,0.979939174333,0.125054441983,-0.854884732349,0.000000000000,0.000000000000,0.021739130435,0.000000000000
random,computed_from_baselines_v2_contract,131,CAP-V2_027-TPL_02,V2_027,SEM-A81DDA56894526D2,id,mixed_asymmetric,azul_crema_marron,motivos geométricos combinados,mixta,mixta,asimétrica,alto,TPL_02,false,9,V2_029,0.947480122614,0.831265852250,-0.116214270364,0.000000000000,0.000000000000,0.111111111111,0.301029995664
random,computed_from_baselines_v2_contract,132,CAP-V2_027-TPL_03,V2_027,SEM-A81DDA56894526D2,id,mixed_asymmetric,azul_crema_marron,motivos geométricos combinados,mixta,mixta,asimétrica,alto,TPL_03,false,44,V2_048,0.959789928204,0.189647246752,-0.770142681451,0.000000000000,0.000000000000,0.022727272727,0.000000000000
random,computed_from_baselines_v2_contract,133,CAP-V2_027-TPL_04,V2_027,SEM-A81DDA56894526D2,id,mixed_asymmetric,azul_crema_marron,motivos geométricos combinados,mixta,mixta,asimétrica,alto,TPL_04,false,21,V2_016,0.968817154395,0.689551785661,-0.279265368734,0.000000000000,0.000000000000,0.047619047619,0.000000000000
random,computed_from_baselines_v2_contract,134,CAP-V2_027-TPL_05,V2_027,SEM-A81DDA56894526D2,id,mixed_asymmetric,azul_crema_marron,motivos geométricos combinados,mixta,mixta,asimétrica,alto,TPL_05,false,22,V2_048,0.992538424106,0.601247863668,-0.391290560438,0.000000000000,0.000000000000,0.045454545455,0.000000000000
random,computed_from_baselines_v2_contract,135,CAP-V2_028-TPL_01,V2_028,SEM-395EB585FE6F4A0F,id,mixed_asymmetric,ocre_marron_negro,motivos geométricos combinados,mixta,mixta,asimétrica,alto,TPL_01,true,7,V2_038,0.980990396627,0.868619258255,-0.112371138373,0.000000000000,0.000000000000,0.142857142857,0.333333333333
random,computed_from_baselines_v2_contract,136,CAP-V2_028-TPL_02,V2_028,SEM-395EB585FE6F4A0F,id,mixed_asymmetric,ocre_marron_negro,motivos geométricos combinados,mixta,mixta,asimétrica,alto,TPL_02,false,46,V2_056,0.982545310555,0.196432090418,-0.786113220137,0.000000000000,0.000000000000,0.021739130435,0.000000000000
random,computed_from_baselines_v2_contract,137,CAP-V2_028-TPL_03,V2_028,SEM-395EB585FE6F4A0F,id,mixed_asymmetric,ocre_marron_negro,motivos geométricos combinados,mixta,mixta,asimétrica,alto,TPL_03,false,54,V2_034,0.990915035937,0.070580064639,-0.920334971298,0.000000000000,0.000000000000,0.018518518519,0.000000000000
random,computed_from_baselines_v2_contract,138,CAP-V2_028-TPL_04,V2_028,SEM-395EB585FE6F4A0F,id,mixed_asymmetric,ocre_marron_negro,motivos geométricos combinados,mixta,mixta,asimétrica,alto,TPL_04,false,28,V2_021,0.992182291584,0.518771551435,-0.473410740149,0.000000000000,0.000000000000,0.035714285714,0.000000000000
random,computed_from_baselines_v2_contract,139,CAP-V2_028-TPL_05,V2_028,SEM-395EB585FE6F4A0F,id,mixed_asymmetric,ocre_marron_negro,motivos geométricos combinados,mixta,mixta,asimétrica,alto,TPL_05,false,22,V2_047,0.987199801742,0.603096794476,-0.384103007267,0.000000000000,0.000000000000,0.045454545455,0.000000000000
random,computed_from_baselines_v2_contract,140,CAP-V2_029-TPL_01,V2_029,SEM-4F620F242D17BFDE,id,mixed_asymmetric,blanco_negro_gris,motivos geométricos combinados,mixta,mixta,asimétrica,alto,TPL_01,true,9,V2_044,0.992344429545,0.795363086328,-0.196981343218,0.000000000000,0.000000000000,0.111111111111,0.301029995664
random,computed_from_baselines_v2_contract,141,CAP-V2_029-TPL_02,V2_029,SEM-4F620F242D17BFDE,id,mixed_asymmetric,blanco_negro_gris,motivos geométricos combinados,mixta,mixta,asimétrica,alto,TPL_02,false,46,V2_046,0.992321122383,0.144415472256,-0.847905650128,0.000000000000,0.000000000000,0.021739130435,0.000000000000
random,computed_from_baselines_v2_contract,142,CAP-V2_029-TPL_03,V2_029,SEM-4F620F242D17BFDE,id,mixed_asymmetric,blanco_negro_gris,motivos geométricos combinados,mixta,mixta,asimétrica,alto,TPL_03,false,54,V2_011,0.987000408176,0.029489147226,-0.957511260950,0.000000000000,0.000000000000,0.018518518519,0.000000000000
random,computed_from_baselines_v2_contract,143,CAP-V2_029-TPL_04,V2_029,SEM-4F620F242D17BFDE,id,mixed_asymmetric,blanco_negro_gris,motivos geométricos combinados,mixta,mixta,asimétrica,alto,TPL_04,false,16,V2_055,0.988983467762,0.730796881278,-0.258186586484,0.000000000000,0.000000000000,0.062500000000,0.000000000000
random,computed_from_baselines_v2_contract,144,CAP-V2_029-TPL_05,V2_029,SEM-4F620F242D17BFDE,id,mixed_asymmetric,blanco_negro_gris,motivos geométricos combinados,mixta,mixta,asimétrica,alto,TPL_05,false,36,V2_011,0.971382023139,0.355477878693,-0.615904144446,0.000000000000,0.000000000000,0.027777777778,0.000000000000
random,computed_from_baselines_v2_contract,145,CAP-V2_030-TPL_01,V2_030,SEM-395AFC2FCA575E5C,id,mixed_asymmetric,multicolor_tierra,motivos geométricos combinados,mixta,mixta,asimétrica,alto,TPL_01,true,25,V2_007,0.975305492623,0.593317094788,-0.381988397835,0.000000000000,0.000000000000,0.040000000000,0.000000000000
random,computed_from_baselines_v2_contract,146,CAP-V2_030-TPL_02,V2_030,SEM-395AFC2FCA575E5C,id,mixed_asymmetric,multicolor_tierra,motivos geométricos combinados,mixta,mixta,asimétrica,alto,TPL_02,false,33,V2_007,0.996752653699,0.333300365804,-0.663452287895,0.000000000000,0.000000000000,0.030303030303,0.000000000000
random,computed_from_baselines_v2_contract,147,CAP-V2_030-TPL_03,V2_030,SEM-395AFC2FCA575E5C,id,mixed_asymmetric,multicolor_tierra,motivos geométricos combinados,mixta,mixta,asimétrica,alto,TPL_03,false,4,V2_056,0.935274173870,0.904442536787,-0.030831637083,0.000000000000,1.000000000000,0.250000000000,0.430676558073
random,computed_from_baselines_v2_contract,148,CAP-V2_030-TPL_04,V2_030,SEM-395AFC2FCA575E5C,id,mixed_asymmetric,multicolor_tierra,motivos geométricos combinados,mixta,mixta,asimétrica,alto,TPL_04,false,31,V2_016,0.968883182266,0.507331307866,-0.461551874399,0.000000000000,0.000000000000,0.032258064516,0.000000000000
random,computed_from_baselines_v2_contract,149,CAP-V2_030-TPL_05,V2_030,SEM-395AFC2FCA575E5C,id,mixed_asymmetric,multicolor_tierra,motivos geométricos combinados,mixta,mixta,asimétrica,alto,TPL_05,false,4,V2_028,0.999832118681,0.982040854157,-0.017791264524,0.000000000000,1.000000000000,0.250000000000,0.430676558073
random,computed_from_baselines_v2_contract,150,CAP-V2_031-TPL_01,V2_031,SEM-5385CECF3CA2ED7C,ood_palette,bands_horizontal,verde_ocre_crema,bandas geométricas,horizontal,bandas,repetitiva,bajo,TPL_01,true,16,V2_019,0.995117575791,0.734907438837,-0.260210136953,0.000000000000,0.000000000000,0.062500000000,0.000000000000
random,computed_from_baselines_v2_contract,151,CAP-V2_031-TPL_02,V2_031,SEM-5385CECF3CA2ED7C,ood_palette,bands_horizontal,verde_ocre_crema,bandas geométricas,horizontal,bandas,repetitiva,bajo,TPL_02,false,40,V2_042,0.960521119778,0.302940105865,-0.657581013913,0.000000000000,0.000000000000,0.025000000000,0.000000000000
random,computed_from_baselines_v2_contract,152,CAP-V2_031-TPL_03,V2_031,SEM-5385CECF3CA2ED7C,ood_palette,bands_horizontal,verde_ocre_crema,bandas geométricas,horizontal,bandas,repetitiva,bajo,TPL_03,false,1,V2_031,0.996263117054,0.996263117054,0.005412646531,1.000000000000,1.000000000000,1.000000000000,1.000000000000
random,computed_from_baselines_v2_contract,153,CAP-V2_031-TPL_04,V2_031,SEM-5385CECF3CA2ED7C,ood_palette,bands_horizontal,verde_ocre_crema,bandas geométricas,horizontal,bandas,repetitiva,bajo,TPL_04,false,2,V2_035,0.997539987805,0.992757116797,-0.004782871008,0.000000000000,1.000000000000,0.500000000000,0.630929753571
random,computed_from_baselines_v2_contract,154,CAP-V2_031-TPL_05,V2_031,SEM-5385CECF3CA2ED7C,ood_palette,bands_horizontal,verde_ocre_crema,bandas geométricas,horizontal,bandas,repetitiva,bajo,TPL_05,false,22,V2_012,0.998984265036,0.551563884205,-0.447420380831,0.000000000000,0.000000000000,0.045454545455,0.000000000000
random,computed_from_baselines_v2_contract,155,CAP-V2_032-TPL_01,V2_032,SEM-EBDDE1D48F194248,ood_palette,bands_horizontal,morado_gris_rosa,bandas geométricas,horizontal,bandas,repetitiva,bajo,TPL_01,true,33,V2_034,0.972883189741,0.459445468123,-0.513437721618,0.000000000000,0.000000000000,0.030303030303,0.000000000000
random,computed_from_baselines_v2_contract,156,CAP-V2_032-TPL_02,V2_032,SEM-EBDDE1D48F194248,ood_palette,bands_horizontal,morado_gris_rosa,bandas geométricas,horizontal,bandas,repetitiva,bajo,TPL_02,false,3,V2_042,0.989098712518,0.963820689231,-0.025278023287,0.000000000000,1.000000000000,0.333333333333,0.500000000000
random,computed_from_baselines_v2_contract,157,CAP-V2_032-TPL_03,V2_032,SEM-EBDDE1D48F194248,ood_palette,bands_horizontal,morado_gris_rosa,bandas geométricas,horizontal,bandas,repetitiva,bajo,TPL_03,false,40,V2_051,0.974677294572,0.290247853390,-0.684429441182,0.000000000000,0.000000000000,0.025000000000,0.000000000000
random,computed_from_baselines_v2_contract,158,CAP-V2_032-TPL_04,V2_032,SEM-EBDDE1D48F194248,ood_palette,bands_horizontal,morado_gris_rosa,bandas geométricas,horizontal,bandas,repetitiva,bajo,TPL_04,false,3,V2_021,0.988390310638,0.951402800194,-0.036987510444,0.000000000000,1.000000000000,0.333333333333,0.500000000000
random,computed_from_baselines_v2_contract,159,CAP-V2_032-TPL_05,V2_032,SEM-EBDDE1D48F194248,ood_palette,bands_horizontal,morado_gris_rosa,bandas geométricas,horizontal,bandas,repetitiva,bajo,TPL_05,false,48,V2_033,0.999589735318,0.284035755686,-0.715553979631,0.000000000000,0.000000000000,0.020833333333,0.000000000000
random,computed_from_baselines_v2_contract,160,CAP-V2_033-TPL_01,V2_033,SEM-5B7B82044BDAE8EB,ood_palette,bands_vertical,verde_ocre_crema,bandas geométricas,vertical,bandas,repetitiva,bajo,TPL_01,true,33,V2_029,0.999999182210,0.384570785298,-0.615428396912,0.000000000000,0.000000000000,0.030303030303,0.000000000000
random,computed_from_baselines_v2_contract,161,CAP-V2_033-TPL_02,V2_033,SEM-5B7B82044BDAE8EB,ood_palette,bands_vertical,verde_ocre_crema,bandas geométricas,vertical,bandas,repetitiva,bajo,TPL_02,false,18,V2_030,0.995776270651,0.626659450046,-0.369116820605,0.000000000000,0.000000000000,0.055555555556,0.000000000000
random,computed_from_baselines_v2_contract,162,CAP-V2_033-TPL_03,V2_033,SEM-5B7B82044BDAE8EB,ood_palette,bands_vertical,verde_ocre_crema,bandas geométricas,vertical,bandas,repetitiva,bajo,TPL_03,false,49,V2_040,0.963029315352,0.149650475478,-0.813378839874,0.000000000000,0.000000000000,0.020408163265,0.000000000000
random,computed_from_baselines_v2_contract,163,CAP-V2_033-TPL_04,V2_033,SEM-5B7B82044BDAE8EB,ood_palette,bands_vertical,verde_ocre_crema,bandas geométricas,vertical,bandas,repetitiva,bajo,TPL_04,false,33,V2_045,0.994425209314,0.408827345907,-0.585597863407,0.000000000000,0.000000000000,0.030303030303,0.000000000000
random,computed_from_baselines_v2_contract,164,CAP-V2_033-TPL_05,V2_033,SEM-5B7B82044BDAE8EB,ood_palette,bands_vertical,verde_ocre_crema,bandas geométricas,vertical,bandas,repetitiva,bajo,TPL_05,false,25,V2_006,0.995016938852,0.509349560898,-0.485667377953,0.000000000000,0.000000000000,0.040000000000,0.000000000000
random,computed_from_baselines_v2_contract,165,CAP-V2_034-TPL_01,V2_034,SEM-E53EDC29A9BA52BC,ood_palette,bands_vertical,morado_gris_rosa,bandas geométricas,vertical,bandas,repetitiva,bajo,TPL_01,true,30,V2_047,0.988113313453,0.581958314098,-0.406154999355,0.000000000000,0.000000000000,0.033333333333,0.000000000000
random,computed_from_baselines_v2_contract,166,CAP-V2_034-TPL_02,V2_034,SEM-E53EDC29A9BA52BC,ood_palette,bands_vertical,morado_gris_rosa,bandas geométricas,vertical,bandas,repetitiva,bajo,TPL_02,false,16,V2_023,0.985353130668,0.698745002835,-0.286608127833,0.000000000000,0.000000000000,0.062500000000,0.000000000000
random,computed_from_baselines_v2_contract,167,CAP-V2_034-TPL_03,V2_034,SEM-E53EDC29A9BA52BC,ood_palette,bands_vertical,morado_gris_rosa,bandas geométricas,vertical,bandas,repetitiva,bajo,TPL_03,false,12,V2_037,0.987052123575,0.727391395004,-0.259660728570,0.000000000000,0.000000000000,0.083333333333,0.000000000000
random,computed_from_baselines_v2_contract,168,CAP-V2_034-TPL_04,V2_034,SEM-E53EDC29A9BA52BC,ood_palette,bands_vertical,morado_gris_rosa,bandas geométricas,vertical,bandas,repetitiva,bajo,TPL_04,false,19,V2_012,0.995384049616,0.714058015869,-0.281326033747,0.000000000000,0.000000000000,0.052631578947,0.000000000000
random,computed_from_baselines_v2_contract,169,CAP-V2_034-TPL_05,V2_034,SEM-E53EDC29A9BA52BC,ood_palette,bands_vertical,morado_gris_rosa,bandas geométricas,vertical,bandas,repetitiva,bajo,TPL_05,false,40,V2_014,0.972127689127,0.286209642564,-0.685918046562,0.000000000000,0.000000000000,0.025000000000,0.000000000000
random,computed_from_baselines_v2_contract,170,CAP-V2_035-TPL_01,V2_035,SEM-FFE7DFAAFAF2AC61,ood_palette,diamonds_central,verde_ocre_crema,rombos,diagonal,central,bilateral,medio,TPL_01,true,51,V2_032,0.986734372708,0.209358933410,-0.777375439298,0.000000000000,0.000000000000,0.019607843137,0.000000000000
random,computed_from_baselines_v2_contract,171,CAP-V2_035-TPL_02,V2_035,SEM-FFE7DFAAFAF2AC61,ood_palette,diamonds_central,verde_ocre_crema,rombos,diagonal,central,bilateral,medio,TPL_02,false,1,V2_035,0.992290433638,0.992290433638,0.012927333122,1.000000000000,1.000000000000,1.000000000000,1.000000000000
random,computed_from_baselines_v2_contract,172,CAP-V2_035-TPL_03,V2_035,SEM-FFE7DFAAFAF2AC61,ood_palette,diamonds_central,verde_ocre_crema,rombos,diagonal,central,bilateral,medio,TPL_03,false,36,V2_010,0.992041195858,0.417959956583,-0.574081239276,0.000000000000,0.000000000000,0.027777777778,0.000000000000
random,computed_from_baselines_v2_contract,173,CAP-V2_035-TPL_04,V2_035,SEM-FFE7DFAAFAF2AC61,ood_palette,diamonds_central,verde_ocre_crema,rombos,diagonal,central,bilateral,medio,TPL_04,false,55,V2_012,0.971212023048,0.031443013606,-0.939769009442,0.000000000000,0.000000000000,0.018181818182,0.000000000000
random,computed_from_baselines_v2_contract,174,CAP-V2_035-TPL_05,V2_035,SEM-FFE7DFAAFAF2AC61,ood_palette,diamonds_central,verde_ocre_crema,rombos,diagonal,central,bilateral,medio,TPL_05,false,4,V2_027,0.984235882624,0.928664839153,-0.055571043471,0.000000000000,1.000000000000,0.250000000000,0.430676558073
random,computed_from_baselines_v2_contract,175,CAP-V2_036-TPL_01,V2_036,SEM-A391BDC002181DD1,ood_palette,diamonds_central,morado_gris_rosa,rombos,diagonal,central,bilateral,medio,TPL_01,true,21,V2_023,0.938277153888,0.672855228900,-0.265421924987,0.000000000000,0.000000000000,0.047619047619,0.000000000000
random,computed_from_baselines_v2_contract,176,CAP-V2_036-TPL_02,V2_036,SEM-A391BDC002181DD1,ood_palette,diamonds_central,morado_gris_rosa,rombos,diagonal,central,bilateral,medio,TPL_02,false,24,V2_021,0.997605154615,0.478426961271,-0.519178193345,0.000000000000,0.000000000000,0.041666666667,0.000000000000
random,computed_from_baselines_v2_contract,177,CAP-V2_036-TPL_03,V2_036,SEM-A391BDC002181DD1,ood_palette,diamonds_central,morado_gris_rosa,rombos,diagonal,central,bilateral,medio,TPL_03,false,38,V2_034,0.998769355918,0.420469739555,-0.578299616363,0.000000000000,0.000000000000,0.026315789474,0.000000000000
random,computed_from_baselines_v2_contract,178,CAP-V2_036-TPL_04,V2_036,SEM-A391BDC002181DD1,ood_palette,diamonds_central,morado_gris_rosa,rombos,diagonal,central,bilateral,medio,TPL_04,false,23,V2_006,0.987406887731,0.495668845517,-0.491738042215,0.000000000000,0.000000000000,0.043478260870,0.000000000000
random,computed_from_baselines_v2_contract,179,CAP-V2_036-TPL_05,V2_036,SEM-A391BDC002181DD1,ood_palette,diamonds_central,morado_gris_rosa,rombos,diagonal,central,bilateral,medio,TPL_05,false,30,V2_042,0.993679176724,0.382902837737,-0.610776338987,0.000000000000,0.000000000000,0.033333333333,0.000000000000
random,computed_from_baselines_v2_contract,180,CAP-V2_037-TPL_01,V2_037,SEM-5300F3F8950CB672,ood_palette,grecas_modular,verde_ocre_crema,grecas escalonadas,horizontal,modular,repetitiva,medio,TPL_01,true,35,V2_039,0.981152998731,0.431187568306,-0.549965430425,0.000000000000,0.000000000000,0.028571428571,0.000000000000
random,computed_from_baselines_v2_contract,181,CAP-V2_037-TPL_02,V2_037,SEM-5300F3F8950CB672,ood_palette,grecas_modular,verde_ocre_crema,grecas escalonadas,horizontal,modular,repetitiva,medio,TPL_02,false,24,V2_008,0.981880406807,0.534946119396,-0.446934287410,0.000000000000,0.000000000000,0.041666666667,0.000000000000
random,computed_from_baselines_v2_contract,182,CAP-V2_037-TPL_03,V2_037,SEM-5300F3F8950CB672,ood_palette,grecas_modular,verde_ocre_crema,grecas escalonadas,horizontal,modular,repetitiva,medio,TPL_03,false,51,V2_035,0.970047466713,0.072506792739,-0.897540673974,0.000000000000,0.000000000000,0.019607843137,0.000000000000
random,computed_from_baselines_v2_contract,183,CAP-V2_037-TPL_04,V2_037,SEM-5300F3F8950CB672,ood_palette,grecas_modular,verde_ocre_crema,grecas escalonadas,horizontal,modular,repetitiva,medio,TPL_04,false,12,V2_046,0.980694707480,0.791559630045,-0.189135077435,0.000000000000,0.000000000000,0.083333333333,0.000000000000
random,computed_from_baselines_v2_contract,184,CAP-V2_037-TPL_05,V2_037,SEM-5300F3F8950CB672,ood_palette,grecas_modular,verde_ocre_crema,grecas escalonadas,horizontal,modular,repetitiva,medio,TPL_05,false,46,V2_055,0.953137768795,0.143580165745,-0.809557603049,0.000000000000,0.000000000000,0.021739130435,0.000000000000
random,computed_from_baselines_v2_contract,185,CAP-V2_038-TPL_01,V2_038,SEM-2D499E7E496213F7,ood_palette,grecas_modular,morado_gris_rosa,grecas escalonadas,horizontal,modular,repetitiva,medio,TPL_01,true,46,V2_009,0.988275510027,0.181438428535,-0.806837081492,0.000000000000,0.000000000000,0.021739130435,0.000000000000
random,computed_from_baselines_v2_contract,186,CAP-V2_038-TPL_02,V2_038,SEM-2D499E7E496213F7,ood_palette,grecas_modular,morado_gris_rosa,grecas escalonadas,horizontal,modular,repetitiva,medio,TPL_02,false,44,V2_040,0.982727003461,0.120465938309,-0.862261065152,0.000000000000,0.000000000000,0.022727272727,0.000000000000
random,computed_from_baselines_v2_contract,187,CAP-V2_038-TPL_03,V2_038,SEM-2D499E7E496213F7,ood_palette,grecas_modular,morado_gris_rosa,grecas escalonadas,horizontal,modular,repetitiva,medio,TPL_03,false,9,V2_042,0.965963567304,0.744970543748,-0.220993023556,0.000000000000,0.000000000000,0.111111111111,0.301029995664
random,computed_from_baselines_v2_contract,188,CAP-V2_038-TPL_04,V2_038,SEM-2D499E7E496213F7,ood_palette,grecas_modular,morado_gris_rosa,grecas escalonadas,horizontal,modular,repetitiva,medio,TPL_04,false,36,V2_048,0.960304222303,0.326261040403,-0.634043181900,0.000000000000,0.000000000000,0.027777777778,0.000000000000
random,computed_from_baselines_v2_contract,189,CAP-V2_038-TPL_05,V2_038,SEM-2D499E7E496213F7,ood_palette,grecas_modular,morado_gris_rosa,grecas escalonadas,horizontal,modular,repetitiva,medio,TPL_05,false,47,V2_046,0.976357675687,0.288541342231,-0.687816333457,0.000000000000,0.000000000000,0.021276595745,0.000000000000
random,computed_from_baselines_v2_contract,190,CAP-V2_039-TPL_01,V2_039,SEM-99B04CC5A7706E4B,ood_palette,grid_reticular,verde_ocre_crema,cuadrícula geométrica,bidireccional,reticular,repetitiva,bajo,TPL_01,true,53,V2_013,0.957690659301,0.106600416592,-0.851090242709,0.000000000000,0.000000000000,0.018867924528,0.000000000000
random,computed_from_baselines_v2_contract,191,CAP-V2_039-TPL_02,V2_039,SEM-99B04CC5A7706E4B,ood_palette,grid_reticular,verde_ocre_crema,cuadrícula geométrica,bidireccional,reticular,repetitiva,bajo,TPL_02,false,2,V2_036,0.986331186926,0.979648441479,-0.006682745448,0.000000000000,1.000000000000,0.500000000000,0.630929753571
random,computed_from_baselines_v2_contract,192,CAP-V2_039-TPL_03,V2_039,SEM-99B04CC5A7706E4B,ood_palette,grid_reticular,verde_ocre_crema,cuadrícula geométrica,bidireccional,reticular,repetitiva,bajo,TPL_03,false,46,V2_037,0.993602185224,0.243274994959,-0.750327190266,0.000000000000,0.000000000000,0.021739130435,0.000000000000
random,computed_from_baselines_v2_contract,193,CAP-V2_039-TPL_04,V2_039,SEM-99B04CC5A7706E4B,ood_palette,grid_reticular,verde_ocre_crema,cuadrícula geométrica,bidireccional,reticular,repetitiva,bajo,TPL_04,false,10,V2_019,0.995874466765,0.811497029406,-0.184377437359,0.000000000000,0.000000000000,0.100000000000,0.289064826318
random,computed_from_baselines_v2_contract,194,CAP-V2_039-TPL_05,V2_039,SEM-99B04CC5A7706E4B,ood_palette,grid_reticular,verde_ocre_crema,cuadrícula geométrica,bidireccional,reticular,repetitiva,bajo,TPL_05,false,37,V2_030,0.995394153793,0.468798268841,-0.526595884952,0.000000000000,0.000000000000,0.027027027027,0.000000000000
random,computed_from_baselines_v2_contract,195,CAP-V2_040-TPL_01,V2_040,SEM-55B6A0B004427F80,ood_palette,grid_reticular,morado_gris_rosa,cuadrícula geométrica,bidireccional,reticular,repetitiva,bajo,TPL_01,true,23,V2_052,0.997487953797,0.575106032837,-0.422381920961,0.000000000000,0.000000000000,0.043478260870,0.000000000000
random,computed_from_baselines_v2_contract,196,CAP-V2_040-TPL_02,V2_040,SEM-55B6A0B004427F80,ood_palette,grid_reticular,morado_gris_rosa,cuadrícula geométrica,bidireccional,reticular,repetitiva,bajo,TPL_02,false,2,V2_010,0.975551869079,0.954546832669,-0.021005036411,0.000000000000,1.000000000000,0.500000000000,0.630929753571
random,computed_from_baselines_v2_contract,197,CAP-V2_040-TPL_03,V2_040,SEM-55B6A0B004427F80,ood_palette,grid_reticular,morado_gris_rosa,cuadrícula geométrica,bidireccional,reticular,repetitiva,bajo,TPL_03,false,5,V2_017,0.985393170490,0.907488253440,-0.077904917051,0.000000000000,1.000000000000,0.200000000000,0.386852807235
random,computed_from_baselines_v2_contract,198,CAP-V2_040-TPL_04,V2_040,SEM-55B6A0B004427F80,ood_palette,grid_reticular,morado_gris_rosa,cuadrícula geométrica,bidireccional,reticular,repetitiva,bajo,TPL_04,false,16,V2_017,0.999532580368,0.597586196469,-0.401946383899,0.000000000000,0.000000000000,0.062500000000,0.000000000000
random,computed_from_baselines_v2_contract,199,CAP-V2_040-TPL_05,V2_040,SEM-55B6A0B004427F80,ood_palette,grid_reticular,morado_gris_rosa,cuadrícula geométrica,bidireccional,reticular,repetitiva,bajo,TPL_05,false,46,V2_041,0.977925710988,0.159694690340,-0.818231020648,0.000000000000,0.000000000000,0.021739130435,0.000000000000
random,computed_from_baselines_v2_contract,200,CAP-V2_041-TPL_01,V2_041,SEM-7182256D7B84CB51,ood_palette,mixed_asymmetric,verde_ocre_crema,motivos geométricos combinados,mixta,mixta,asimétrica,alto,TPL_01,true,35,V2_034,0.995128883003,0.392152869861,-0.602976013142,0.000000000000,0.000000000000,0.028571428571,0.000000000000
random,computed_from_baselines_v2_contract,201,CAP-V2_041-TPL_02,V2_041,SEM-7182256D7B84CB51,ood_palette,mixed_asymmetric,verde_ocre_crema,motivos geométricos combinados,mixta,mixta,asimétrica,alto,TPL_02,false,21,V2_026,0.973007755083,0.564146192575,-0.408861562508,0.000000000000,0.000000000000,0.047619047619,0.000000000000
random,computed_from_baselines_v2_contract,202,CAP-V2_041-TPL_03,V2_041,SEM-7182256D7B84CB51,ood_palette,mixed_asymmetric,verde_ocre_crema,motivos geométricos combinados,mixta,mixta,asimétrica,alto,TPL_03,false,25,V2_046,0.991037107209,0.536984067845,-0.454053039364,0.000000000000,0.000000000000,0.040000000000,0.000000000000
random,computed_from_baselines_v2_contract,203,CAP-V2_041-TPL_04,V2_041,SEM-7182256D7B84CB51,ood_palette,mixed_asymmetric,verde_ocre_crema,motivos geométricos combinados,mixta,mixta,asimétrica,alto,TPL_04,false,28,V2_008,0.996486339321,0.532523936300,-0.463962403021,0.000000000000,0.000000000000,0.035714285714,0.000000000000
random,computed_from_baselines_v2_contract,204,CAP-V2_041-TPL_05,V2_041,SEM-7182256D7B84CB51,ood_palette,mixed_asymmetric,verde_ocre_crema,motivos geométricos combinados,mixta,mixta,asimétrica,alto,TPL_05,false,3,V2_001,0.959313797113,0.940627510370,-0.018686286743,0.000000000000,1.000000000000,0.333333333333,0.500000000000
random,computed_from_baselines_v2_contract,205,CAP-V2_042-TPL_01,V2_042,SEM-E7CF6ADDFBA2B989,ood_palette,mixed_asymmetric,morado_gris_rosa,motivos geométricos combinados,mixta,mixta,asimétrica,alto,TPL_01,true,22,V2_028,0.984716262276,0.582238573942,-0.402477688333,0.000000000000,0.000000000000,0.045454545455,0.000000000000
random,computed_from_baselines_v2_contract,206,CAP-V2_042-TPL_02,V2_042,SEM-E7CF6ADDFBA2B989,ood_palette,mixed_asymmetric,morado_gris_rosa,motivos geométricos combinados,mixta,mixta,asimétrica,alto,TPL_02,false,39,V2_004,0.936277362854,0.324225061814,-0.612052301039,0.000000000000,0.000000000000,0.025641025641,0.000000000000
random,computed_from_baselines_v2_contract,207,CAP-V2_042-TPL_03,V2_042,SEM-E7CF6ADDFBA2B989,ood_palette,mixed_asymmetric,morado_gris_rosa,motivos geométricos combinados,mixta,mixta,asimétrica,alto,TPL_03,false,31,V2_022,0.982073644483,0.434098654385,-0.547974990098,0.000000000000,0.000000000000,0.032258064516,0.000000000000
random,computed_from_baselines_v2_contract,208,CAP-V2_042-TPL_04,V2_042,SEM-E7CF6ADDFBA2B989,ood_palette,mixed_asymmetric,morado_gris_rosa,motivos geométricos combinados,mixta,mixta,asimétrica,alto,TPL_04,false,42,V2_021,0.997696499090,0.221685783645,-0.776010715445,0.000000000000,0.000000000000,0.023809523810,0.000000000000
random,computed_from_baselines_v2_contract,209,CAP-V2_042-TPL_05,V2_042,SEM-E7CF6ADDFBA2B989,ood_palette,mixed_asymmetric,morado_gris_rosa,motivos geométricos combinados,mixta,mixta,asimétrica,alto,TPL_05,false,16,V2_043,0.941398639570,0.674034639794,-0.267363999775,0.000000000000,0.000000000000,0.062500000000,0.000000000000
random,computed_from_baselines_v2_contract,210,CAP-V2_043-TPL_01,V2_043,SEM-56C4D842DA98D20F,ood_pattern,chevrons_diagonal,rojo_negro_crema,chevrones,diagonal,bandas,repetitiva,medio,TPL_01,true,40,V2_044,0.996480210687,0.455918458129,-0.540561752558,0.000000000000,0.000000000000,0.025000000000,0.000000000000
random,computed_from_baselines_v2_contract,211,CAP-V2_043-TPL_02,V2_043,SEM-56C4D842DA98D20F,ood_pattern,chevrons_diagonal,rojo_negro_crema,chevrones,diagonal,bandas,repetitiva,medio,TPL_02,false,22,V2_025,0.989622151046,0.680505031624,-0.309117119422,0.000000000000,0.000000000000,0.045454545455,0.000000000000
random,computed_from_baselines_v2_contract,212,CAP-V2_043-TPL_03,V2_043,SEM-56C4D842DA98D20F,ood_pattern,chevrons_diagonal,rojo_negro_crema,chevrones,diagonal,bandas,repetitiva,medio,TPL_03,false,40,V2_018,0.991880554189,0.275787805378,-0.716092748811,0.000000000000,0.000000000000,0.025000000000,0.000000000000
random,computed_from_baselines_v2_contract,213,CAP-V2_043-TPL_04,V2_043,SEM-56C4D842DA98D20F,ood_pattern,chevrons_diagonal,rojo_negro_crema,chevrones,diagonal,bandas,repetitiva,medio,TPL_04,false,14,V2_023,0.962316609699,0.752580587581,-0.209736022119,0.000000000000,0.000000000000,0.071428571429,0.000000000000
random,computed_from_baselines_v2_contract,214,CAP-V2_043-TPL_05,V2_043,SEM-56C4D842DA98D20F,ood_pattern,chevrons_diagonal,rojo_negro_crema,chevrones,diagonal,bandas,repetitiva,medio,TPL_05,false,11,V2_014,0.931012368995,0.669922496129,-0.261089872866,0.000000000000,0.000000000000,0.090909090909,0.000000000000
random,computed_from_baselines_v2_contract,215,CAP-V2_044-TPL_01,V2_044,SEM-14E04EF9E89810AE,ood_pattern,chevrons_diagonal,azul_crema_marron,chevrones,diagonal,bandas,repetitiva,medio,TPL_01,true,10,V2_024,0.990792803651,0.865985246517,-0.124807557134,0.000000000000,0.000000000000,0.100000000000,0.289064826318
random,computed_from_baselines_v2_contract,216,CAP-V2_044-TPL_02,V2_044,SEM-14E04EF9E89810AE,ood_pattern,chevrons_diagonal,azul_crema_marron,chevrones,diagonal,bandas,repetitiva,medio,TPL_02,false,8,V2_030,0.988624440242,0.955610736493,-0.033013703749,0.000000000000,0.000000000000,0.125000000000,0.315464876786
random,computed_from_baselines_v2_contract,217,CAP-V2_044-TPL_03,V2_044,SEM-14E04EF9E89810AE,ood_pattern,chevrons_diagonal,azul_crema_marron,chevrones,diagonal,bandas,repetitiva,medio,TPL_03,false,47,V2_028,0.990357521711,0.260026307059,-0.730331214652,0.000000000000,0.000000000000,0.021276595745,0.000000000000
random,computed_from_baselines_v2_contract,218,CAP-V2_044-TPL_04,V2_044,SEM-14E04EF9E89810AE,ood_pattern,chevrons_diagonal,azul_crema_marron,chevrones,diagonal,bandas,repetitiva,medio,TPL_04,false,39,V2_020,0.988075265909,0.222217167324,-0.765858098585,0.000000000000,0.000000000000,0.025641025641,0.000000000000
random,computed_from_baselines_v2_contract,219,CAP-V2_044-TPL_05,V2_044,SEM-14E04EF9E89810AE,ood_pattern,chevrons_diagonal,azul_crema_marron,chevrones,diagonal,bandas,repetitiva,medio,TPL_05,false,52,V2_015,0.968539056627,0.074672249440,-0.893866807187,0.000000000000,0.000000000000,0.019230769231,0.000000000000
random,computed_from_baselines_v2_contract,220,CAP-V2_045-TPL_01,V2_045,SEM-65762749FD7D9D05,ood_pattern,chevrons_diagonal,ocre_marron_negro,chevrones,diagonal,bandas,repetitiva,medio,TPL_01,true,8,V2_013,0.999324011050,0.888417504155,-0.110906506895,0.000000000000,0.000000000000,0.125000000000,0.315464876786
random,computed_from_baselines_v2_contract,221,CAP-V2_045-TPL_02,V2_045,SEM-65762749FD7D9D05,ood_pattern,chevrons_diagonal,ocre_marron_negro,chevrones,diagonal,bandas,repetitiva,medio,TPL_02,false,8,V2_046,0.988675910322,0.872843996745,-0.115831913577,0.000000000000,0.000000000000,0.125000000000,0.315464876786
random,computed_from_baselines_v2_contract,222,CAP-V2_045-TPL_03,V2_045,SEM-65762749FD7D9D05,ood_pattern,chevrons_diagonal,ocre_marron_negro,chevrones,diagonal,bandas,repetitiva,medio,TPL_03,false,31,V2_019,0.996428731267,0.434667796658,-0.561760934609,0.000000000000,0.000000000000,0.032258064516,0.000000000000
random,computed_from_baselines_v2_contract,223,CAP-V2_045-TPL_04,V2_045,SEM-65762749FD7D9D05,ood_pattern,chevrons_diagonal,ocre_marron_negro,chevrones,diagonal,bandas,repetitiva,medio,TPL_04,false,33,V2_042,0.998575683209,0.353597747901,-0.644977935308,0.000000000000,0.000000000000,0.030303030303,0.000000000000
random,computed_from_baselines_v2_contract,224,CAP-V2_045-TPL_05,V2_045,SEM-65762749FD7D9D05,ood_pattern,chevrons_diagonal,ocre_marron_negro,chevrones,diagonal,bandas,repetitiva,medio,TPL_05,false,46,V2_002,0.986284639376,0.127503252778,-0.858781386598,0.000000000000,0.000000000000,0.021739130435,0.000000000000
random,computed_from_baselines_v2_contract,225,CAP-V2_046-TPL_01,V2_046,SEM-C6432B9E4CDBB5A7,ood_pattern,chevrons_diagonal,blanco_negro_gris,chevrones,diagonal,bandas,repetitiva,medio,TPL_01,true,51,V2_019,0.977330692989,0.106813974200,-0.870516718789,0.000000000000,0.000000000000,0.019607843137,0.000000000000
random,computed_from_baselines_v2_contract,226,CAP-V2_046-TPL_02,V2_046,SEM-C6432B9E4CDBB5A7,ood_pattern,chevrons_diagonal,blanco_negro_gris,chevrones,diagonal,bandas,repetitiva,medio,TPL_02,false,47,V2_006,0.991390683228,0.139928345684,-0.851462337544,0.000000000000,0.000000000000,0.021276595745,0.000000000000
random,computed_from_baselines_v2_contract,227,CAP-V2_046-TPL_03,V2_046,SEM-C6432B9E4CDBB5A7,ood_pattern,chevrons_diagonal,blanco_negro_gris,chevrones,diagonal,bandas,repetitiva,medio,TPL_03,false,15,V2_053,0.966936217834,0.759143079626,-0.207793138208,0.000000000000,0.000000000000,0.066666666667,0.000000000000
random,computed_from_baselines_v2_contract,228,CAP-V2_046-TPL_04,V2_046,SEM-C6432B9E4CDBB5A7,ood_pattern,chevrons_diagonal,blanco_negro_gris,chevrones,diagonal,bandas,repetitiva,medio,TPL_04,false,46,V2_042,0.999340512683,0.210252339498,-0.789088173184,0.000000000000,0.000000000000,0.021739130435,0.000000000000
random,computed_from_baselines_v2_contract,229,CAP-V2_046-TPL_05,V2_046,SEM-C6432B9E4CDBB5A7,ood_pattern,chevrons_diagonal,blanco_negro_gris,chevrones,diagonal,bandas,repetitiva,medio,TPL_05,false,44,V2_034,0.976038773512,0.281542700892,-0.694496072620,0.000000000000,0.000000000000,0.022727272727,0.000000000000
random,computed_from_baselines_v2_contract,230,CAP-V2_047-TPL_01,V2_047,SEM-2FFA4D814BEBCF16,ood_pattern,chevrons_diagonal,multicolor_tierra,chevrones,diagonal,bandas,repetitiva,medio,TPL_01,true,9,V2_030,0.996683645442,0.869283055924,-0.127400589518,0.000000000000,0.000000000000,0.111111111111,0.301029995664
random,computed_from_baselines_v2_contract,231,CAP-V2_047-TPL_02,V2_047,SEM-2FFA4D814BEBCF16,ood_pattern,chevrons_diagonal,multicolor_tierra,chevrones,diagonal,bandas,repetitiva,medio,TPL_02,false,12,V2_006,0.980347338686,0.680678198831,-0.299669139856,0.000000000000,0.000000000000,0.083333333333,0.000000000000
random,computed_from_baselines_v2_contract,232,CAP-V2_047-TPL_03,V2_047,SEM-2FFA4D814BEBCF16,ood_pattern,chevrons_diagonal,multicolor_tierra,chevrones,diagonal,bandas,repetitiva,medio,TPL_03,false,32,V2_024,0.989695632528,0.466448477491,-0.523247155038,0.000000000000,0.000000000000,0.031250000000,0.000000000000
random,computed_from_baselines_v2_contract,233,CAP-V2_047-TPL_04,V2_047,SEM-2FFA4D814BEBCF16,ood_pattern,chevrons_diagonal,multicolor_tierra,chevrones,diagonal,bandas,repetitiva,medio,TPL_04,false,22,V2_023,0.985086250286,0.574722789501,-0.410363460785,0.000000000000,0.000000000000,0.045454545455,0.000000000000
random,computed_from_baselines_v2_contract,234,CAP-V2_047-TPL_05,V2_047,SEM-2FFA4D814BEBCF16,ood_pattern,chevrons_diagonal,multicolor_tierra,chevrones,diagonal,bandas,repetitiva,medio,TPL_05,false,37,V2_030,0.959839860297,0.285377372892,-0.674462487405,0.000000000000,0.000000000000,0.027027027027,0.000000000000
random,computed_from_baselines_v2_contract,235,CAP-V2_048-TPL_01,V2_048,SEM-EE8AABF8E6A4B9F8,ood_pattern,circles_concentric,rojo_negro_crema,círculos concéntricos,radial,central,radial,bajo,TPL_01,true,36,V2_036,0.992160035991,0.359606163107,-0.632553872884,0.000000000000,0.000000000000,0.027777777778,0.000000000000
random,computed_from_baselines_v2_contract,236,CAP-V2_048-TPL_02,V2_048,SEM-EE8AABF8E6A4B9F8,ood_pattern,circles_concentric,rojo_negro_crema,círculos concéntricos,radial,central,radial,bajo,TPL_02,false,47,V2_046,0.964475608237,0.104162069529,-0.860313538708,0.000000000000,0.000000000000,0.021276595745,0.000000000000
random,computed_from_baselines_v2_contract,237,CAP-V2_048-TPL_03,V2_048,SEM-EE8AABF8E6A4B9F8,ood_pattern,circles_concentric,rojo_negro_crema,círculos concéntricos,radial,central,radial,bajo,TPL_03,false,30,V2_033,0.994899828973,0.518615535091,-0.476284293881,0.000000000000,0.000000000000,0.033333333333,0.000000000000
random,computed_from_baselines_v2_contract,238,CAP-V2_048-TPL_04,V2_048,SEM-EE8AABF8E6A4B9F8,ood_pattern,circles_concentric,rojo_negro_crema,círculos concéntricos,radial,central,radial,bajo,TPL_04,false,43,V2_013,0.937405904570,0.192872310999,-0.744533593570,0.000000000000,0.000000000000,0.023255813953,0.000000000000
random,computed_from_baselines_v2_contract,239,CAP-V2_048-TPL_05,V2_048,SEM-EE8AABF8E6A4B9F8,ood_pattern,circles_concentric,rojo_negro_crema,círculos concéntricos,radial,central,radial,bajo,TPL_05,false,22,V2_001,0.994628602156,0.701042034273,-0.293586567882,0.000000000000,0.000000000000,0.045454545455,0.000000000000
random,computed_from_baselines_v2_contract,240,CAP-V2_049-TPL_01,V2_049,SEM-6D37CFF774A2170A,ood_pattern,circles_concentric,azul_crema_marron,círculos concéntricos,radial,central,radial,bajo,TPL_01,true,9,V2_035,0.996552446128,0.760819204877,-0.235733241252,0.000000000000,0.000000000000,0.111111111111,0.301029995664
random,computed_from_baselines_v2_contract,241,CAP-V2_049-TPL_02,V2_049,SEM-6D37CFF774A2170A,ood_pattern,circles_concentric,azul_crema_marron,círculos concéntricos,radial,central,radial,bajo,TPL_02,false,11,V2_051,0.985561270354,0.792729257990,-0.192832012364,0.000000000000,0.000000000000,0.090909090909,0.000000000000
random,computed_from_baselines_v2_contract,242,CAP-V2_049-TPL_03,V2_049,SEM-6D37CFF774A2170A,ood_pattern,circles_concentric,azul_crema_marron,círculos concéntricos,radial,central,radial,bajo,TPL_03,false,28,V2_041,0.988087123291,0.484436836314,-0.503650286977,0.000000000000,0.000000000000,0.035714285714,0.000000000000
random,computed_from_baselines_v2_contract,243,CAP-V2_049-TPL_04,V2_049,SEM-6D37CFF774A2170A,ood_pattern,circles_concentric,azul_crema_marron,círculos concéntricos,radial,central,radial,bajo,TPL_04,false,17,V2_045,0.971761569659,0.704266871807,-0.267494697853,0.000000000000,0.000000000000,0.058823529412,0.000000000000
random,computed_from_baselines_v2_contract,244,CAP-V2_049-TPL_05,V2_049,SEM-6D37CFF774A2170A,ood_pattern,circles_concentric,azul_crema_marron,círculos concéntricos,radial,central,radial,bajo,TPL_05,false,8,V2_005,0.990032198370,0.873602733391,-0.116429464979,0.000000000000,0.000000000000,0.125000000000,0.315464876786
random,computed_from_baselines_v2_contract,245,CAP-V2_050-TPL_01,V2_050,SEM-FC6C9490A1241F7A,ood_pattern,circles_concentric,ocre_marron_negro,círculos concéntricos,radial,central,radial,bajo,TPL_01,true,11,V2_043,0.973407371598,0.814232871963,-0.159174499634,0.000000000000,0.000000000000,0.090909090909,0.000000000000
random,computed_from_baselines_v2_contract,246,CAP-V2_050-TPL_02,V2_050,SEM-FC6C9490A1241F7A,ood_pattern,circles_concentric,ocre_marron_negro,círculos concéntricos,radial,central,radial,bajo,TPL_02,false,31,V2_042,0.969033017877,0.514692986206,-0.454340031671,0.000000000000,0.000000000000,0.032258064516,0.000000000000
random,computed_from_baselines_v2_contract,247,CAP-V2_050-TPL_03,V2_050,SEM-FC6C9490A1241F7A,ood_pattern,circles_concentric,ocre_marron_negro,círculos concéntricos,radial,central,radial,bajo,TPL_03,false,6,V2_034,0.993438797714,0.884211293924,-0.109227503791,0.000000000000,0.000000000000,0.166666666667,0.356207187108
random,computed_from_baselines_v2_contract,248,CAP-V2_050-TPL_04,V2_050,SEM-FC6C9490A1241F7A,ood_pattern,circles_concentric,ocre_marron_negro,círculos concéntricos,radial,central,radial,bajo,TPL_04,false,46,V2_006,0.995321911102,0.271712814572,-0.723609096530,0.000000000000,0.000000000000,0.021739130435,0.000000000000
random,computed_from_baselines_v2_contract,249,CAP-V2_050-TPL_05,V2_050,SEM-FC6C9490A1241F7A,ood_pattern,circles_concentric,ocre_marron_negro,círculos concéntricos,radial,central,radial,bajo,TPL_05,false,47,V2_009,0.998607801586,0.178403640475,-0.820204161111,0.000000000000,0.000000000000,0.021276595745,0.000000000000
random,computed_from_baselines_v2_contract,250,CAP-V2_051-TPL_01,V2_051,SEM-0920FB69B33089FA,ood_pattern,circles_concentric,blanco_negro_gris,círculos concéntricos,radial,central,radial,bajo,TPL_01,true,48,V2_031,0.966257169546,0.169464764804,-0.796792404742,0.000000000000,0.000000000000,0.020833333333,0.000000000000
random,computed_from_baselines_v2_contract,251,CAP-V2_051-TPL_02,V2_051,SEM-0920FB69B33089FA,ood_pattern,circles_concentric,blanco_negro_gris,círculos concéntricos,radial,central,radial,bajo,TPL_02,false,45,V2_016,0.995540672832,0.188380049287,-0.807160623545,0.000000000000,0.000000000000,0.022222222222,0.000000000000
random,computed_from_baselines_v2_contract,252,CAP-V2_051-TPL_03,V2_051,SEM-0920FB69B33089FA,ood_pattern,circles_concentric,blanco_negro_gris,círculos concéntricos,radial,central,radial,bajo,TPL_03,false,25,V2_022,0.996404649578,0.618574752417,-0.377829897160,0.000000000000,0.000000000000,0.040000000000,0.000000000000
random,computed_from_baselines_v2_contract,253,CAP-V2_051-TPL_04,V2_051,SEM-0920FB69B33089FA,ood_pattern,circles_concentric,blanco_negro_gris,círculos concéntricos,radial,central,radial,bajo,TPL_04,false,26,V2_030,0.981969138669,0.588927446930,-0.393041691738,0.000000000000,0.000000000000,0.038461538462,0.000000000000
random,computed_from_baselines_v2_contract,254,CAP-V2_051-TPL_05,V2_051,SEM-0920FB69B33089FA,ood_pattern,circles_concentric,blanco_negro_gris,círculos concéntricos,radial,central,radial,bajo,TPL_05,false,3,V2_015,0.970468917929,0.950185002068,-0.020283915861,0.000000000000,1.000000000000,0.333333333333,0.500000000000
random,computed_from_baselines_v2_contract,255,CAP-V2_052-TPL_01,V2_052,SEM-E1BF16D5596893CB,ood_pattern,circles_concentric,multicolor_tierra,círculos concéntricos,radial,central,radial,bajo,TPL_01,true,22,V2_012,0.985538719257,0.594261918161,-0.391276801096,0.000000000000,0.000000000000,0.045454545455,0.000000000000
random,computed_from_baselines_v2_contract,256,CAP-V2_052-TPL_02,V2_052,SEM-E1BF16D5596893CB,ood_pattern,circles_concentric,multicolor_tierra,círculos concéntricos,radial,central,radial,bajo,TPL_02,false,31,V2_054,0.983697593717,0.462140504533,-0.521557089184,0.000000000000,0.000000000000,0.032258064516,0.000000000000
random,computed_from_baselines_v2_contract,257,CAP-V2_052-TPL_03,V2_052,SEM-E1BF16D5596893CB,ood_pattern,circles_concentric,multicolor_tierra,círculos concéntricos,radial,central,radial,bajo,TPL_03,false,25,V2_031,0.969956958603,0.554676014014,-0.415280944589,0.000000000000,0.000000000000,0.040000000000,0.000000000000
random,computed_from_baselines_v2_contract,258,CAP-V2_052-TPL_04,V2_052,SEM-E1BF16D5596893CB,ood_pattern,circles_concentric,multicolor_tierra,círculos concéntricos,radial,central,radial,bajo,TPL_04,false,2,V2_028,0.978486993044,0.978355880273,-0.000131112771,0.000000000000,1.000000000000,0.500000000000,0.630929753571
random,computed_from_baselines_v2_contract,259,CAP-V2_052-TPL_05,V2_052,SEM-E1BF16D5596893CB,ood_pattern,circles_concentric,multicolor_tierra,círculos concéntricos,radial,central,radial,bajo,TPL_05,false,54,V2_017,0.995668176066,0.099441928253,-0.896226247813,0.000000000000,0.000000000000,0.018518518519,0.000000000000
random,computed_from_baselines_v2_contract,260,CAP-V2_053-TPL_01,V2_053,SEM-20B860903E0F0C0C,ood_both,chevrons_diagonal,verde_ocre_crema,chevrones,diagonal,bandas,repetitiva,medio,TPL_01,true,47,V2_012,0.970340290330,0.164775942229,-0.805564348101,0.000000000000,0.000000000000,0.021276595745,0.000000000000
random,computed_from_baselines_v2_contract,261,CAP-V2_053-TPL_02,V2_053,SEM-20B860903E0F0C0C,ood_both,chevrons_diagonal,verde_ocre_crema,chevrones,diagonal,bandas,repetitiva,medio,TPL_02,false,32,V2_004,0.957632314383,0.402003821507,-0.555628492876,0.000000000000,0.000000000000,0.031250000000,0.000000000000
random,computed_from_baselines_v2_contract,262,CAP-V2_053-TPL_03,V2_053,SEM-20B860903E0F0C0C,ood_both,chevrons_diagonal,verde_ocre_crema,chevrones,diagonal,bandas,repetitiva,medio,TPL_03,false,16,V2_033,0.954565962037,0.744117319774,-0.210448642263,0.000000000000,0.000000000000,0.062500000000,0.000000000000
random,computed_from_baselines_v2_contract,263,CAP-V2_053-TPL_04,V2_053,SEM-20B860903E0F0C0C,ood_both,chevrons_diagonal,verde_ocre_crema,chevrones,diagonal,bandas,repetitiva,medio,TPL_04,false,44,V2_052,0.989627845393,0.272346950458,-0.717280894935,0.000000000000,0.000000000000,0.022727272727,0.000000000000
random,computed_from_baselines_v2_contract,264,CAP-V2_053-TPL_05,V2_053,SEM-20B860903E0F0C0C,ood_both,chevrons_diagonal,verde_ocre_crema,chevrones,diagonal,bandas,repetitiva,medio,TPL_05,false,35,V2_031,0.988115947548,0.321601013265,-0.666514934283,0.000000000000,0.000000000000,0.028571428571,0.000000000000
random,computed_from_baselines_v2_contract,265,CAP-V2_054-TPL_01,V2_054,SEM-C4C38215AF96E506,ood_both,chevrons_diagonal,morado_gris_rosa,chevrones,diagonal,bandas,repetitiva,medio,TPL_01,true,21,V2_042,0.983641790374,0.558058480028,-0.425583310346,0.000000000000,0.000000000000,0.047619047619,0.000000000000
random,computed_from_baselines_v2_contract,266,CAP-V2_054-TPL_02,V2_054,SEM-C4C38215AF96E506,ood_both,chevrons_diagonal,morado_gris_rosa,chevrones,diagonal,bandas,repetitiva,medio,TPL_02,false,40,V2_041,0.968627655955,0.207139620786,-0.761488035169,0.000000000000,0.000000000000,0.025000000000,0.000000000000
random,computed_from_baselines_v2_contract,267,CAP-V2_054-TPL_03,V2_054,SEM-C4C38215AF96E506,ood_both,chevrons_diagonal,morado_gris_rosa,chevrones,diagonal,bandas,repetitiva,medio,TPL_03,false,28,V2_041,0.987902012199,0.498192184053,-0.489709828147,0.000000000000,0.000000000000,0.035714285714,0.000000000000
random,computed_from_baselines_v2_contract,268,CAP-V2_054-TPL_04,V2_054,SEM-C4C38215AF96E506,ood_both,chevrons_diagonal,morado_gris_rosa,chevrones,diagonal,bandas,repetitiva,medio,TPL_04,false,37,V2_053,0.980489358044,0.314899346347,-0.665590011697,0.000000000000,0.000000000000,0.027027027027,0.000000000000
random,computed_from_baselines_v2_contract,269,CAP-V2_054-TPL_05,V2_054,SEM-C4C38215AF96E506,ood_both,chevrons_diagonal,morado_gris_rosa,chevrones,diagonal,bandas,repetitiva,medio,TPL_05,false,52,V2_031,0.998725646746,0.076550397816,-0.922175248931,0.000000000000,0.000000000000,0.019230769231,0.000000000000
random,computed_from_baselines_v2_contract,270,CAP-V2_055-TPL_01,V2_055,SEM-B3C4DB2C1AD51CA9,ood_both,circles_concentric,verde_ocre_crema,círculos concéntricos,radial,central,radial,bajo,TPL_01,true,25,V2_029,0.972957992472,0.490156406684,-0.482801585789,0.000000000000,0.000000000000,0.040000000000,0.000000000000
random,computed_from_baselines_v2_contract,271,CAP-V2_055-TPL_02,V2_055,SEM-B3C4DB2C1AD51CA9,ood_both,circles_concentric,verde_ocre_crema,círculos concéntricos,radial,central,radial,bajo,TPL_02,false,17,V2_035,0.965935573714,0.702300856240,-0.263634717473,0.000000000000,0.000000000000,0.058823529412,0.000000000000
random,computed_from_baselines_v2_contract,272,CAP-V2_055-TPL_03,V2_055,SEM-B3C4DB2C1AD51CA9,ood_both,circles_concentric,verde_ocre_crema,círculos concéntricos,radial,central,radial,bajo,TPL_03,false,55,V2_049,0.987383260784,0.025472422212,-0.961910838572,0.000000000000,0.000000000000,0.018181818182,0.000000000000
random,computed_from_baselines_v2_contract,273,CAP-V2_055-TPL_04,V2_055,SEM-B3C4DB2C1AD51CA9,ood_both,circles_concentric,verde_ocre_crema,círculos concéntricos,radial,central,radial,bajo,TPL_04,false,25,V2_022,0.994934378488,0.508253487194,-0.486680891295,0.000000000000,0.000000000000,0.040000000000,0.000000000000
random,computed_from_baselines_v2_contract,274,CAP-V2_055-TPL_05,V2_055,SEM-B3C4DB2C1AD51CA9,ood_both,circles_concentric,verde_ocre_crema,círculos concéntricos,radial,central,radial,bajo,TPL_05,false,24,V2_056,0.970728298710,0.573295662945,-0.397432635765,0.000000000000,0.000000000000,0.041666666667,0.000000000000
random,computed_from_baselines_v2_contract,275,CAP-V2_056-TPL_01,V2_056,SEM-1076CAB99B86DF83,ood_both,circles_concentric,morado_gris_rosa,círculos concéntricos,radial,central,radial,bajo,TPL_01,true,16,V2_011,0.998865471287,0.803021716324,-0.195843754964,0.000000000000,0.000000000000,0.062500000000,0.000000000000
random,computed_from_baselines_v2_contract,276,CAP-V2_056-TPL_02,V2_056,SEM-1076CAB99B86DF83,ood_both,circles_concentric,morado_gris_rosa,círculos concéntricos,radial,central,radial,bajo,TPL_02,false,49,V2_005,0.999673336432,0.175727837526,-0.823945498906,0.000000000000,0.000000000000,0.020408163265,0.000000000000
random,computed_from_baselines_v2_contract,277,CAP-V2_056-TPL_03,V2_056,SEM-1076CAB99B86DF83,ood_both,circles_concentric,morado_gris_rosa,círculos concéntricos,radial,central,radial,bajo,TPL_03,false,38,V2_055,0.969748431682,0.291809893637,-0.677938538045,0.000000000000,0.000000000000,0.026315789474,0.000000000000
random,computed_from_baselines_v2_contract,278,CAP-V2_056-TPL_04,V2_056,SEM-1076CAB99B86DF83,ood_both,circles_concentric,morado_gris_rosa,círculos concéntricos,radial,central,radial,bajo,TPL_04,false,21,V2_012,0.987029231842,0.674423300123,-0.312605931719,0.000000000000,0.000000000000,0.047619047619,0.000000000000
random,computed_from_baselines_v2_contract,279,CAP-V2_056-TPL_05,V2_056,SEM-1076CAB99B86DF83,ood_both,circles_concentric,morado_gris_rosa,círculos concéntricos,radial,central,radial,bajo,TPL_05,false,34,V2_030,0.947438350250,0.353762341460,-0.593676008790,0.000000000000,0.000000000000,0.029411764706,0.000000000000
color_histogram,computed_from_baselines_v2_contract,0,CAP-V2_001-TPL_01,V2_001,SEM-726372BFFF43534D,id,bands_horizontal,rojo_negro_crema,bandas geométricas,horizontal,bandas,repetitiva,bajo,TPL_01,true,1,V2_001,0.938420613607,0.938420613607,0.000000000000,1.000000000000,1.000000000000,1.000000000000,1.000000000000
color_histogram,computed_from_baselines_v2_contract,1,CAP-V2_001-TPL_02,V2_001,SEM-726372BFFF43534D,id,bands_horizontal,rojo_negro_crema,bandas geométricas,horizontal,bandas,repetitiva,bajo,TPL_02,false,1,V2_001,0.938420613607,0.938420613607,0.000000000000,1.000000000000,1.000000000000,1.000000000000,1.000000000000
color_histogram,computed_from_baselines_v2_contract,2,CAP-V2_001-TPL_03,V2_001,SEM-726372BFFF43534D,id,bands_horizontal,rojo_negro_crema,bandas geométricas,horizontal,bandas,repetitiva,bajo,TPL_03,false,1,V2_001,0.938420613607,0.938420613607,0.000000000000,1.000000000000,1.000000000000,1.000000000000,1.000000000000
color_histogram,computed_from_baselines_v2_contract,3,CAP-V2_001-TPL_04,V2_001,SEM-726372BFFF43534D,id,bands_horizontal,rojo_negro_crema,bandas geométricas,horizontal,bandas,repetitiva,bajo,TPL_04,false,1,V2_001,0.938420613607,0.938420613607,0.000000000000,1.000000000000,1.000000000000,1.000000000000,1.000000000000
color_histogram,computed_from_baselines_v2_contract,4,CAP-V2_001-TPL_05,V2_001,SEM-726372BFFF43534D,id,bands_horizontal,rojo_negro_crema,bandas geométricas,horizontal,bandas,repetitiva,bajo,TPL_05,false,1,V2_001,0.938420613607,0.938420613607,0.000000000000,1.000000000000,1.000000000000,1.000000000000,1.000000000000
color_histogram,computed_from_baselines_v2_contract,5,CAP-V2_002-TPL_01,V2_002,SEM-5B84448A62787787,id,bands_horizontal,azul_crema_marron,bandas geométricas,horizontal,bandas,repetitiva,bajo,TPL_01,true,1,V2_002,0.938420613607,0.938420613607,0.000000000000,1.000000000000,1.000000000000,1.000000000000,1.000000000000
color_histogram,computed_from_baselines_v2_contract,6,CAP-V2_002-TPL_02,V2_002,SEM-5B84448A62787787,id,bands_horizontal,azul_crema_marron,bandas geométricas,horizontal,bandas,repetitiva,bajo,TPL_02,false,1,V2_002,0.938420613607,0.938420613607,0.000000000000,1.000000000000,1.000000000000,1.000000000000,1.000000000000
color_histogram,computed_from_baselines_v2_contract,7,CAP-V2_002-TPL_03,V2_002,SEM-5B84448A62787787,id,bands_horizontal,azul_crema_marron,bandas geométricas,horizontal,bandas,repetitiva,bajo,TPL_03,false,1,V2_002,0.938420613607,0.938420613607,0.000000000000,1.000000000000,1.000000000000,1.000000000000,1.000000000000
color_histogram,computed_from_baselines_v2_contract,8,CAP-V2_002-TPL_04,V2_002,SEM-5B84448A62787787,id,bands_horizontal,azul_crema_marron,bandas geométricas,horizontal,bandas,repetitiva,bajo,TPL_04,false,1,V2_002,0.938420613607,0.938420613607,0.000000000000,1.000000000000,1.000000000000,1.000000000000,1.000000000000
color_histogram,computed_from_baselines_v2_contract,9,CAP-V2_002-TPL_05,V2_002,SEM-5B84448A62787787,id,bands_horizontal,azul_crema_marron,bandas geométricas,horizontal,bandas,repetitiva,bajo,TPL_05,false,1,V2_002,0.938420613607,0.938420613607,0.000000000000,1.000000000000,1.000000000000,1.000000000000,1.000000000000
color_histogram,computed_from_baselines_v2_contract,10,CAP-V2_003-TPL_01,V2_003,SEM-7418F4CCBDB8F621,id,bands_horizontal,ocre_marron_negro,bandas geométricas,horizontal,bandas,repetitiva,bajo,TPL_01,true,1,V2_003,0.938420613607,0.938420613607,0.000000000000,1.000000000000,1.000000000000,1.000000000000,1.000000000000
color_histogram,computed_from_baselines_v2_contract,11,CAP-V2_003-TPL_02,V2_003,SEM-7418F4CCBDB8F621,id,bands_horizontal,ocre_marron_negro,bandas geométricas,horizontal,bandas,repetitiva,bajo,TPL_02,false,1,V2_003,0.938420613607,0.938420613607,0.000000000000,1.000000000000,1.000000000000,1.000000000000,1.000000000000
color_histogram,computed_from_baselines_v2_contract,12,CAP-V2_003-TPL_03,V2_003,SEM-7418F4CCBDB8F621,id,bands_horizontal,ocre_marron_negro,bandas geométricas,horizontal,bandas,repetitiva,bajo,TPL_03,false,1,V2_003,0.938420613607,0.938420613607,0.000000000000,1.000000000000,1.000000000000,1.000000000000,1.000000000000
color_histogram,computed_from_baselines_v2_contract,13,CAP-V2_003-TPL_04,V2_003,SEM-7418F4CCBDB8F621,id,bands_horizontal,ocre_marron_negro,bandas geométricas,horizontal,bandas,repetitiva,bajo,TPL_04,false,1,V2_003,0.938420613607,0.938420613607,0.000000000000,1.000000000000,1.000000000000,1.000000000000,1.000000000000
color_histogram,computed_from_baselines_v2_contract,14,CAP-V2_003-TPL_05,V2_003,SEM-7418F4CCBDB8F621,id,bands_horizontal,ocre_marron_negro,bandas geométricas,horizontal,bandas,repetitiva,bajo,TPL_05,false,1,V2_003,0.938420613607,0.938420613607,0.000000000000,1.000000000000,1.000000000000,1.000000000000,1.000000000000
color_histogram,computed_from_baselines_v2_contract,15,CAP-V2_004-TPL_01,V2_004,SEM-7CE10D3F8F559237,id,bands_horizontal,blanco_negro_gris,bandas geométricas,horizontal,bandas,repetitiva,bajo,TPL_01,true,1,V2_004,0.938420613607,0.938420613607,0.000000000000,1.000000000000,1.000000000000,1.000000000000,1.000000000000
color_histogram,computed_from_baselines_v2_contract,16,CAP-V2_004-TPL_02,V2_004,SEM-7CE10D3F8F559237,id,bands_horizontal,blanco_negro_gris,bandas geométricas,horizontal,bandas,repetitiva,bajo,TPL_02,false,1,V2_004,0.938420613607,0.938420613607,0.000000000000,1.000000000000,1.000000000000,1.000000000000,1.000000000000
color_histogram,computed_from_baselines_v2_contract,17,CAP-V2_004-TPL_03,V2_004,SEM-7CE10D3F8F559237,id,bands_horizontal,blanco_negro_gris,bandas geométricas,horizontal,bandas,repetitiva,bajo,TPL_03,false,1,V2_004,0.938420613607,0.938420613607,0.000000000000,1.000000000000,1.000000000000,1.000000000000,1.000000000000
color_histogram,computed_from_baselines_v2_contract,18,CAP-V2_004-TPL_04,V2_004,SEM-7CE10D3F8F559237,id,bands_horizontal,blanco_negro_gris,bandas geométricas,horizontal,bandas,repetitiva,bajo,TPL_04,false,1,V2_004,0.938420613607,0.938420613607,0.000000000000,1.000000000000,1.000000000000,1.000000000000,1.000000000000
color_histogram,computed_from_baselines_v2_contract,19,CAP-V2_004-TPL_05,V2_004,SEM-7CE10D3F8F559237,id,bands_horizontal,blanco_negro_gris,bandas geométricas,horizontal,bandas,repetitiva,bajo,TPL_05,false,1,V2_004,0.938420613607,0.938420613607,0.000000000000,1.000000000000,1.000000000000,1.000000000000,1.000000000000
color_histogram,computed_from_baselines_v2_contract,20,CAP-V2_005-TPL_01,V2_005,SEM-CA5D6EBFCD7B84E3,id,bands_horizontal,multicolor_tierra,bandas geométricas,horizontal,bandas,repetitiva,bajo,TPL_01,true,1,V2_005,0.905868530273,0.905868530273,0.000000000000,1.000000000000,1.000000000000,1.000000000000,1.000000000000
color_histogram,computed_from_baselines_v2_contract,21,CAP-V2_005-TPL_02,V2_005,SEM-CA5D6EBFCD7B84E3,id,bands_horizontal,multicolor_tierra,bandas geométricas,horizontal,bandas,repetitiva,bajo,TPL_02,false,1,V2_005,0.905868530273,0.905868530273,0.000000000000,1.000000000000,1.000000000000,1.000000000000,1.000000000000
color_histogram,computed_from_baselines_v2_contract,22,CAP-V2_005-TPL_03,V2_005,SEM-CA5D6EBFCD7B84E3,id,bands_horizontal,multicolor_tierra,bandas geométricas,horizontal,bandas,repetitiva,bajo,TPL_03,false,1,V2_005,0.905868530273,0.905868530273,0.000000000000,1.000000000000,1.000000000000,1.000000000000,1.000000000000
color_histogram,computed_from_baselines_v2_contract,23,CAP-V2_005-TPL_04,V2_005,SEM-CA5D6EBFCD7B84E3,id,bands_horizontal,multicolor_tierra,bandas geométricas,horizontal,bandas,repetitiva,bajo,TPL_04,false,1,V2_005,0.905868530273,0.905868530273,0.000000000000,1.000000000000,1.000000000000,1.000000000000,1.000000000000
color_histogram,computed_from_baselines_v2_contract,24,CAP-V2_005-TPL_05,V2_005,SEM-CA5D6EBFCD7B84E3,id,bands_horizontal,multicolor_tierra,bandas geométricas,horizontal,bandas,repetitiva,bajo,TPL_05,false,1,V2_005,0.905868530273,0.905868530273,0.000000000000,1.000000000000,1.000000000000,1.000000000000,1.000000000000
color_histogram,computed_from_baselines_v2_contract,25,CAP-V2_006-TPL_01,V2_006,SEM-4699702E8A447735,id,bands_vertical,rojo_negro_crema,bandas geométricas,vertical,bandas,repetitiva,bajo,TPL_01,true,2,V2_001,0.938420613607,0.938420613607,0.000000000000,0.000000000000,1.000000000000,0.500000000000,0.630929753571
color_histogram,computed_from_baselines_v2_contract,26,CAP-V2_006-TPL_02,V2_006,SEM-4699702E8A447735,id,bands_vertical,rojo_negro_crema,bandas geométricas,vertical,bandas,repetitiva,bajo,TPL_02,false,2,V2_001,0.938420613607,0.938420613607,0.000000000000,0.000000000000,1.000000000000,0.500000000000,0.630929753571
color_histogram,computed_from_baselines_v2_contract,27,CAP-V2_006-TPL_03,V2_006,SEM-4699702E8A447735,id,bands_vertical,rojo_negro_crema,bandas geométricas,vertical,bandas,repetitiva,bajo,TPL_03,false,2,V2_001,0.938420613607,0.938420613607,0.000000000000,0.000000000000,1.000000000000,0.500000000000,0.630929753571
color_histogram,computed_from_baselines_v2_contract,28,CAP-V2_006-TPL_04,V2_006,SEM-4699702E8A447735,id,bands_vertical,rojo_negro_crema,bandas geométricas,vertical,bandas,repetitiva,bajo,TPL_04,false,2,V2_001,0.938420613607,0.938420613607,0.000000000000,0.000000000000,1.000000000000,0.500000000000,0.630929753571
color_histogram,computed_from_baselines_v2_contract,29,CAP-V2_006-TPL_05,V2_006,SEM-4699702E8A447735,id,bands_vertical,rojo_negro_crema,bandas geométricas,vertical,bandas,repetitiva,bajo,TPL_05,false,2,V2_001,0.938420613607,0.938420613607,0.000000000000,0.000000000000,1.000000000000,0.500000000000,0.630929753571
color_histogram,computed_from_baselines_v2_contract,30,CAP-V2_007-TPL_01,V2_007,SEM-657EAE79EA891854,id,bands_vertical,azul_crema_marron,bandas geométricas,vertical,bandas,repetitiva,bajo,TPL_01,true,2,V2_002,0.938420613607,0.938420613607,0.000000000000,0.000000000000,1.000000000000,0.500000000000,0.630929753571
color_histogram,computed_from_baselines_v2_contract,31,CAP-V2_007-TPL_02,V2_007,SEM-657EAE79EA891854,id,bands_vertical,azul_crema_marron,bandas geométricas,vertical,bandas,repetitiva,bajo,TPL_02,false,2,V2_002,0.938420613607,0.938420613607,0.000000000000,0.000000000000,1.000000000000,0.500000000000,0.630929753571
color_histogram,computed_from_baselines_v2_contract,32,CAP-V2_007-TPL_03,V2_007,SEM-657EAE79EA891854,id,bands_vertical,azul_crema_marron,bandas geométricas,vertical,bandas,repetitiva,bajo,TPL_03,false,2,V2_002,0.938420613607,0.938420613607,0.000000000000,0.000000000000,1.000000000000,0.500000000000,0.630929753571
color_histogram,computed_from_baselines_v2_contract,33,CAP-V2_007-TPL_04,V2_007,SEM-657EAE79EA891854,id,bands_vertical,azul_crema_marron,bandas geométricas,vertical,bandas,repetitiva,bajo,TPL_04,false,2,V2_002,0.938420613607,0.938420613607,0.000000000000,0.000000000000,1.000000000000,0.500000000000,0.630929753571
color_histogram,computed_from_baselines_v2_contract,34,CAP-V2_007-TPL_05,V2_007,SEM-657EAE79EA891854,id,bands_vertical,azul_crema_marron,bandas geométricas,vertical,bandas,repetitiva,bajo,TPL_05,false,2,V2_002,0.938420613607,0.938420613607,0.000000000000,0.000000000000,1.000000000000,0.500000000000,0.630929753571
color_histogram,computed_from_baselines_v2_contract,35,CAP-V2_008-TPL_01,V2_008,SEM-F49183E2AB7334C9,id,bands_vertical,ocre_marron_negro,bandas geométricas,vertical,bandas,repetitiva,bajo,TPL_01,true,2,V2_003,0.938420613607,0.938420613607,0.000000000000,0.000000000000,1.000000000000,0.500000000000,0.630929753571
color_histogram,computed_from_baselines_v2_contract,36,CAP-V2_008-TPL_02,V2_008,SEM-F49183E2AB7334C9,id,bands_vertical,ocre_marron_negro,bandas geométricas,vertical,bandas,repetitiva,bajo,TPL_02,false,2,V2_003,0.938420613607,0.938420613607,0.000000000000,0.000000000000,1.000000000000,0.500000000000,0.630929753571
color_histogram,computed_from_baselines_v2_contract,37,CAP-V2_008-TPL_03,V2_008,SEM-F49183E2AB7334C9,id,bands_vertical,ocre_marron_negro,bandas geométricas,vertical,bandas,repetitiva,bajo,TPL_03,false,2,V2_003,0.938420613607,0.938420613607,0.000000000000,0.000000000000,1.000000000000,0.500000000000,0.630929753571
color_histogram,computed_from_baselines_v2_contract,38,CAP-V2_008-TPL_04,V2_008,SEM-F49183E2AB7334C9,id,bands_vertical,ocre_marron_negro,bandas geométricas,vertical,bandas,repetitiva,bajo,TPL_04,false,2,V2_003,0.938420613607,0.938420613607,0.000000000000,0.000000000000,1.000000000000,0.500000000000,0.630929753571
color_histogram,computed_from_baselines_v2_contract,39,CAP-V2_008-TPL_05,V2_008,SEM-F49183E2AB7334C9,id,bands_vertical,ocre_marron_negro,bandas geométricas,vertical,bandas,repetitiva,bajo,TPL_05,false,2,V2_003,0.938420613607,0.938420613607,0.000000000000,0.000000000000,1.000000000000,0.500000000000,0.630929753571
color_histogram,computed_from_baselines_v2_contract,40,CAP-V2_009-TPL_01,V2_009,SEM-0EFA93DD8D5CE9AD,id,bands_vertical,blanco_negro_gris,bandas geométricas,vertical,bandas,repetitiva,bajo,TPL_01,true,2,V2_004,0.938420613607,0.938420613607,0.000000000000,0.000000000000,1.000000000000,0.500000000000,0.630929753571
color_histogram,computed_from_baselines_v2_contract,41,CAP-V2_009-TPL_02,V2_009,SEM-0EFA93DD8D5CE9AD,id,bands_vertical,blanco_negro_gris,bandas geométricas,vertical,bandas,repetitiva,bajo,TPL_02,false,2,V2_004,0.938420613607,0.938420613607,0.000000000000,0.000000000000,1.000000000000,0.500000000000,0.630929753571
color_histogram,computed_from_baselines_v2_contract,42,CAP-V2_009-TPL_03,V2_009,SEM-0EFA93DD8D5CE9AD,id,bands_vertical,blanco_negro_gris,bandas geométricas,vertical,bandas,repetitiva,bajo,TPL_03,false,2,V2_004,0.938420613607,0.938420613607,0.000000000000,0.000000000000,1.000000000000,0.500000000000,0.630929753571
color_histogram,computed_from_baselines_v2_contract,43,CAP-V2_009-TPL_04,V2_009,SEM-0EFA93DD8D5CE9AD,id,bands_vertical,blanco_negro_gris,bandas geométricas,vertical,bandas,repetitiva,bajo,TPL_04,false,2,V2_004,0.938420613607,0.938420613607,0.000000000000,0.000000000000,1.000000000000,0.500000000000,0.630929753571
color_histogram,computed_from_baselines_v2_contract,44,CAP-V2_009-TPL_05,V2_009,SEM-0EFA93DD8D5CE9AD,id,bands_vertical,blanco_negro_gris,bandas geométricas,vertical,bandas,repetitiva,bajo,TPL_05,false,2,V2_004,0.938420613607,0.938420613607,0.000000000000,0.000000000000,1.000000000000,0.500000000000,0.630929753571
color_histogram,computed_from_baselines_v2_contract,45,CAP-V2_010-TPL_01,V2_010,SEM-7E4D8819AF0D376B,id,bands_vertical,multicolor_tierra,bandas geométricas,vertical,bandas,repetitiva,bajo,TPL_01,true,2,V2_005,0.905868530273,0.905868530273,0.000000000000,0.000000000000,1.000000000000,0.500000000000,0.630929753571
color_histogram,computed_from_baselines_v2_contract,46,CAP-V2_010-TPL_02,V2_010,SEM-7E4D8819AF0D376B,id,bands_vertical,multicolor_tierra,bandas geométricas,vertical,bandas,repetitiva,bajo,TPL_02,false,2,V2_005,0.905868530273,0.905868530273,0.000000000000,0.000000000000,1.000000000000,0.500000000000,0.630929753571
color_histogram,computed_from_baselines_v2_contract,47,CAP-V2_010-TPL_03,V2_010,SEM-7E4D8819AF0D376B,id,bands_vertical,multicolor_tierra,bandas geométricas,vertical,bandas,repetitiva,bajo,TPL_03,false,2,V2_005,0.905868530273,0.905868530273,0.000000000000,0.000000000000,1.000000000000,0.500000000000,0.630929753571
color_histogram,computed_from_baselines_v2_contract,48,CAP-V2_010-TPL_04,V2_010,SEM-7E4D8819AF0D376B,id,bands_vertical,multicolor_tierra,bandas geométricas,vertical,bandas,repetitiva,bajo,TPL_04,false,2,V2_005,0.905868530273,0.905868530273,0.000000000000,0.000000000000,1.000000000000,0.500000000000,0.630929753571
color_histogram,computed_from_baselines_v2_contract,49,CAP-V2_010-TPL_05,V2_010,SEM-7E4D8819AF0D376B,id,bands_vertical,multicolor_tierra,bandas geométricas,vertical,bandas,repetitiva,bajo,TPL_05,false,2,V2_005,0.905868530273,0.905868530273,0.000000000000,0.000000000000,1.000000000000,0.500000000000,0.630929753571
color_histogram,computed_from_baselines_v2_contract,50,CAP-V2_011-TPL_01,V2_011,SEM-E6BF74678BDAC828,id,diamonds_central,rojo_negro_crema,rombos,diagonal,central,bilateral,medio,TPL_01,true,5,V2_001,0.938420613607,0.632088979085,-0.306331634521,0.000000000000,1.000000000000,0.200000000000,0.386852807235
color_histogram,computed_from_baselines_v2_contract,51,CAP-V2_011-TPL_02,V2_011,SEM-E6BF74678BDAC828,id,diamonds_central,rojo_negro_crema,rombos,diagonal,central,bilateral,medio,TPL_02,false,5,V2_001,0.938420613607,0.632088979085,-0.306331634521,0.000000000000,1.000000000000,0.200000000000,0.386852807235
color_histogram,computed_from_baselines_v2_contract,52,CAP-V2_011-TPL_03,V2_011,SEM-E6BF74678BDAC828,id,diamonds_central,rojo_negro_crema,rombos,diagonal,central,bilateral,medio,TPL_03,false,5,V2_001,0.938420613607,0.632088979085,-0.306331634521,0.000000000000,1.000000000000,0.200000000000,0.386852807235
color_histogram,computed_from_baselines_v2_contract,53,CAP-V2_011-TPL_04,V2_011,SEM-E6BF74678BDAC828,id,diamonds_central,rojo_negro_crema,rombos,diagonal,central,bilateral,medio,TPL_04,false,5,V2_001,0.938420613607,0.632088979085,-0.306331634521,0.000000000000,1.000000000000,0.200000000000,0.386852807235
color_histogram,computed_from_baselines_v2_contract,54,CAP-V2_011-TPL_05,V2_011,SEM-E6BF74678BDAC828,id,diamonds_central,rojo_negro_crema,rombos,diagonal,central,bilateral,medio,TPL_05,false,5,V2_001,0.938420613607,0.632088979085,-0.306331634521,0.000000000000,1.000000000000,0.200000000000,0.386852807235
color_histogram,computed_from_baselines_v2_contract,55,CAP-V2_012-TPL_01,V2_012,SEM-F5F0E5F56F3B9CDD,id,diamonds_central,azul_crema_marron,rombos,diagonal,central,bilateral,medio,TPL_01,true,5,V2_002,0.938420613607,0.632088979085,-0.306331634521,0.000000000000,1.000000000000,0.200000000000,0.386852807235
color_histogram,computed_from_baselines_v2_contract,56,CAP-V2_012-TPL_02,V2_012,SEM-F5F0E5F56F3B9CDD,id,diamonds_central,azul_crema_marron,rombos,diagonal,central,bilateral,medio,TPL_02,false,5,V2_002,0.938420613607,0.632088979085,-0.306331634521,0.000000000000,1.000000000000,0.200000000000,0.386852807235
color_histogram,computed_from_baselines_v2_contract,57,CAP-V2_012-TPL_03,V2_012,SEM-F5F0E5F56F3B9CDD,id,diamonds_central,azul_crema_marron,rombos,diagonal,central,bilateral,medio,TPL_03,false,5,V2_002,0.938420613607,0.632088979085,-0.306331634521,0.000000000000,1.000000000000,0.200000000000,0.386852807235
color_histogram,computed_from_baselines_v2_contract,58,CAP-V2_012-TPL_04,V2_012,SEM-F5F0E5F56F3B9CDD,id,diamonds_central,azul_crema_marron,rombos,diagonal,central,bilateral,medio,TPL_04,false,5,V2_002,0.938420613607,0.632088979085,-0.306331634521,0.000000000000,1.000000000000,0.200000000000,0.386852807235
color_histogram,computed_from_baselines_v2_contract,59,CAP-V2_012-TPL_05,V2_012,SEM-F5F0E5F56F3B9CDD,id,diamonds_central,azul_crema_marron,rombos,diagonal,central,bilateral,medio,TPL_05,false,5,V2_002,0.938420613607,0.632088979085,-0.306331634521,0.000000000000,1.000000000000,0.200000000000,0.386852807235
color_histogram,computed_from_baselines_v2_contract,60,CAP-V2_013-TPL_01,V2_013,SEM-6C847486A44390D1,id,diamonds_central,ocre_marron_negro,rombos,diagonal,central,bilateral,medio,TPL_01,true,5,V2_003,0.938420613607,0.632088979085,-0.306331634521,0.000000000000,1.000000000000,0.200000000000,0.386852807235
color_histogram,computed_from_baselines_v2_contract,61,CAP-V2_013-TPL_02,V2_013,SEM-6C847486A44390D1,id,diamonds_central,ocre_marron_negro,rombos,diagonal,central,bilateral,medio,TPL_02,false,5,V2_003,0.938420613607,0.632088979085,-0.306331634521,0.000000000000,1.000000000000,0.200000000000,0.386852807235
color_histogram,computed_from_baselines_v2_contract,62,CAP-V2_013-TPL_03,V2_013,SEM-6C847486A44390D1,id,diamonds_central,ocre_marron_negro,rombos,diagonal,central,bilateral,medio,TPL_03,false,5,V2_003,0.938420613607,0.632088979085,-0.306331634521,0.000000000000,1.000000000000,0.200000000000,0.386852807235
color_histogram,computed_from_baselines_v2_contract,63,CAP-V2_013-TPL_04,V2_013,SEM-6C847486A44390D1,id,diamonds_central,ocre_marron_negro,rombos,diagonal,central,bilateral,medio,TPL_04,false,5,V2_003,0.938420613607,0.632088979085,-0.306331634521,0.000000000000,1.000000000000,0.200000000000,0.386852807235
color_histogram,computed_from_baselines_v2_contract,64,CAP-V2_013-TPL_05,V2_013,SEM-6C847486A44390D1,id,diamonds_central,ocre_marron_negro,rombos,diagonal,central,bilateral,medio,TPL_05,false,5,V2_003,0.938420613607,0.632088979085,-0.306331634521,0.000000000000,1.000000000000,0.200000000000,0.386852807235
color_histogram,computed_from_baselines_v2_contract,65,CAP-V2_014-TPL_01,V2_014,SEM-B0502F5A4E58AF67,id,diamonds_central,blanco_negro_gris,rombos,diagonal,central,bilateral,medio,TPL_01,true,5,V2_004,0.938420613607,0.632088979085,-0.306331634521,0.000000000000,1.000000000000,0.200000000000,0.386852807235
color_histogram,computed_from_baselines_v2_contract,66,CAP-V2_014-TPL_02,V2_014,SEM-B0502F5A4E58AF67,id,diamonds_central,blanco_negro_gris,rombos,diagonal,central,bilateral,medio,TPL_02,false,5,V2_004,0.938420613607,0.632088979085,-0.306331634521,0.000000000000,1.000000000000,0.200000000000,0.386852807235
color_histogram,computed_from_baselines_v2_contract,67,CAP-V2_014-TPL_03,V2_014,SEM-B0502F5A4E58AF67,id,diamonds_central,blanco_negro_gris,rombos,diagonal,central,bilateral,medio,TPL_03,false,5,V2_004,0.938420613607,0.632088979085,-0.306331634521,0.000000000000,1.000000000000,0.200000000000,0.386852807235
color_histogram,computed_from_baselines_v2_contract,68,CAP-V2_014-TPL_04,V2_014,SEM-B0502F5A4E58AF67,id,diamonds_central,blanco_negro_gris,rombos,diagonal,central,bilateral,medio,TPL_04,false,5,V2_004,0.938420613607,0.632088979085,-0.306331634521,0.000000000000,1.000000000000,0.200000000000,0.386852807235
color_histogram,computed_from_baselines_v2_contract,69,CAP-V2_014-TPL_05,V2_014,SEM-B0502F5A4E58AF67,id,diamonds_central,blanco_negro_gris,rombos,diagonal,central,bilateral,medio,TPL_05,false,5,V2_004,0.938420613607,0.632088979085,-0.306331634521,0.000000000000,1.000000000000,0.200000000000,0.386852807235
color_histogram,computed_from_baselines_v2_contract,70,CAP-V2_015-TPL_01,V2_015,SEM-48FFBCDFBB1178FE,id,diamonds_central,multicolor_tierra,rombos,diagonal,central,bilateral,medio,TPL_01,true,5,V2_005,0.905868530273,0.592624664307,-0.313243865967,0.000000000000,1.000000000000,0.200000000000,0.386852807235
color_histogram,computed_from_baselines_v2_contract,71,CAP-V2_015-TPL_02,V2_015,SEM-48FFBCDFBB1178FE,id,diamonds_central,multicolor_tierra,rombos,diagonal,central,bilateral,medio,TPL_02,false,5,V2_005,0.905868530273,0.592624664307,-0.313243865967,0.000000000000,1.000000000000,0.200000000000,0.386852807235
color_histogram,computed_from_baselines_v2_contract,72,CAP-V2_015-TPL_03,V2_015,SEM-48FFBCDFBB1178FE,id,diamonds_central,multicolor_tierra,rombos,diagonal,central,bilateral,medio,TPL_03,false,5,V2_005,0.905868530273,0.592624664307,-0.313243865967,0.000000000000,1.000000000000,0.200000000000,0.386852807235
color_histogram,computed_from_baselines_v2_contract,73,CAP-V2_015-TPL_04,V2_015,SEM-48FFBCDFBB1178FE,id,diamonds_central,multicolor_tierra,rombos,diagonal,central,bilateral,medio,TPL_04,false,5,V2_005,0.905868530273,0.592624664307,-0.313243865967,0.000000000000,1.000000000000,0.200000000000,0.386852807235
color_histogram,computed_from_baselines_v2_contract,74,CAP-V2_015-TPL_05,V2_015,SEM-48FFBCDFBB1178FE,id,diamonds_central,multicolor_tierra,rombos,diagonal,central,bilateral,medio,TPL_05,false,5,V2_005,0.905868530273,0.592624664307,-0.313243865967,0.000000000000,1.000000000000,0.200000000000,0.386852807235
color_histogram,computed_from_baselines_v2_contract,75,CAP-V2_016-TPL_01,V2_016,SEM-1F7D0D80E51AE939,id,grecas_modular,rojo_negro_crema,grecas escalonadas,horizontal,modular,repetitiva,medio,TPL_01,true,7,V2_001,0.938420613607,0.439534505208,-0.498886108398,0.000000000000,0.000000000000,0.142857142857,0.333333333333
color_histogram,computed_from_baselines_v2_contract,76,CAP-V2_016-TPL_02,V2_016,SEM-1F7D0D80E51AE939,id,grecas_modular,rojo_negro_crema,grecas escalonadas,horizontal,modular,repetitiva,medio,TPL_02,false,7,V2_001,0.938420613607,0.439534505208,-0.498886108398,0.000000000000,0.000000000000,0.142857142857,0.333333333333
color_histogram,computed_from_baselines_v2_contract,77,CAP-V2_016-TPL_03,V2_016,SEM-1F7D0D80E51AE939,id,grecas_modular,rojo_negro_crema,grecas escalonadas,horizontal,modular,repetitiva,medio,TPL_03,false,7,V2_001,0.938420613607,0.439534505208,-0.498886108398,0.000000000000,0.000000000000,0.142857142857,0.333333333333
color_histogram,computed_from_baselines_v2_contract,78,CAP-V2_016-TPL_04,V2_016,SEM-1F7D0D80E51AE939,id,grecas_modular,rojo_negro_crema,grecas escalonadas,horizontal,modular,repetitiva,medio,TPL_04,false,7,V2_001,0.938420613607,0.439534505208,-0.498886108398,0.000000000000,0.000000000000,0.142857142857,0.333333333333
color_histogram,computed_from_baselines_v2_contract,79,CAP-V2_016-TPL_05,V2_016,SEM-1F7D0D80E51AE939,id,grecas_modular,rojo_negro_crema,grecas escalonadas,horizontal,modular,repetitiva,medio,TPL_05,false,7,V2_001,0.938420613607,0.439534505208,-0.498886108398,0.000000000000,0.000000000000,0.142857142857,0.333333333333
color_histogram,computed_from_baselines_v2_contract,80,CAP-V2_017-TPL_01,V2_017,SEM-B4047E6372E8425A,id,grecas_modular,azul_crema_marron,grecas escalonadas,horizontal,modular,repetitiva,medio,TPL_01,true,7,V2_002,0.938420613607,0.439534505208,-0.498886108398,0.000000000000,0.000000000000,0.142857142857,0.333333333333
color_histogram,computed_from_baselines_v2_contract,81,CAP-V2_017-TPL_02,V2_017,SEM-B4047E6372E8425A,id,grecas_modular,azul_crema_marron,grecas escalonadas,horizontal,modular,repetitiva,medio,TPL_02,false,7,V2_002,0.938420613607,0.439534505208,-0.498886108398,0.000000000000,0.000000000000,0.142857142857,0.333333333333
color_histogram,computed_from_baselines_v2_contract,82,CAP-V2_017-TPL_03,V2_017,SEM-B4047E6372E8425A,id,grecas_modular,azul_crema_marron,grecas escalonadas,horizontal,modular,repetitiva,medio,TPL_03,false,7,V2_002,0.938420613607,0.439534505208,-0.498886108398,0.000000000000,0.000000000000,0.142857142857,0.333333333333
color_histogram,computed_from_baselines_v2_contract,83,CAP-V2_017-TPL_04,V2_017,SEM-B4047E6372E8425A,id,grecas_modular,azul_crema_marron,grecas escalonadas,horizontal,modular,repetitiva,medio,TPL_04,false,7,V2_002,0.938420613607,0.439534505208,-0.498886108398,0.000000000000,0.000000000000,0.142857142857,0.333333333333
color_histogram,computed_from_baselines_v2_contract,84,CAP-V2_017-TPL_05,V2_017,SEM-B4047E6372E8425A,id,grecas_modular,azul_crema_marron,grecas escalonadas,horizontal,modular,repetitiva,medio,TPL_05,false,7,V2_002,0.938420613607,0.439534505208,-0.498886108398,0.000000000000,0.000000000000,0.142857142857,0.333333333333
color_histogram,computed_from_baselines_v2_contract,85,CAP-V2_018-TPL_01,V2_018,SEM-8DD56A09C7883053,id,grecas_modular,ocre_marron_negro,grecas escalonadas,horizontal,modular,repetitiva,medio,TPL_01,true,7,V2_003,0.938420613607,0.439534505208,-0.498886108398,0.000000000000,0.000000000000,0.142857142857,0.333333333333
color_histogram,computed_from_baselines_v2_contract,86,CAP-V2_018-TPL_02,V2_018,SEM-8DD56A09C7883053,id,grecas_modular,ocre_marron_negro,grecas escalonadas,horizontal,modular,repetitiva,medio,TPL_02,false,7,V2_003,0.938420613607,0.439534505208,-0.498886108398,0.000000000000,0.000000000000,0.142857142857,0.333333333333
color_histogram,computed_from_baselines_v2_contract,87,CAP-V2_018-TPL_03,V2_018,SEM-8DD56A09C7883053,id,grecas_modular,ocre_marron_negro,grecas escalonadas,horizontal,modular,repetitiva,medio,TPL_03,false,7,V2_003,0.938420613607,0.439534505208,-0.498886108398,0.000000000000,0.000000000000,0.142857142857,0.333333333333
color_histogram,computed_from_baselines_v2_contract,88,CAP-V2_018-TPL_04,V2_018,SEM-8DD56A09C7883053,id,grecas_modular,ocre_marron_negro,grecas escalonadas,horizontal,modular,repetitiva,medio,TPL_04,false,7,V2_003,0.938420613607,0.439534505208,-0.498886108398,0.000000000000,0.000000000000,0.142857142857,0.333333333333
color_histogram,computed_from_baselines_v2_contract,89,CAP-V2_018-TPL_05,V2_018,SEM-8DD56A09C7883053,id,grecas_modular,ocre_marron_negro,grecas escalonadas,horizontal,modular,repetitiva,medio,TPL_05,false,7,V2_003,0.938420613607,0.439534505208,-0.498886108398,0.000000000000,0.000000000000,0.142857142857,0.333333333333
color_histogram,computed_from_baselines_v2_contract,90,CAP-V2_019-TPL_01,V2_019,SEM-92B4FA22CEDB29E6,id,grecas_modular,blanco_negro_gris,grecas escalonadas,horizontal,modular,repetitiva,medio,TPL_01,true,7,V2_004,0.938420613607,0.439534505208,-0.498886108398,0.000000000000,0.000000000000,0.142857142857,0.333333333333
color_histogram,computed_from_baselines_v2_contract,91,CAP-V2_019-TPL_02,V2_019,SEM-92B4FA22CEDB29E6,id,grecas_modular,blanco_negro_gris,grecas escalonadas,horizontal,modular,repetitiva,medio,TPL_02,false,7,V2_004,0.938420613607,0.439534505208,-0.498886108398,0.000000000000,0.000000000000,0.142857142857,0.333333333333
color_histogram,computed_from_baselines_v2_contract,92,CAP-V2_019-TPL_03,V2_019,SEM-92B4FA22CEDB29E6,id,grecas_modular,blanco_negro_gris,grecas escalonadas,horizontal,modular,repetitiva,medio,TPL_03,false,7,V2_004,0.938420613607,0.439534505208,-0.498886108398,0.000000000000,0.000000000000,0.142857142857,0.333333333333
color_histogram,computed_from_baselines_v2_contract,93,CAP-V2_019-TPL_04,V2_019,SEM-92B4FA22CEDB29E6,id,grecas_modular,blanco_negro_gris,grecas escalonadas,horizontal,modular,repetitiva,medio,TPL_04,false,7,V2_004,0.938420613607,0.439534505208,-0.498886108398,0.000000000000,0.000000000000,0.142857142857,0.333333333333
color_histogram,computed_from_baselines_v2_contract,94,CAP-V2_019-TPL_05,V2_019,SEM-92B4FA22CEDB29E6,id,grecas_modular,blanco_negro_gris,grecas escalonadas,horizontal,modular,repetitiva,medio,TPL_05,false,7,V2_004,0.938420613607,0.439534505208,-0.498886108398,0.000000000000,0.000000000000,0.142857142857,0.333333333333
color_histogram,computed_from_baselines_v2_contract,95,CAP-V2_020-TPL_01,V2_020,SEM-A02450BA65AD4237,id,grecas_modular,multicolor_tierra,grecas escalonadas,horizontal,modular,repetitiva,medio,TPL_01,true,7,V2_005,0.905868530273,0.369476318359,-0.536392211914,0.000000000000,0.000000000000,0.142857142857,0.333333333333
color_histogram,computed_from_baselines_v2_contract,96,CAP-V2_020-TPL_02,V2_020,SEM-A02450BA65AD4237,id,grecas_modular,multicolor_tierra,grecas escalonadas,horizontal,modular,repetitiva,medio,TPL_02,false,7,V2_005,0.905868530273,0.369476318359,-0.536392211914,0.000000000000,0.000000000000,0.142857142857,0.333333333333
color_histogram,computed_from_baselines_v2_contract,97,CAP-V2_020-TPL_03,V2_020,SEM-A02450BA65AD4237,id,grecas_modular,multicolor_tierra,grecas escalonadas,horizontal,modular,repetitiva,medio,TPL_03,false,7,V2_005,0.905868530273,0.369476318359,-0.536392211914,0.000000000000,0.000000000000,0.142857142857,0.333333333333
color_histogram,computed_from_baselines_v2_contract,98,CAP-V2_020-TPL_04,V2_020,SEM-A02450BA65AD4237,id,grecas_modular,multicolor_tierra,grecas escalonadas,horizontal,modular,repetitiva,medio,TPL_04,false,7,V2_005,0.905868530273,0.369476318359,-0.536392211914,0.000000000000,0.000000000000,0.142857142857,0.333333333333
color_histogram,computed_from_baselines_v2_contract,99,CAP-V2_020-TPL_05,V2_020,SEM-A02450BA65AD4237,id,grecas_modular,multicolor_tierra,grecas escalonadas,horizontal,modular,repetitiva,medio,TPL_05,false,7,V2_005,0.905868530273,0.369476318359,-0.536392211914,0.000000000000,0.000000000000,0.142857142857,0.333333333333
color_histogram,computed_from_baselines_v2_contract,100,CAP-V2_021-TPL_01,V2_021,SEM-C35EEC4AAFF32C4A,id,grid_reticular,rojo_negro_crema,cuadrícula geométrica,bidireccional,reticular,repetitiva,bajo,TPL_01,true,4,V2_001,0.938420613607,0.692868550618,-0.245552062988,0.000000000000,1.000000000000,0.250000000000,0.430676558073
color_histogram,computed_from_baselines_v2_contract,101,CAP-V2_021-TPL_02,V2_021,SEM-C35EEC4AAFF32C4A,id,grid_reticular,rojo_negro_crema,cuadrícula geométrica,bidireccional,reticular,repetitiva,bajo,TPL_02,false,4,V2_001,0.938420613607,0.692868550618,-0.245552062988,0.000000000000,1.000000000000,0.250000000000,0.430676558073
color_histogram,computed_from_baselines_v2_contract,102,CAP-V2_021-TPL_03,V2_021,SEM-C35EEC4AAFF32C4A,id,grid_reticular,rojo_negro_crema,cuadrícula geométrica,bidireccional,reticular,repetitiva,bajo,TPL_03,false,4,V2_001,0.938420613607,0.692868550618,-0.245552062988,0.000000000000,1.000000000000,0.250000000000,0.430676558073
color_histogram,computed_from_baselines_v2_contract,103,CAP-V2_021-TPL_04,V2_021,SEM-C35EEC4AAFF32C4A,id,grid_reticular,rojo_negro_crema,cuadrícula geométrica,bidireccional,reticular,repetitiva,bajo,TPL_04,false,4,V2_001,0.938420613607,0.692868550618,-0.245552062988,0.000000000000,1.000000000000,0.250000000000,0.430676558073
color_histogram,computed_from_baselines_v2_contract,104,CAP-V2_021-TPL_05,V2_021,SEM-C35EEC4AAFF32C4A,id,grid_reticular,rojo_negro_crema,cuadrícula geométrica,bidireccional,reticular,repetitiva,bajo,TPL_05,false,4,V2_001,0.938420613607,0.692868550618,-0.245552062988,0.000000000000,1.000000000000,0.250000000000,0.430676558073
color_histogram,computed_from_baselines_v2_contract,105,CAP-V2_022-TPL_01,V2_022,SEM-14694FF153156266,id,grid_reticular,azul_crema_marron,cuadrícula geométrica,bidireccional,reticular,repetitiva,bajo,TPL_01,true,4,V2_002,0.938420613607,0.692868550618,-0.245552062988,0.000000000000,1.000000000000,0.250000000000,0.430676558073
color_histogram,computed_from_baselines_v2_contract,106,CAP-V2_022-TPL_02,V2_022,SEM-14694FF153156266,id,grid_reticular,azul_crema_marron,cuadrícula geométrica,bidireccional,reticular,repetitiva,bajo,TPL_02,false,4,V2_002,0.938420613607,0.692868550618,-0.245552062988,0.000000000000,1.000000000000,0.250000000000,0.430676558073
color_histogram,computed_from_baselines_v2_contract,107,CAP-V2_022-TPL_03,V2_022,SEM-14694FF153156266,id,grid_reticular,azul_crema_marron,cuadrícula geométrica,bidireccional,reticular,repetitiva,bajo,TPL_03,false,4,V2_002,0.938420613607,0.692868550618,-0.245552062988,0.000000000000,1.000000000000,0.250000000000,0.430676558073
color_histogram,computed_from_baselines_v2_contract,108,CAP-V2_022-TPL_04,V2_022,SEM-14694FF153156266,id,grid_reticular,azul_crema_marron,cuadrícula geométrica,bidireccional,reticular,repetitiva,bajo,TPL_04,false,4,V2_002,0.938420613607,0.692868550618,-0.245552062988,0.000000000000,1.000000000000,0.250000000000,0.430676558073
color_histogram,computed_from_baselines_v2_contract,109,CAP-V2_022-TPL_05,V2_022,SEM-14694FF153156266,id,grid_reticular,azul_crema_marron,cuadrícula geométrica,bidireccional,reticular,repetitiva,bajo,TPL_05,false,4,V2_002,0.938420613607,0.692868550618,-0.245552062988,0.000000000000,1.000000000000,0.250000000000,0.430676558073
color_histogram,computed_from_baselines_v2_contract,110,CAP-V2_023-TPL_01,V2_023,SEM-E2B97A08DEBB8084,id,grid_reticular,ocre_marron_negro,cuadrícula geométrica,bidireccional,reticular,repetitiva,bajo,TPL_01,true,4,V2_003,0.938420613607,0.692868550618,-0.245552062988,0.000000000000,1.000000000000,0.250000000000,0.430676558073
color_histogram,computed_from_baselines_v2_contract,111,CAP-V2_023-TPL_02,V2_023,SEM-E2B97A08DEBB8084,id,grid_reticular,ocre_marron_negro,cuadrícula geométrica,bidireccional,reticular,repetitiva,bajo,TPL_02,false,4,V2_003,0.938420613607,0.692868550618,-0.245552062988,0.000000000000,1.000000000000,0.250000000000,0.430676558073
color_histogram,computed_from_baselines_v2_contract,112,CAP-V2_023-TPL_03,V2_023,SEM-E2B97A08DEBB8084,id,grid_reticular,ocre_marron_negro,cuadrícula geométrica,bidireccional,reticular,repetitiva,bajo,TPL_03,false,4,V2_003,0.938420613607,0.692868550618,-0.245552062988,0.000000000000,1.000000000000,0.250000000000,0.430676558073
color_histogram,computed_from_baselines_v2_contract,113,CAP-V2_023-TPL_04,V2_023,SEM-E2B97A08DEBB8084,id,grid_reticular,ocre_marron_negro,cuadrícula geométrica,bidireccional,reticular,repetitiva,bajo,TPL_04,false,4,V2_003,0.938420613607,0.692868550618,-0.245552062988,0.000000000000,1.000000000000,0.250000000000,0.430676558073
color_histogram,computed_from_baselines_v2_contract,114,CAP-V2_023-TPL_05,V2_023,SEM-E2B97A08DEBB8084,id,grid_reticular,ocre_marron_negro,cuadrícula geométrica,bidireccional,reticular,repetitiva,bajo,TPL_05,false,4,V2_003,0.938420613607,0.692868550618,-0.245552062988,0.000000000000,1.000000000000,0.250000000000,0.430676558073
color_histogram,computed_from_baselines_v2_contract,115,CAP-V2_024-TPL_01,V2_024,SEM-E18D189C6A8F47C1,id,grid_reticular,blanco_negro_gris,cuadrícula geométrica,bidireccional,reticular,repetitiva,bajo,TPL_01,true,4,V2_004,0.938420613607,0.692868550618,-0.245552062988,0.000000000000,1.000000000000,0.250000000000,0.430676558073
color_histogram,computed_from_baselines_v2_contract,116,CAP-V2_024-TPL_02,V2_024,SEM-E18D189C6A8F47C1,id,grid_reticular,blanco_negro_gris,cuadrícula geométrica,bidireccional,reticular,repetitiva,bajo,TPL_02,false,4,V2_004,0.938420613607,0.692868550618,-0.245552062988,0.000000000000,1.000000000000,0.250000000000,0.430676558073
color_histogram,computed_from_baselines_v2_contract,117,CAP-V2_024-TPL_03,V2_024,SEM-E18D189C6A8F47C1,id,grid_reticular,blanco_negro_gris,cuadrícula geométrica,bidireccional,reticular,repetitiva,bajo,TPL_03,false,4,V2_004,0.938420613607,0.692868550618,-0.245552062988,0.000000000000,1.000000000000,0.250000000000,0.430676558073
color_histogram,computed_from_baselines_v2_contract,118,CAP-V2_024-TPL_04,V2_024,SEM-E18D189C6A8F47C1,id,grid_reticular,blanco_negro_gris,cuadrícula geométrica,bidireccional,reticular,repetitiva,bajo,TPL_04,false,4,V2_004,0.938420613607,0.692868550618,-0.245552062988,0.000000000000,1.000000000000,0.250000000000,0.430676558073
color_histogram,computed_from_baselines_v2_contract,119,CAP-V2_024-TPL_05,V2_024,SEM-E18D189C6A8F47C1,id,grid_reticular,blanco_negro_gris,cuadrícula geométrica,bidireccional,reticular,repetitiva,bajo,TPL_05,false,4,V2_004,0.938420613607,0.692868550618,-0.245552062988,0.000000000000,1.000000000000,0.250000000000,0.430676558073
color_histogram,computed_from_baselines_v2_contract,120,CAP-V2_025-TPL_01,V2_025,SEM-07F558960B386287,id,grid_reticular,multicolor_tierra,cuadrícula geométrica,bidireccional,reticular,repetitiva,bajo,TPL_01,true,4,V2_005,0.905868530273,0.656433105469,-0.249435424805,0.000000000000,1.000000000000,0.250000000000,0.430676558073
color_histogram,computed_from_baselines_v2_contract,121,CAP-V2_025-TPL_02,V2_025,SEM-07F558960B386287,id,grid_reticular,multicolor_tierra,cuadrícula geométrica,bidireccional,reticular,repetitiva,bajo,TPL_02,false,4,V2_005,0.905868530273,0.656433105469,-0.249435424805,0.000000000000,1.000000000000,0.250000000000,0.430676558073
color_histogram,computed_from_baselines_v2_contract,122,CAP-V2_025-TPL_03,V2_025,SEM-07F558960B386287,id,grid_reticular,multicolor_tierra,cuadrícula geométrica,bidireccional,reticular,repetitiva,bajo,TPL_03,false,4,V2_005,0.905868530273,0.656433105469,-0.249435424805,0.000000000000,1.000000000000,0.250000000000,0.430676558073
color_histogram,computed_from_baselines_v2_contract,123,CAP-V2_025-TPL_04,V2_025,SEM-07F558960B386287,id,grid_reticular,multicolor_tierra,cuadrícula geométrica,bidireccional,reticular,repetitiva,bajo,TPL_04,false,4,V2_005,0.905868530273,0.656433105469,-0.249435424805,0.000000000000,1.000000000000,0.250000000000,0.430676558073
color_histogram,computed_from_baselines_v2_contract,124,CAP-V2_025-TPL_05,V2_025,SEM-07F558960B386287,id,grid_reticular,multicolor_tierra,cuadrícula geométrica,bidireccional,reticular,repetitiva,bajo,TPL_05,false,4,V2_005,0.905868530273,0.656433105469,-0.249435424805,0.000000000000,1.000000000000,0.250000000000,0.430676558073
color_histogram,computed_from_baselines_v2_contract,125,CAP-V2_026-TPL_01,V2_026,SEM-13F83CA2D0998B44,id,mixed_asymmetric,rojo_negro_crema,motivos geométricos combinados,mixta,mixta,asimétrica,alto,TPL_01,true,3,V2_001,0.938420613607,0.780991872152,-0.157428741455,0.000000000000,1.000000000000,0.333333333333,0.500000000000
color_histogram,computed_from_baselines_v2_contract,126,CAP-V2_026-TPL_02,V2_026,SEM-13F83CA2D0998B44,id,mixed_asymmetric,rojo_negro_crema,motivos geométricos combinados,mixta,mixta,asimétrica,alto,TPL_02,false,3,V2_001,0.938420613607,0.780991872152,-0.157428741455,0.000000000000,1.000000000000,0.333333333333,0.500000000000
color_histogram,computed_from_baselines_v2_contract,127,CAP-V2_026-TPL_03,V2_026,SEM-13F83CA2D0998B44,id,mixed_asymmetric,rojo_negro_crema,motivos geométricos combinados,mixta,mixta,asimétrica,alto,TPL_03,false,3,V2_001,0.938420613607,0.780991872152,-0.157428741455,0.000000000000,1.000000000000,0.333333333333,0.500000000000
color_histogram,computed_from_baselines_v2_contract,128,CAP-V2_026-TPL_04,V2_026,SEM-13F83CA2D0998B44,id,mixed_asymmetric,rojo_negro_crema,motivos geométricos combinados,mixta,mixta,asimétrica,alto,TPL_04,false,3,V2_001,0.938420613607,0.780991872152,-0.157428741455,0.000000000000,1.000000000000,0.333333333333,0.500000000000
color_histogram,computed_from_baselines_v2_contract,129,CAP-V2_026-TPL_05,V2_026,SEM-13F83CA2D0998B44,id,mixed_asymmetric,rojo_negro_crema,motivos geométricos combinados,mixta,mixta,asimétrica,alto,TPL_05,false,3,V2_001,0.938420613607,0.780991872152,-0.157428741455,0.000000000000,1.000000000000,0.333333333333,0.500000000000
color_histogram,computed_from_baselines_v2_contract,130,CAP-V2_027-TPL_01,V2_027,SEM-A81DDA56894526D2,id,mixed_asymmetric,azul_crema_marron,motivos geométricos combinados,mixta,mixta,asimétrica,alto,TPL_01,true,3,V2_002,0.938420613607,0.775464375814,-0.162956237793,0.000000000000,1.000000000000,0.333333333333,0.500000000000
color_histogram,computed_from_baselines_v2_contract,131,CAP-V2_027-TPL_02,V2_027,SEM-A81DDA56894526D2,id,mixed_asymmetric,azul_crema_marron,motivos geométricos combinados,mixta,mixta,asimétrica,alto,TPL_02,false,3,V2_002,0.938420613607,0.775464375814,-0.162956237793,0.000000000000,1.000000000000,0.333333333333,0.500000000000
color_histogram,computed_from_baselines_v2_contract,132,CAP-V2_027-TPL_03,V2_027,SEM-A81DDA56894526D2,id,mixed_asymmetric,azul_crema_marron,motivos geométricos combinados,mixta,mixta,asimétrica,alto,TPL_03,false,3,V2_002,0.938420613607,0.775464375814,-0.162956237793,0.000000000000,1.000000000000,0.333333333333,0.500000000000
color_histogram,computed_from_baselines_v2_contract,133,CAP-V2_027-TPL_04,V2_027,SEM-A81DDA56894526D2,id,mixed_asymmetric,azul_crema_marron,motivos geométricos combinados,mixta,mixta,asimétrica,alto,TPL_04,false,3,V2_002,0.938420613607,0.775464375814,-0.162956237793,0.000000000000,1.000000000000,0.333333333333,0.500000000000
color_histogram,computed_from_baselines_v2_contract,134,CAP-V2_027-TPL_05,V2_027,SEM-A81DDA56894526D2,id,mixed_asymmetric,azul_crema_marron,motivos geométricos combinados,mixta,mixta,asimétrica,alto,TPL_05,false,3,V2_002,0.938420613607,0.775464375814,-0.162956237793,0.000000000000,1.000000000000,0.333333333333,0.500000000000
color_histogram,computed_from_baselines_v2_contract,135,CAP-V2_028-TPL_01,V2_028,SEM-395EB585FE6F4A0F,id,mixed_asymmetric,ocre_marron_negro,motivos geométricos combinados,mixta,mixta,asimétrica,alto,TPL_01,true,3,V2_003,0.938420613607,0.786122639974,-0.152297973633,0.000000000000,1.000000000000,0.333333333333,0.500000000000
color_histogram,computed_from_baselines_v2_contract,136,CAP-V2_028-TPL_02,V2_028,SEM-395EB585FE6F4A0F,id,mixed_asymmetric,ocre_marron_negro,motivos geométricos combinados,mixta,mixta,asimétrica,alto,TPL_02,false,3,V2_003,0.938420613607,0.786122639974,-0.152297973633,0.000000000000,1.000000000000,0.333333333333,0.500000000000
color_histogram,computed_from_baselines_v2_contract,137,CAP-V2_028-TPL_03,V2_028,SEM-395EB585FE6F4A0F,id,mixed_asymmetric,ocre_marron_negro,motivos geométricos combinados,mixta,mixta,asimétrica,alto,TPL_03,false,3,V2_003,0.938420613607,0.786122639974,-0.152297973633,0.000000000000,1.000000000000,0.333333333333,0.500000000000
color_histogram,computed_from_baselines_v2_contract,138,CAP-V2_028-TPL_04,V2_028,SEM-395EB585FE6F4A0F,id,mixed_asymmetric,ocre_marron_negro,motivos geométricos combinados,mixta,mixta,asimétrica,alto,TPL_04,false,3,V2_003,0.938420613607,0.786122639974,-0.152297973633,0.000000000000,1.000000000000,0.333333333333,0.500000000000
color_histogram,computed_from_baselines_v2_contract,139,CAP-V2_028-TPL_05,V2_028,SEM-395EB585FE6F4A0F,id,mixed_asymmetric,ocre_marron_negro,motivos geométricos combinados,mixta,mixta,asimétrica,alto,TPL_05,false,3,V2_003,0.938420613607,0.786122639974,-0.152297973633,0.000000000000,1.000000000000,0.333333333333,0.500000000000
color_histogram,computed_from_baselines_v2_contract,140,CAP-V2_029-TPL_01,V2_029,SEM-4F620F242D17BFDE,id,mixed_asymmetric,blanco_negro_gris,motivos geométricos combinados,mixta,mixta,asimétrica,alto,TPL_01,true,3,V2_004,0.938420613607,0.778405507406,-0.160015106201,0.000000000000,1.000000000000,0.333333333333,0.500000000000
color_histogram,computed_from_baselines_v2_contract,141,CAP-V2_029-TPL_02,V2_029,SEM-4F620F242D17BFDE,id,mixed_asymmetric,blanco_negro_gris,motivos geométricos combinados,mixta,mixta,asimétrica,alto,TPL_02,false,3,V2_004,0.938420613607,0.778405507406,-0.160015106201,0.000000000000,1.000000000000,0.333333333333,0.500000000000
color_histogram,computed_from_baselines_v2_contract,142,CAP-V2_029-TPL_03,V2_029,SEM-4F620F242D17BFDE,id,mixed_asymmetric,blanco_negro_gris,motivos geométricos combinados,mixta,mixta,asimétrica,alto,TPL_03,false,3,V2_004,0.938420613607,0.778405507406,-0.160015106201,0.000000000000,1.000000000000,0.333333333333,0.500000000000
color_histogram,computed_from_baselines_v2_contract,143,CAP-V2_029-TPL_04,V2_029,SEM-4F620F242D17BFDE,id,mixed_asymmetric,blanco_negro_gris,motivos geométricos combinados,mixta,mixta,asimétrica,alto,TPL_04,false,3,V2_004,0.938420613607,0.778405507406,-0.160015106201,0.000000000000,1.000000000000,0.333333333333,0.500000000000
color_histogram,computed_from_baselines_v2_contract,144,CAP-V2_029-TPL_05,V2_029,SEM-4F620F242D17BFDE,id,mixed_asymmetric,blanco_negro_gris,motivos geométricos combinados,mixta,mixta,asimétrica,alto,TPL_05,false,3,V2_004,0.938420613607,0.778405507406,-0.160015106201,0.000000000000,1.000000000000,0.333333333333,0.500000000000
color_histogram,computed_from_baselines_v2_contract,145,CAP-V2_030-TPL_01,V2_030,SEM-395AFC2FCA575E5C,id,mixed_asymmetric,multicolor_tierra,motivos geométricos combinados,mixta,mixta,asimétrica,alto,TPL_01,true,3,V2_005,0.905868530273,0.661281585693,-0.244586944580,0.000000000000,1.000000000000,0.333333333333,0.500000000000
color_histogram,computed_from_baselines_v2_contract,146,CAP-V2_030-TPL_02,V2_030,SEM-395AFC2FCA575E5C,id,mixed_asymmetric,multicolor_tierra,motivos geométricos combinados,mixta,mixta,asimétrica,alto,TPL_02,false,3,V2_005,0.905868530273,0.661281585693,-0.244586944580,0.000000000000,1.000000000000,0.333333333333,0.500000000000
color_histogram,computed_from_baselines_v2_contract,147,CAP-V2_030-TPL_03,V2_030,SEM-395AFC2FCA575E5C,id,mixed_asymmetric,multicolor_tierra,motivos geométricos combinados,mixta,mixta,asimétrica,alto,TPL_03,false,3,V2_005,0.905868530273,0.661281585693,-0.244586944580,0.000000000000,1.000000000000,0.333333333333,0.500000000000
color_histogram,computed_from_baselines_v2_contract,148,CAP-V2_030-TPL_04,V2_030,SEM-395AFC2FCA575E5C,id,mixed_asymmetric,multicolor_tierra,motivos geométricos combinados,mixta,mixta,asimétrica,alto,TPL_04,false,3,V2_005,0.905868530273,0.661281585693,-0.244586944580,0.000000000000,1.000000000000,0.333333333333,0.500000000000
color_histogram,computed_from_baselines_v2_contract,149,CAP-V2_030-TPL_05,V2_030,SEM-395AFC2FCA575E5C,id,mixed_asymmetric,multicolor_tierra,motivos geométricos combinados,mixta,mixta,asimétrica,alto,TPL_05,false,3,V2_005,0.905868530273,0.661281585693,-0.244586944580,0.000000000000,1.000000000000,0.333333333333,0.500000000000
color_histogram,computed_from_baselines_v2_contract,150,CAP-V2_031-TPL_01,V2_031,SEM-5385CECF3CA2ED7C,ood_palette,bands_horizontal,verde_ocre_crema,bandas geométricas,horizontal,bandas,repetitiva,bajo,TPL_01,true,1,V2_031,0.938420613607,0.938420613607,0.000000000000,1.000000000000,1.000000000000,1.000000000000,1.000000000000
color_histogram,computed_from_baselines_v2_contract,151,CAP-V2_031-TPL_02,V2_031,SEM-5385CECF3CA2ED7C,ood_palette,bands_horizontal,verde_ocre_crema,bandas geométricas,horizontal,bandas,repetitiva,bajo,TPL_02,false,1,V2_031,0.938420613607,0.938420613607,0.000000000000,1.000000000000,1.000000000000,1.000000000000,1.000000000000
color_histogram,computed_from_baselines_v2_contract,152,CAP-V2_031-TPL_03,V2_031,SEM-5385CECF3CA2ED7C,ood_palette,bands_horizontal,verde_ocre_crema,bandas geométricas,horizontal,bandas,repetitiva,bajo,TPL_03,false,1,V2_031,0.938420613607,0.938420613607,0.000000000000,1.000000000000,1.000000000000,1.000000000000,1.000000000000
color_histogram,computed_from_baselines_v2_contract,153,CAP-V2_031-TPL_04,V2_031,SEM-5385CECF3CA2ED7C,ood_palette,bands_horizontal,verde_ocre_crema,bandas geométricas,horizontal,bandas,repetitiva,bajo,TPL_04,false,1,V2_031,0.938420613607,0.938420613607,0.000000000000,1.000000000000,1.000000000000,1.000000000000,1.000000000000
color_histogram,computed_from_baselines_v2_contract,154,CAP-V2_031-TPL_05,V2_031,SEM-5385CECF3CA2ED7C,ood_palette,bands_horizontal,verde_ocre_crema,bandas geométricas,horizontal,bandas,repetitiva,bajo,TPL_05,false,1,V2_031,0.938420613607,0.938420613607,0.000000000000,1.000000000000,1.000000000000,1.000000000000,1.000000000000
color_histogram,computed_from_baselines_v2_contract,155,CAP-V2_032-TPL_01,V2_032,SEM-EBDDE1D48F194248,ood_palette,bands_horizontal,morado_gris_rosa,bandas geométricas,horizontal,bandas,repetitiva,bajo,TPL_01,true,1,V2_032,0.938420613607,0.938420613607,0.000000000000,1.000000000000,1.000000000000,1.000000000000,1.000000000000
color_histogram,computed_from_baselines_v2_contract,156,CAP-V2_032-TPL_02,V2_032,SEM-EBDDE1D48F194248,ood_palette,bands_horizontal,morado_gris_rosa,bandas geométricas,horizontal,bandas,repetitiva,bajo,TPL_02,false,1,V2_032,0.938420613607,0.938420613607,0.000000000000,1.000000000000,1.000000000000,1.000000000000,1.000000000000
color_histogram,computed_from_baselines_v2_contract,157,CAP-V2_032-TPL_03,V2_032,SEM-EBDDE1D48F194248,ood_palette,bands_horizontal,morado_gris_rosa,bandas geométricas,horizontal,bandas,repetitiva,bajo,TPL_03,false,1,V2_032,0.938420613607,0.938420613607,0.000000000000,1.000000000000,1.000000000000,1.000000000000,1.000000000000
color_histogram,computed_from_baselines_v2_contract,158,CAP-V2_032-TPL_04,V2_032,SEM-EBDDE1D48F194248,ood_palette,bands_horizontal,morado_gris_rosa,bandas geométricas,horizontal,bandas,repetitiva,bajo,TPL_04,false,1,V2_032,0.938420613607,0.938420613607,0.000000000000,1.000000000000,1.000000000000,1.000000000000,1.000000000000
color_histogram,computed_from_baselines_v2_contract,159,CAP-V2_032-TPL_05,V2_032,SEM-EBDDE1D48F194248,ood_palette,bands_horizontal,morado_gris_rosa,bandas geométricas,horizontal,bandas,repetitiva,bajo,TPL_05,false,1,V2_032,0.938420613607,0.938420613607,0.000000000000,1.000000000000,1.000000000000,1.000000000000,1.000000000000
color_histogram,computed_from_baselines_v2_contract,160,CAP-V2_033-TPL_01,V2_033,SEM-5B7B82044BDAE8EB,ood_palette,bands_vertical,verde_ocre_crema,bandas geométricas,vertical,bandas,repetitiva,bajo,TPL_01,true,2,V2_031,0.938420613607,0.938420613607,0.000000000000,0.000000000000,1.000000000000,0.500000000000,0.630929753571
color_histogram,computed_from_baselines_v2_contract,161,CAP-V2_033-TPL_02,V2_033,SEM-5B7B82044BDAE8EB,ood_palette,bands_vertical,verde_ocre_crema,bandas geométricas,vertical,bandas,repetitiva,bajo,TPL_02,false,2,V2_031,0.938420613607,0.938420613607,0.000000000000,0.000000000000,1.000000000000,0.500000000000,0.630929753571
color_histogram,computed_from_baselines_v2_contract,162,CAP-V2_033-TPL_03,V2_033,SEM-5B7B82044BDAE8EB,ood_palette,bands_vertical,verde_ocre_crema,bandas geométricas,vertical,bandas,repetitiva,bajo,TPL_03,false,2,V2_031,0.938420613607,0.938420613607,0.000000000000,0.000000000000,1.000000000000,0.500000000000,0.630929753571
color_histogram,computed_from_baselines_v2_contract,163,CAP-V2_033-TPL_04,V2_033,SEM-5B7B82044BDAE8EB,ood_palette,bands_vertical,verde_ocre_crema,bandas geométricas,vertical,bandas,repetitiva,bajo,TPL_04,false,2,V2_031,0.938420613607,0.938420613607,0.000000000000,0.000000000000,1.000000000000,0.500000000000,0.630929753571
color_histogram,computed_from_baselines_v2_contract,164,CAP-V2_033-TPL_05,V2_033,SEM-5B7B82044BDAE8EB,ood_palette,bands_vertical,verde_ocre_crema,bandas geométricas,vertical,bandas,repetitiva,bajo,TPL_05,false,2,V2_031,0.938420613607,0.938420613607,0.000000000000,0.000000000000,1.000000000000,0.500000000000,0.630929753571
color_histogram,computed_from_baselines_v2_contract,165,CAP-V2_034-TPL_01,V2_034,SEM-E53EDC29A9BA52BC,ood_palette,bands_vertical,morado_gris_rosa,bandas geométricas,vertical,bandas,repetitiva,bajo,TPL_01,true,2,V2_032,0.938420613607,0.938420613607,0.000000000000,0.000000000000,1.000000000000,0.500000000000,0.630929753571
color_histogram,computed_from_baselines_v2_contract,166,CAP-V2_034-TPL_02,V2_034,SEM-E53EDC29A9BA52BC,ood_palette,bands_vertical,morado_gris_rosa,bandas geométricas,vertical,bandas,repetitiva,bajo,TPL_02,false,2,V2_032,0.938420613607,0.938420613607,0.000000000000,0.000000000000,1.000000000000,0.500000000000,0.630929753571
color_histogram,computed_from_baselines_v2_contract,167,CAP-V2_034-TPL_03,V2_034,SEM-E53EDC29A9BA52BC,ood_palette,bands_vertical,morado_gris_rosa,bandas geométricas,vertical,bandas,repetitiva,bajo,TPL_03,false,2,V2_032,0.938420613607,0.938420613607,0.000000000000,0.000000000000,1.000000000000,0.500000000000,0.630929753571
color_histogram,computed_from_baselines_v2_contract,168,CAP-V2_034-TPL_04,V2_034,SEM-E53EDC29A9BA52BC,ood_palette,bands_vertical,morado_gris_rosa,bandas geométricas,vertical,bandas,repetitiva,bajo,TPL_04,false,2,V2_032,0.938420613607,0.938420613607,0.000000000000,0.000000000000,1.000000000000,0.500000000000,0.630929753571
color_histogram,computed_from_baselines_v2_contract,169,CAP-V2_034-TPL_05,V2_034,SEM-E53EDC29A9BA52BC,ood_palette,bands_vertical,morado_gris_rosa,bandas geométricas,vertical,bandas,repetitiva,bajo,TPL_05,false,2,V2_032,0.938420613607,0.938420613607,0.000000000000,0.000000000000,1.000000000000,0.500000000000,0.630929753571
color_histogram,computed_from_baselines_v2_contract,170,CAP-V2_035-TPL_01,V2_035,SEM-FFE7DFAAFAF2AC61,ood_palette,diamonds_central,verde_ocre_crema,rombos,diagonal,central,bilateral,medio,TPL_01,true,5,V2_031,0.938420613607,0.632088979085,-0.306331634521,0.000000000000,1.000000000000,0.200000000000,0.386852807235
color_histogram,computed_from_baselines_v2_contract,171,CAP-V2_035-TPL_02,V2_035,SEM-FFE7DFAAFAF2AC61,ood_palette,diamonds_central,verde_ocre_crema,rombos,diagonal,central,bilateral,medio,TPL_02,false,5,V2_031,0.938420613607,0.632088979085,-0.306331634521,0.000000000000,1.000000000000,0.200000000000,0.386852807235
color_histogram,computed_from_baselines_v2_contract,172,CAP-V2_035-TPL_03,V2_035,SEM-FFE7DFAAFAF2AC61,ood_palette,diamonds_central,verde_ocre_crema,rombos,diagonal,central,bilateral,medio,TPL_03,false,5,V2_031,0.938420613607,0.632088979085,-0.306331634521,0.000000000000,1.000000000000,0.200000000000,0.386852807235
color_histogram,computed_from_baselines_v2_contract,173,CAP-V2_035-TPL_04,V2_035,SEM-FFE7DFAAFAF2AC61,ood_palette,diamonds_central,verde_ocre_crema,rombos,diagonal,central,bilateral,medio,TPL_04,false,5,V2_031,0.938420613607,0.632088979085,-0.306331634521,0.000000000000,1.000000000000,0.200000000000,0.386852807235
color_histogram,computed_from_baselines_v2_contract,174,CAP-V2_035-TPL_05,V2_035,SEM-FFE7DFAAFAF2AC61,ood_palette,diamonds_central,verde_ocre_crema,rombos,diagonal,central,bilateral,medio,TPL_05,false,5,V2_031,0.938420613607,0.632088979085,-0.306331634521,0.000000000000,1.000000000000,0.200000000000,0.386852807235
color_histogram,computed_from_baselines_v2_contract,175,CAP-V2_036-TPL_01,V2_036,SEM-A391BDC002181DD1,ood_palette,diamonds_central,morado_gris_rosa,rombos,diagonal,central,bilateral,medio,TPL_01,true,5,V2_032,0.938420613607,0.632088979085,-0.306331634521,0.000000000000,1.000000000000,0.200000000000,0.386852807235
color_histogram,computed_from_baselines_v2_contract,176,CAP-V2_036-TPL_02,V2_036,SEM-A391BDC002181DD1,ood_palette,diamonds_central,morado_gris_rosa,rombos,diagonal,central,bilateral,medio,TPL_02,false,5,V2_032,0.938420613607,0.632088979085,-0.306331634521,0.000000000000,1.000000000000,0.200000000000,0.386852807235
color_histogram,computed_from_baselines_v2_contract,177,CAP-V2_036-TPL_03,V2_036,SEM-A391BDC002181DD1,ood_palette,diamonds_central,morado_gris_rosa,rombos,diagonal,central,bilateral,medio,TPL_03,false,5,V2_032,0.938420613607,0.632088979085,-0.306331634521,0.000000000000,1.000000000000,0.200000000000,0.386852807235
color_histogram,computed_from_baselines_v2_contract,178,CAP-V2_036-TPL_04,V2_036,SEM-A391BDC002181DD1,ood_palette,diamonds_central,morado_gris_rosa,rombos,diagonal,central,bilateral,medio,TPL_04,false,5,V2_032,0.938420613607,0.632088979085,-0.306331634521,0.000000000000,1.000000000000,0.200000000000,0.386852807235
color_histogram,computed_from_baselines_v2_contract,179,CAP-V2_036-TPL_05,V2_036,SEM-A391BDC002181DD1,ood_palette,diamonds_central,morado_gris_rosa,rombos,diagonal,central,bilateral,medio,TPL_05,false,5,V2_032,0.938420613607,0.632088979085,-0.306331634521,0.000000000000,1.000000000000,0.200000000000,0.386852807235
color_histogram,computed_from_baselines_v2_contract,180,CAP-V2_037-TPL_01,V2_037,SEM-5300F3F8950CB672,ood_palette,grecas_modular,verde_ocre_crema,grecas escalonadas,horizontal,modular,repetitiva,medio,TPL_01,true,7,V2_031,0.938420613607,0.439534505208,-0.498886108398,0.000000000000,0.000000000000,0.142857142857,0.333333333333
color_histogram,computed_from_baselines_v2_contract,181,CAP-V2_037-TPL_02,V2_037,SEM-5300F3F8950CB672,ood_palette,grecas_modular,verde_ocre_crema,grecas escalonadas,horizontal,modular,repetitiva,medio,TPL_02,false,7,V2_031,0.938420613607,0.439534505208,-0.498886108398,0.000000000000,0.000000000000,0.142857142857,0.333333333333
color_histogram,computed_from_baselines_v2_contract,182,CAP-V2_037-TPL_03,V2_037,SEM-5300F3F8950CB672,ood_palette,grecas_modular,verde_ocre_crema,grecas escalonadas,horizontal,modular,repetitiva,medio,TPL_03,false,7,V2_031,0.938420613607,0.439534505208,-0.498886108398,0.000000000000,0.000000000000,0.142857142857,0.333333333333
color_histogram,computed_from_baselines_v2_contract,183,CAP-V2_037-TPL_04,V2_037,SEM-5300F3F8950CB672,ood_palette,grecas_modular,verde_ocre_crema,grecas escalonadas,horizontal,modular,repetitiva,medio,TPL_04,false,7,V2_031,0.938420613607,0.439534505208,-0.498886108398,0.000000000000,0.000000000000,0.142857142857,0.333333333333
color_histogram,computed_from_baselines_v2_contract,184,CAP-V2_037-TPL_05,V2_037,SEM-5300F3F8950CB672,ood_palette,grecas_modular,verde_ocre_crema,grecas escalonadas,horizontal,modular,repetitiva,medio,TPL_05,false,7,V2_031,0.938420613607,0.439534505208,-0.498886108398,0.000000000000,0.000000000000,0.142857142857,0.333333333333
color_histogram,computed_from_baselines_v2_contract,185,CAP-V2_038-TPL_01,V2_038,SEM-2D499E7E496213F7,ood_palette,grecas_modular,morado_gris_rosa,grecas escalonadas,horizontal,modular,repetitiva,medio,TPL_01,true,7,V2_032,0.938420613607,0.439534505208,-0.498886108398,0.000000000000,0.000000000000,0.142857142857,0.333333333333
color_histogram,computed_from_baselines_v2_contract,186,CAP-V2_038-TPL_02,V2_038,SEM-2D499E7E496213F7,ood_palette,grecas_modular,morado_gris_rosa,grecas escalonadas,horizontal,modular,repetitiva,medio,TPL_02,false,7,V2_032,0.938420613607,0.439534505208,-0.498886108398,0.000000000000,0.000000000000,0.142857142857,0.333333333333
color_histogram,computed_from_baselines_v2_contract,187,CAP-V2_038-TPL_03,V2_038,SEM-2D499E7E496213F7,ood_palette,grecas_modular,morado_gris_rosa,grecas escalonadas,horizontal,modular,repetitiva,medio,TPL_03,false,7,V2_032,0.938420613607,0.439534505208,-0.498886108398,0.000000000000,0.000000000000,0.142857142857,0.333333333333
color_histogram,computed_from_baselines_v2_contract,188,CAP-V2_038-TPL_04,V2_038,SEM-2D499E7E496213F7,ood_palette,grecas_modular,morado_gris_rosa,grecas escalonadas,horizontal,modular,repetitiva,medio,TPL_04,false,7,V2_032,0.938420613607,0.439534505208,-0.498886108398,0.000000000000,0.000000000000,0.142857142857,0.333333333333
color_histogram,computed_from_baselines_v2_contract,189,CAP-V2_038-TPL_05,V2_038,SEM-2D499E7E496213F7,ood_palette,grecas_modular,morado_gris_rosa,grecas escalonadas,horizontal,modular,repetitiva,medio,TPL_05,false,7,V2_032,0.938420613607,0.439534505208,-0.498886108398,0.000000000000,0.000000000000,0.142857142857,0.333333333333
color_histogram,computed_from_baselines_v2_contract,190,CAP-V2_039-TPL_01,V2_039,SEM-99B04CC5A7706E4B,ood_palette,grid_reticular,verde_ocre_crema,cuadrícula geométrica,bidireccional,reticular,repetitiva,bajo,TPL_01,true,4,V2_031,0.938420613607,0.692868550618,-0.245552062988,0.000000000000,1.000000000000,0.250000000000,0.430676558073
color_histogram,computed_from_baselines_v2_contract,191,CAP-V2_039-TPL_02,V2_039,SEM-99B04CC5A7706E4B,ood_palette,grid_reticular,verde_ocre_crema,cuadrícula geométrica,bidireccional,reticular,repetitiva,bajo,TPL_02,false,4,V2_031,0.938420613607,0.692868550618,-0.245552062988,0.000000000000,1.000000000000,0.250000000000,0.430676558073
color_histogram,computed_from_baselines_v2_contract,192,CAP-V2_039-TPL_03,V2_039,SEM-99B04CC5A7706E4B,ood_palette,grid_reticular,verde_ocre_crema,cuadrícula geométrica,bidireccional,reticular,repetitiva,bajo,TPL_03,false,4,V2_031,0.938420613607,0.692868550618,-0.245552062988,0.000000000000,1.000000000000,0.250000000000,0.430676558073
color_histogram,computed_from_baselines_v2_contract,193,CAP-V2_039-TPL_04,V2_039,SEM-99B04CC5A7706E4B,ood_palette,grid_reticular,verde_ocre_crema,cuadrícula geométrica,bidireccional,reticular,repetitiva,bajo,TPL_04,false,4,V2_031,0.938420613607,0.692868550618,-0.245552062988,0.000000000000,1.000000000000,0.250000000000,0.430676558073
color_histogram,computed_from_baselines_v2_contract,194,CAP-V2_039-TPL_05,V2_039,SEM-99B04CC5A7706E4B,ood_palette,grid_reticular,verde_ocre_crema,cuadrícula geométrica,bidireccional,reticular,repetitiva,bajo,TPL_05,false,4,V2_031,0.938420613607,0.692868550618,-0.245552062988,0.000000000000,1.000000000000,0.250000000000,0.430676558073
color_histogram,computed_from_baselines_v2_contract,195,CAP-V2_040-TPL_01,V2_040,SEM-55B6A0B004427F80,ood_palette,grid_reticular,morado_gris_rosa,cuadrícula geométrica,bidireccional,reticular,repetitiva,bajo,TPL_01,true,4,V2_032,0.938420613607,0.692868550618,-0.245552062988,0.000000000000,1.000000000000,0.250000000000,0.430676558073
color_histogram,computed_from_baselines_v2_contract,196,CAP-V2_040-TPL_02,V2_040,SEM-55B6A0B004427F80,ood_palette,grid_reticular,morado_gris_rosa,cuadrícula geométrica,bidireccional,reticular,repetitiva,bajo,TPL_02,false,4,V2_032,0.938420613607,0.692868550618,-0.245552062988,0.000000000000,1.000000000000,0.250000000000,0.430676558073
color_histogram,computed_from_baselines_v2_contract,197,CAP-V2_040-TPL_03,V2_040,SEM-55B6A0B004427F80,ood_palette,grid_reticular,morado_gris_rosa,cuadrícula geométrica,bidireccional,reticular,repetitiva,bajo,TPL_03,false,4,V2_032,0.938420613607,0.692868550618,-0.245552062988,0.000000000000,1.000000000000,0.250000000000,0.430676558073
color_histogram,computed_from_baselines_v2_contract,198,CAP-V2_040-TPL_04,V2_040,SEM-55B6A0B004427F80,ood_palette,grid_reticular,morado_gris_rosa,cuadrícula geométrica,bidireccional,reticular,repetitiva,bajo,TPL_04,false,4,V2_032,0.938420613607,0.692868550618,-0.245552062988,0.000000000000,1.000000000000,0.250000000000,0.430676558073
color_histogram,computed_from_baselines_v2_contract,199,CAP-V2_040-TPL_05,V2_040,SEM-55B6A0B004427F80,ood_palette,grid_reticular,morado_gris_rosa,cuadrícula geométrica,bidireccional,reticular,repetitiva,bajo,TPL_05,false,4,V2_032,0.938420613607,0.692868550618,-0.245552062988,0.000000000000,1.000000000000,0.250000000000,0.430676558073
color_histogram,computed_from_baselines_v2_contract,200,CAP-V2_041-TPL_01,V2_041,SEM-7182256D7B84CB51,ood_palette,mixed_asymmetric,verde_ocre_crema,motivos geométricos combinados,mixta,mixta,asimétrica,alto,TPL_01,true,3,V2_031,0.938420613607,0.780972798665,-0.157447814941,0.000000000000,1.000000000000,0.333333333333,0.500000000000
color_histogram,computed_from_baselines_v2_contract,201,CAP-V2_041-TPL_02,V2_041,SEM-7182256D7B84CB51,ood_palette,mixed_asymmetric,verde_ocre_crema,motivos geométricos combinados,mixta,mixta,asimétrica,alto,TPL_02,false,3,V2_031,0.938420613607,0.780972798665,-0.157447814941,0.000000000000,1.000000000000,0.333333333333,0.500000000000
color_histogram,computed_from_baselines_v2_contract,202,CAP-V2_041-TPL_03,V2_041,SEM-7182256D7B84CB51,ood_palette,mixed_asymmetric,verde_ocre_crema,motivos geométricos combinados,mixta,mixta,asimétrica,alto,TPL_03,false,3,V2_031,0.938420613607,0.780972798665,-0.157447814941,0.000000000000,1.000000000000,0.333333333333,0.500000000000
color_histogram,computed_from_baselines_v2_contract,203,CAP-V2_041-TPL_04,V2_041,SEM-7182256D7B84CB51,ood_palette,mixed_asymmetric,verde_ocre_crema,motivos geométricos combinados,mixta,mixta,asimétrica,alto,TPL_04,false,3,V2_031,0.938420613607,0.780972798665,-0.157447814941,0.000000000000,1.000000000000,0.333333333333,0.500000000000
color_histogram,computed_from_baselines_v2_contract,204,CAP-V2_041-TPL_05,V2_041,SEM-7182256D7B84CB51,ood_palette,mixed_asymmetric,verde_ocre_crema,motivos geométricos combinados,mixta,mixta,asimétrica,alto,TPL_05,false,3,V2_031,0.938420613607,0.780972798665,-0.157447814941,0.000000000000,1.000000000000,0.333333333333,0.500000000000
color_histogram,computed_from_baselines_v2_contract,205,CAP-V2_042-TPL_01,V2_042,SEM-E7CF6ADDFBA2B989,ood_palette,mixed_asymmetric,morado_gris_rosa,motivos geométricos combinados,mixta,mixta,asimétrica,alto,TPL_01,true,3,V2_032,0.938420613607,0.781983693441,-0.156436920166,0.000000000000,1.000000000000,0.333333333333,0.500000000000
color_histogram,computed_from_baselines_v2_contract,206,CAP-V2_042-TPL_02,V2_042,SEM-E7CF6ADDFBA2B989,ood_palette,mixed_asymmetric,morado_gris_rosa,motivos geométricos combinados,mixta,mixta,asimétrica,alto,TPL_02,false,3,V2_032,0.938420613607,0.781983693441,-0.156436920166,0.000000000000,1.000000000000,0.333333333333,0.500000000000
color_histogram,computed_from_baselines_v2_contract,207,CAP-V2_042-TPL_03,V2_042,SEM-E7CF6ADDFBA2B989,ood_palette,mixed_asymmetric,morado_gris_rosa,motivos geométricos combinados,mixta,mixta,asimétrica,alto,TPL_03,false,3,V2_032,0.938420613607,0.781983693441,-0.156436920166,0.000000000000,1.000000000000,0.333333333333,0.500000000000
color_histogram,computed_from_baselines_v2_contract,208,CAP-V2_042-TPL_04,V2_042,SEM-E7CF6ADDFBA2B989,ood_palette,mixed_asymmetric,morado_gris_rosa,motivos geométricos combinados,mixta,mixta,asimétrica,alto,TPL_04,false,3,V2_032,0.938420613607,0.781983693441,-0.156436920166,0.000000000000,1.000000000000,0.333333333333,0.500000000000
color_histogram,computed_from_baselines_v2_contract,209,CAP-V2_042-TPL_05,V2_042,SEM-E7CF6ADDFBA2B989,ood_palette,mixed_asymmetric,morado_gris_rosa,motivos geométricos combinados,mixta,mixta,asimétrica,alto,TPL_05,false,3,V2_032,0.938420613607,0.781983693441,-0.156436920166,0.000000000000,1.000000000000,0.333333333333,0.500000000000
color_histogram,computed_from_baselines_v2_contract,210,CAP-V2_043-TPL_01,V2_043,SEM-56C4D842DA98D20F,ood_pattern,chevrons_diagonal,rojo_negro_crema,chevrones,diagonal,bandas,repetitiva,medio,TPL_01,true,8,V2_001,0.938420613607,0.437321980794,-0.501098632812,0.000000000000,0.000000000000,0.125000000000,0.315464876786
color_histogram,computed_from_baselines_v2_contract,211,CAP-V2_043-TPL_02,V2_043,SEM-56C4D842DA98D20F,ood_pattern,chevrons_diagonal,rojo_negro_crema,chevrones,diagonal,bandas,repetitiva,medio,TPL_02,false,8,V2_001,0.938420613607,0.437321980794,-0.501098632812,0.000000000000,0.000000000000,0.125000000000,0.315464876786
color_histogram,computed_from_baselines_v2_contract,212,CAP-V2_043-TPL_03,V2_043,SEM-56C4D842DA98D20F,ood_pattern,chevrons_diagonal,rojo_negro_crema,chevrones,diagonal,bandas,repetitiva,medio,TPL_03,false,8,V2_001,0.938420613607,0.437321980794,-0.501098632812,0.000000000000,0.000000000000,0.125000000000,0.315464876786
color_histogram,computed_from_baselines_v2_contract,213,CAP-V2_043-TPL_04,V2_043,SEM-56C4D842DA98D20F,ood_pattern,chevrons_diagonal,rojo_negro_crema,chevrones,diagonal,bandas,repetitiva,medio,TPL_04,false,8,V2_001,0.938420613607,0.437321980794,-0.501098632812,0.000000000000,0.000000000000,0.125000000000,0.315464876786
color_histogram,computed_from_baselines_v2_contract,214,CAP-V2_043-TPL_05,V2_043,SEM-56C4D842DA98D20F,ood_pattern,chevrons_diagonal,rojo_negro_crema,chevrones,diagonal,bandas,repetitiva,medio,TPL_05,false,8,V2_001,0.938420613607,0.437321980794,-0.501098632812,0.000000000000,0.000000000000,0.125000000000,0.315464876786
color_histogram,computed_from_baselines_v2_contract,215,CAP-V2_044-TPL_01,V2_044,SEM-14E04EF9E89810AE,ood_pattern,chevrons_diagonal,azul_crema_marron,chevrones,diagonal,bandas,repetitiva,medio,TPL_01,true,8,V2_002,0.938420613607,0.437321980794,-0.501098632812,0.000000000000,0.000000000000,0.125000000000,0.315464876786
color_histogram,computed_from_baselines_v2_contract,216,CAP-V2_044-TPL_02,V2_044,SEM-14E04EF9E89810AE,ood_pattern,chevrons_diagonal,azul_crema_marron,chevrones,diagonal,bandas,repetitiva,medio,TPL_02,false,8,V2_002,0.938420613607,0.437321980794,-0.501098632812,0.000000000000,0.000000000000,0.125000000000,0.315464876786
color_histogram,computed_from_baselines_v2_contract,217,CAP-V2_044-TPL_03,V2_044,SEM-14E04EF9E89810AE,ood_pattern,chevrons_diagonal,azul_crema_marron,chevrones,diagonal,bandas,repetitiva,medio,TPL_03,false,8,V2_002,0.938420613607,0.437321980794,-0.501098632812,0.000000000000,0.000000000000,0.125000000000,0.315464876786
color_histogram,computed_from_baselines_v2_contract,218,CAP-V2_044-TPL_04,V2_044,SEM-14E04EF9E89810AE,ood_pattern,chevrons_diagonal,azul_crema_marron,chevrones,diagonal,bandas,repetitiva,medio,TPL_04,false,8,V2_002,0.938420613607,0.437321980794,-0.501098632812,0.000000000000,0.000000000000,0.125000000000,0.315464876786
color_histogram,computed_from_baselines_v2_contract,219,CAP-V2_044-TPL_05,V2_044,SEM-14E04EF9E89810AE,ood_pattern,chevrons_diagonal,azul_crema_marron,chevrones,diagonal,bandas,repetitiva,medio,TPL_05,false,8,V2_002,0.938420613607,0.437321980794,-0.501098632812,0.000000000000,0.000000000000,0.125000000000,0.315464876786
color_histogram,computed_from_baselines_v2_contract,220,CAP-V2_045-TPL_01,V2_045,SEM-65762749FD7D9D05,ood_pattern,chevrons_diagonal,ocre_marron_negro,chevrones,diagonal,bandas,repetitiva,medio,TPL_01,true,8,V2_003,0.938420613607,0.437321980794,-0.501098632812,0.000000000000,0.000000000000,0.125000000000,0.315464876786
color_histogram,computed_from_baselines_v2_contract,221,CAP-V2_045-TPL_02,V2_045,SEM-65762749FD7D9D05,ood_pattern,chevrons_diagonal,ocre_marron_negro,chevrones,diagonal,bandas,repetitiva,medio,TPL_02,false,8,V2_003,0.938420613607,0.437321980794,-0.501098632812,0.000000000000,0.000000000000,0.125000000000,0.315464876786
color_histogram,computed_from_baselines_v2_contract,222,CAP-V2_045-TPL_03,V2_045,SEM-65762749FD7D9D05,ood_pattern,chevrons_diagonal,ocre_marron_negro,chevrones,diagonal,bandas,repetitiva,medio,TPL_03,false,8,V2_003,0.938420613607,0.437321980794,-0.501098632812,0.000000000000,0.000000000000,0.125000000000,0.315464876786
color_histogram,computed_from_baselines_v2_contract,223,CAP-V2_045-TPL_04,V2_045,SEM-65762749FD7D9D05,ood_pattern,chevrons_diagonal,ocre_marron_negro,chevrones,diagonal,bandas,repetitiva,medio,TPL_04,false,8,V2_003,0.938420613607,0.437321980794,-0.501098632812,0.000000000000,0.000000000000,0.125000000000,0.315464876786
color_histogram,computed_from_baselines_v2_contract,224,CAP-V2_045-TPL_05,V2_045,SEM-65762749FD7D9D05,ood_pattern,chevrons_diagonal,ocre_marron_negro,chevrones,diagonal,bandas,repetitiva,medio,TPL_05,false,8,V2_003,0.938420613607,0.437321980794,-0.501098632812,0.000000000000,0.000000000000,0.125000000000,0.315464876786
color_histogram,computed_from_baselines_v2_contract,225,CAP-V2_046-TPL_01,V2_046,SEM-C6432B9E4CDBB5A7,ood_pattern,chevrons_diagonal,blanco_negro_gris,chevrones,diagonal,bandas,repetitiva,medio,TPL_01,true,8,V2_004,0.938420613607,0.437321980794,-0.501098632812,0.000000000000,0.000000000000,0.125000000000,0.315464876786
color_histogram,computed_from_baselines_v2_contract,226,CAP-V2_046-TPL_02,V2_046,SEM-C6432B9E4CDBB5A7,ood_pattern,chevrons_diagonal,blanco_negro_gris,chevrones,diagonal,bandas,repetitiva,medio,TPL_02,false,8,V2_004,0.938420613607,0.437321980794,-0.501098632812,0.000000000000,0.000000000000,0.125000000000,0.315464876786
color_histogram,computed_from_baselines_v2_contract,227,CAP-V2_046-TPL_03,V2_046,SEM-C6432B9E4CDBB5A7,ood_pattern,chevrons_diagonal,blanco_negro_gris,chevrones,diagonal,bandas,repetitiva,medio,TPL_03,false,8,V2_004,0.938420613607,0.437321980794,-0.501098632812,0.000000000000,0.000000000000,0.125000000000,0.315464876786
color_histogram,computed_from_baselines_v2_contract,228,CAP-V2_046-TPL_04,V2_046,SEM-C6432B9E4CDBB5A7,ood_pattern,chevrons_diagonal,blanco_negro_gris,chevrones,diagonal,bandas,repetitiva,medio,TPL_04,false,8,V2_004,0.938420613607,0.437321980794,-0.501098632812,0.000000000000,0.000000000000,0.125000000000,0.315464876786
color_histogram,computed_from_baselines_v2_contract,229,CAP-V2_046-TPL_05,V2_046,SEM-C6432B9E4CDBB5A7,ood_pattern,chevrons_diagonal,blanco_negro_gris,chevrones,diagonal,bandas,repetitiva,medio,TPL_05,false,8,V2_004,0.938420613607,0.437321980794,-0.501098632812,0.000000000000,0.000000000000,0.125000000000,0.315464876786
color_histogram,computed_from_baselines_v2_contract,230,CAP-V2_047-TPL_01,V2_047,SEM-2FFA4D814BEBCF16,ood_pattern,chevrons_diagonal,multicolor_tierra,chevrones,diagonal,bandas,repetitiva,medio,TPL_01,true,8,V2_005,0.905868530273,0.364227294922,-0.541641235352,0.000000000000,0.000000000000,0.125000000000,0.315464876786
color_histogram,computed_from_baselines_v2_contract,231,CAP-V2_047-TPL_02,V2_047,SEM-2FFA4D814BEBCF16,ood_pattern,chevrons_diagonal,multicolor_tierra,chevrones,diagonal,bandas,repetitiva,medio,TPL_02,false,8,V2_005,0.905868530273,0.364227294922,-0.541641235352,0.000000000000,0.000000000000,0.125000000000,0.315464876786
color_histogram,computed_from_baselines_v2_contract,232,CAP-V2_047-TPL_03,V2_047,SEM-2FFA4D814BEBCF16,ood_pattern,chevrons_diagonal,multicolor_tierra,chevrones,diagonal,bandas,repetitiva,medio,TPL_03,false,8,V2_005,0.905868530273,0.364227294922,-0.541641235352,0.000000000000,0.000000000000,0.125000000000,0.315464876786
color_histogram,computed_from_baselines_v2_contract,233,CAP-V2_047-TPL_04,V2_047,SEM-2FFA4D814BEBCF16,ood_pattern,chevrons_diagonal,multicolor_tierra,chevrones,diagonal,bandas,repetitiva,medio,TPL_04,false,8,V2_005,0.905868530273,0.364227294922,-0.541641235352,0.000000000000,0.000000000000,0.125000000000,0.315464876786
color_histogram,computed_from_baselines_v2_contract,234,CAP-V2_047-TPL_05,V2_047,SEM-2FFA4D814BEBCF16,ood_pattern,chevrons_diagonal,multicolor_tierra,chevrones,diagonal,bandas,repetitiva,medio,TPL_05,false,8,V2_005,0.905868530273,0.364227294922,-0.541641235352,0.000000000000,0.000000000000,0.125000000000,0.315464876786
color_histogram,computed_from_baselines_v2_contract,235,CAP-V2_048-TPL_01,V2_048,SEM-EE8AABF8E6A4B9F8,ood_pattern,circles_concentric,rojo_negro_crema,círculos concéntricos,radial,central,radial,bajo,TPL_01,true,6,V2_001,0.938420613607,0.510323842367,-0.428096771240,0.000000000000,0.000000000000,0.166666666667,0.356207187108
color_histogram,computed_from_baselines_v2_contract,236,CAP-V2_048-TPL_02,V2_048,SEM-EE8AABF8E6A4B9F8,ood_pattern,circles_concentric,rojo_negro_crema,círculos concéntricos,radial,central,radial,bajo,TPL_02,false,6,V2_001,0.938420613607,0.510323842367,-0.428096771240,0.000000000000,0.000000000000,0.166666666667,0.356207187108
color_histogram,computed_from_baselines_v2_contract,237,CAP-V2_048-TPL_03,V2_048,SEM-EE8AABF8E6A4B9F8,ood_pattern,circles_concentric,rojo_negro_crema,círculos concéntricos,radial,central,radial,bajo,TPL_03,false,6,V2_001,0.938420613607,0.510323842367,-0.428096771240,0.000000000000,0.000000000000,0.166666666667,0.356207187108
color_histogram,computed_from_baselines_v2_contract,238,CAP-V2_048-TPL_04,V2_048,SEM-EE8AABF8E6A4B9F8,ood_pattern,circles_concentric,rojo_negro_crema,círculos concéntricos,radial,central,radial,bajo,TPL_04,false,6,V2_001,0.938420613607,0.510323842367,-0.428096771240,0.000000000000,0.000000000000,0.166666666667,0.356207187108
color_histogram,computed_from_baselines_v2_contract,239,CAP-V2_048-TPL_05,V2_048,SEM-EE8AABF8E6A4B9F8,ood_pattern,circles_concentric,rojo_negro_crema,círculos concéntricos,radial,central,radial,bajo,TPL_05,false,6,V2_001,0.938420613607,0.510323842367,-0.428096771240,0.000000000000,0.000000000000,0.166666666667,0.356207187108
color_histogram,computed_from_baselines_v2_contract,240,CAP-V2_049-TPL_01,V2_049,SEM-6D37CFF774A2170A,ood_pattern,circles_concentric,azul_crema_marron,círculos concéntricos,radial,central,radial,bajo,TPL_01,true,6,V2_002,0.938420613607,0.510323842367,-0.428096771240,0.000000000000,0.000000000000,0.166666666667,0.356207187108
color_histogram,computed_from_baselines_v2_contract,241,CAP-V2_049-TPL_02,V2_049,SEM-6D37CFF774A2170A,ood_pattern,circles_concentric,azul_crema_marron,círculos concéntricos,radial,central,radial,bajo,TPL_02,false,6,V2_002,0.938420613607,0.510323842367,-0.428096771240,0.000000000000,0.000000000000,0.166666666667,0.356207187108
color_histogram,computed_from_baselines_v2_contract,242,CAP-V2_049-TPL_03,V2_049,SEM-6D37CFF774A2170A,ood_pattern,circles_concentric,azul_crema_marron,círculos concéntricos,radial,central,radial,bajo,TPL_03,false,6,V2_002,0.938420613607,0.510323842367,-0.428096771240,0.000000000000,0.000000000000,0.166666666667,0.356207187108
color_histogram,computed_from_baselines_v2_contract,243,CAP-V2_049-TPL_04,V2_049,SEM-6D37CFF774A2170A,ood_pattern,circles_concentric,azul_crema_marron,círculos concéntricos,radial,central,radial,bajo,TPL_04,false,6,V2_002,0.938420613607,0.510323842367,-0.428096771240,0.000000000000,0.000000000000,0.166666666667,0.356207187108
color_histogram,computed_from_baselines_v2_contract,244,CAP-V2_049-TPL_05,V2_049,SEM-6D37CFF774A2170A,ood_pattern,circles_concentric,azul_crema_marron,círculos concéntricos,radial,central,radial,bajo,TPL_05,false,6,V2_002,0.938420613607,0.510323842367,-0.428096771240,0.000000000000,0.000000000000,0.166666666667,0.356207187108
color_histogram,computed_from_baselines_v2_contract,245,CAP-V2_050-TPL_01,V2_050,SEM-FC6C9490A1241F7A,ood_pattern,circles_concentric,ocre_marron_negro,círculos concéntricos,radial,central,radial,bajo,TPL_01,true,6,V2_003,0.938420613607,0.510323842367,-0.428096771240,0.000000000000,0.000000000000,0.166666666667,0.356207187108
color_histogram,computed_from_baselines_v2_contract,246,CAP-V2_050-TPL_02,V2_050,SEM-FC6C9490A1241F7A,ood_pattern,circles_concentric,ocre_marron_negro,círculos concéntricos,radial,central,radial,bajo,TPL_02,false,6,V2_003,0.938420613607,0.510323842367,-0.428096771240,0.000000000000,0.000000000000,0.166666666667,0.356207187108
color_histogram,computed_from_baselines_v2_contract,247,CAP-V2_050-TPL_03,V2_050,SEM-FC6C9490A1241F7A,ood_pattern,circles_concentric,ocre_marron_negro,círculos concéntricos,radial,central,radial,bajo,TPL_03,false,6,V2_003,0.938420613607,0.510323842367,-0.428096771240,0.000000000000,0.000000000000,0.166666666667,0.356207187108
color_histogram,computed_from_baselines_v2_contract,248,CAP-V2_050-TPL_04,V2_050,SEM-FC6C9490A1241F7A,ood_pattern,circles_concentric,ocre_marron_negro,círculos concéntricos,radial,central,radial,bajo,TPL_04,false,6,V2_003,0.938420613607,0.510323842367,-0.428096771240,0.000000000000,0.000000000000,0.166666666667,0.356207187108
color_histogram,computed_from_baselines_v2_contract,249,CAP-V2_050-TPL_05,V2_050,SEM-FC6C9490A1241F7A,ood_pattern,circles_concentric,ocre_marron_negro,círculos concéntricos,radial,central,radial,bajo,TPL_05,false,6,V2_003,0.938420613607,0.510323842367,-0.428096771240,0.000000000000,0.000000000000,0.166666666667,0.356207187108
color_histogram,computed_from_baselines_v2_contract,250,CAP-V2_051-TPL_01,V2_051,SEM-0920FB69B33089FA,ood_pattern,circles_concentric,blanco_negro_gris,círculos concéntricos,radial,central,radial,bajo,TPL_01,true,6,V2_004,0.938420613607,0.510323842367,-0.428096771240,0.000000000000,0.000000000000,0.166666666667,0.356207187108
color_histogram,computed_from_baselines_v2_contract,251,CAP-V2_051-TPL_02,V2_051,SEM-0920FB69B33089FA,ood_pattern,circles_concentric,blanco_negro_gris,círculos concéntricos,radial,central,radial,bajo,TPL_02,false,6,V2_004,0.938420613607,0.510323842367,-0.428096771240,0.000000000000,0.000000000000,0.166666666667,0.356207187108
color_histogram,computed_from_baselines_v2_contract,252,CAP-V2_051-TPL_03,V2_051,SEM-0920FB69B33089FA,ood_pattern,circles_concentric,blanco_negro_gris,círculos concéntricos,radial,central,radial,bajo,TPL_03,false,6,V2_004,0.938420613607,0.510323842367,-0.428096771240,0.000000000000,0.000000000000,0.166666666667,0.356207187108
color_histogram,computed_from_baselines_v2_contract,253,CAP-V2_051-TPL_04,V2_051,SEM-0920FB69B33089FA,ood_pattern,circles_concentric,blanco_negro_gris,círculos concéntricos,radial,central,radial,bajo,TPL_04,false,6,V2_004,0.938420613607,0.510323842367,-0.428096771240,0.000000000000,0.000000000000,0.166666666667,0.356207187108
color_histogram,computed_from_baselines_v2_contract,254,CAP-V2_051-TPL_05,V2_051,SEM-0920FB69B33089FA,ood_pattern,circles_concentric,blanco_negro_gris,círculos concéntricos,radial,central,radial,bajo,TPL_05,false,6,V2_004,0.938420613607,0.510323842367,-0.428096771240,0.000000000000,0.000000000000,0.166666666667,0.356207187108
color_histogram,computed_from_baselines_v2_contract,255,CAP-V2_052-TPL_01,V2_052,SEM-E1BF16D5596893CB,ood_pattern,circles_concentric,multicolor_tierra,círculos concéntricos,radial,central,radial,bajo,TPL_01,true,6,V2_005,0.905868530273,0.447803497314,-0.458065032959,0.000000000000,0.000000000000,0.166666666667,0.356207187108
color_histogram,computed_from_baselines_v2_contract,256,CAP-V2_052-TPL_02,V2_052,SEM-E1BF16D5596893CB,ood_pattern,circles_concentric,multicolor_tierra,círculos concéntricos,radial,central,radial,bajo,TPL_02,false,6,V2_005,0.905868530273,0.447803497314,-0.458065032959,0.000000000000,0.000000000000,0.166666666667,0.356207187108
color_histogram,computed_from_baselines_v2_contract,257,CAP-V2_052-TPL_03,V2_052,SEM-E1BF16D5596893CB,ood_pattern,circles_concentric,multicolor_tierra,círculos concéntricos,radial,central,radial,bajo,TPL_03,false,6,V2_005,0.905868530273,0.447803497314,-0.458065032959,0.000000000000,0.000000000000,0.166666666667,0.356207187108
color_histogram,computed_from_baselines_v2_contract,258,CAP-V2_052-TPL_04,V2_052,SEM-E1BF16D5596893CB,ood_pattern,circles_concentric,multicolor_tierra,círculos concéntricos,radial,central,radial,bajo,TPL_04,false,6,V2_005,0.905868530273,0.447803497314,-0.458065032959,0.000000000000,0.000000000000,0.166666666667,0.356207187108
color_histogram,computed_from_baselines_v2_contract,259,CAP-V2_052-TPL_05,V2_052,SEM-E1BF16D5596893CB,ood_pattern,circles_concentric,multicolor_tierra,círculos concéntricos,radial,central,radial,bajo,TPL_05,false,6,V2_005,0.905868530273,0.447803497314,-0.458065032959,0.000000000000,0.000000000000,0.166666666667,0.356207187108
color_histogram,computed_from_baselines_v2_contract,260,CAP-V2_053-TPL_01,V2_053,SEM-20B860903E0F0C0C,ood_both,chevrons_diagonal,verde_ocre_crema,chevrones,diagonal,bandas,repetitiva,medio,TPL_01,true,8,V2_031,0.938420613607,0.437321980794,-0.501098632812,0.000000000000,0.000000000000,0.125000000000,0.315464876786
color_histogram,computed_from_baselines_v2_contract,261,CAP-V2_053-TPL_02,V2_053,SEM-20B860903E0F0C0C,ood_both,chevrons_diagonal,verde_ocre_crema,chevrones,diagonal,bandas,repetitiva,medio,TPL_02,false,8,V2_031,0.938420613607,0.437321980794,-0.501098632812,0.000000000000,0.000000000000,0.125000000000,0.315464876786
color_histogram,computed_from_baselines_v2_contract,262,CAP-V2_053-TPL_03,V2_053,SEM-20B860903E0F0C0C,ood_both,chevrons_diagonal,verde_ocre_crema,chevrones,diagonal,bandas,repetitiva,medio,TPL_03,false,8,V2_031,0.938420613607,0.437321980794,-0.501098632812,0.000000000000,0.000000000000,0.125000000000,0.315464876786
color_histogram,computed_from_baselines_v2_contract,263,CAP-V2_053-TPL_04,V2_053,SEM-20B860903E0F0C0C,ood_both,chevrons_diagonal,verde_ocre_crema,chevrones,diagonal,bandas,repetitiva,medio,TPL_04,false,8,V2_031,0.938420613607,0.437321980794,-0.501098632812,0.000000000000,0.000000000000,0.125000000000,0.315464876786
color_histogram,computed_from_baselines_v2_contract,264,CAP-V2_053-TPL_05,V2_053,SEM-20B860903E0F0C0C,ood_both,chevrons_diagonal,verde_ocre_crema,chevrones,diagonal,bandas,repetitiva,medio,TPL_05,false,8,V2_031,0.938420613607,0.437321980794,-0.501098632812,0.000000000000,0.000000000000,0.125000000000,0.315464876786
color_histogram,computed_from_baselines_v2_contract,265,CAP-V2_054-TPL_01,V2_054,SEM-C4C38215AF96E506,ood_both,chevrons_diagonal,morado_gris_rosa,chevrones,diagonal,bandas,repetitiva,medio,TPL_01,true,8,V2_032,0.938420613607,0.437321980794,-0.501098632812,0.000000000000,0.000000000000,0.125000000000,0.315464876786
color_histogram,computed_from_baselines_v2_contract,266,CAP-V2_054-TPL_02,V2_054,SEM-C4C38215AF96E506,ood_both,chevrons_diagonal,morado_gris_rosa,chevrones,diagonal,bandas,repetitiva,medio,TPL_02,false,8,V2_032,0.938420613607,0.437321980794,-0.501098632812,0.000000000000,0.000000000000,0.125000000000,0.315464876786
color_histogram,computed_from_baselines_v2_contract,267,CAP-V2_054-TPL_03,V2_054,SEM-C4C38215AF96E506,ood_both,chevrons_diagonal,morado_gris_rosa,chevrones,diagonal,bandas,repetitiva,medio,TPL_03,false,8,V2_032,0.938420613607,0.437321980794,-0.501098632812,0.000000000000,0.000000000000,0.125000000000,0.315464876786
color_histogram,computed_from_baselines_v2_contract,268,CAP-V2_054-TPL_04,V2_054,SEM-C4C38215AF96E506,ood_both,chevrons_diagonal,morado_gris_rosa,chevrones,diagonal,bandas,repetitiva,medio,TPL_04,false,8,V2_032,0.938420613607,0.437321980794,-0.501098632812,0.000000000000,0.000000000000,0.125000000000,0.315464876786
color_histogram,computed_from_baselines_v2_contract,269,CAP-V2_054-TPL_05,V2_054,SEM-C4C38215AF96E506,ood_both,chevrons_diagonal,morado_gris_rosa,chevrones,diagonal,bandas,repetitiva,medio,TPL_05,false,8,V2_032,0.938420613607,0.437321980794,-0.501098632812,0.000000000000,0.000000000000,0.125000000000,0.315464876786
color_histogram,computed_from_baselines_v2_contract,270,CAP-V2_055-TPL_01,V2_055,SEM-B3C4DB2C1AD51CA9,ood_both,circles_concentric,verde_ocre_crema,círculos concéntricos,radial,central,radial,bajo,TPL_01,true,6,V2_031,0.938420613607,0.510323842367,-0.428096771240,0.000000000000,0.000000000000,0.166666666667,0.356207187108
color_histogram,computed_from_baselines_v2_contract,271,CAP-V2_055-TPL_02,V2_055,SEM-B3C4DB2C1AD51CA9,ood_both,circles_concentric,verde_ocre_crema,círculos concéntricos,radial,central,radial,bajo,TPL_02,false,6,V2_031,0.938420613607,0.510323842367,-0.428096771240,0.000000000000,0.000000000000,0.166666666667,0.356207187108
color_histogram,computed_from_baselines_v2_contract,272,CAP-V2_055-TPL_03,V2_055,SEM-B3C4DB2C1AD51CA9,ood_both,circles_concentric,verde_ocre_crema,círculos concéntricos,radial,central,radial,bajo,TPL_03,false,6,V2_031,0.938420613607,0.510323842367,-0.428096771240,0.000000000000,0.000000000000,0.166666666667,0.356207187108
color_histogram,computed_from_baselines_v2_contract,273,CAP-V2_055-TPL_04,V2_055,SEM-B3C4DB2C1AD51CA9,ood_both,circles_concentric,verde_ocre_crema,círculos concéntricos,radial,central,radial,bajo,TPL_04,false,6,V2_031,0.938420613607,0.510323842367,-0.428096771240,0.000000000000,0.000000000000,0.166666666667,0.356207187108
color_histogram,computed_from_baselines_v2_contract,274,CAP-V2_055-TPL_05,V2_055,SEM-B3C4DB2C1AD51CA9,ood_both,circles_concentric,verde_ocre_crema,círculos concéntricos,radial,central,radial,bajo,TPL_05,false,6,V2_031,0.938420613607,0.510323842367,-0.428096771240,0.000000000000,0.000000000000,0.166666666667,0.356207187108
color_histogram,computed_from_baselines_v2_contract,275,CAP-V2_056-TPL_01,V2_056,SEM-1076CAB99B86DF83,ood_both,circles_concentric,morado_gris_rosa,círculos concéntricos,radial,central,radial,bajo,TPL_01,true,6,V2_032,0.938420613607,0.510323842367,-0.428096771240,0.000000000000,0.000000000000,0.166666666667,0.356207187108
color_histogram,computed_from_baselines_v2_contract,276,CAP-V2_056-TPL_02,V2_056,SEM-1076CAB99B86DF83,ood_both,circles_concentric,morado_gris_rosa,círculos concéntricos,radial,central,radial,bajo,TPL_02,false,6,V2_032,0.938420613607,0.510323842367,-0.428096771240,0.000000000000,0.000000000000,0.166666666667,0.356207187108
color_histogram,computed_from_baselines_v2_contract,277,CAP-V2_056-TPL_03,V2_056,SEM-1076CAB99B86DF83,ood_both,circles_concentric,morado_gris_rosa,círculos concéntricos,radial,central,radial,bajo,TPL_03,false,6,V2_032,0.938420613607,0.510323842367,-0.428096771240,0.000000000000,0.000000000000,0.166666666667,0.356207187108
color_histogram,computed_from_baselines_v2_contract,278,CAP-V2_056-TPL_04,V2_056,SEM-1076CAB99B86DF83,ood_both,circles_concentric,morado_gris_rosa,círculos concéntricos,radial,central,radial,bajo,TPL_04,false,6,V2_032,0.938420613607,0.510323842367,-0.428096771240,0.000000000000,0.000000000000,0.166666666667,0.356207187108
color_histogram,computed_from_baselines_v2_contract,279,CAP-V2_056-TPL_05,V2_056,SEM-1076CAB99B86DF83,ood_both,circles_concentric,morado_gris_rosa,círculos concéntricos,radial,central,radial,bajo,TPL_05,false,6,V2_032,0.938420613607,0.510323842367,-0.428096771240,0.000000000000,0.000000000000,0.166666666667,0.356207187108
