raw_row_index,condition,image_variant,text_variant,condition_query_index,group_index,group_query_index,query_id,source_id,text_row_index,colorless_caption_id,structure_id,template_id,is_canonical,regime,pattern_id,motif,orientation,composition,symmetry,relevant_count,first_relevant_rank,top1_image_id,top1_score,best_relevant_score,best_nonrelevant_score,best_relevant_margin,structural_hit_at_1,structural_hit_at_5,structural_fractional_recall_at_5,structural_mrr,structural_ndcg_at_10
0,original_image_full_caption,original,full_caption,0,0,0,CAP-V2_001-TPL_01,positivos,0,SCAP-A3FE31524DCA0243-TPL_01,STR-A3FE31524DCA0243,TPL_01,true,base_pattern,bands_horizontal,bandas geométricas,horizontal,bandas,repetitiva,7,3,V2_011,0.351894617081,0.337622284889,0.351894617081,-0.014272332191,0.000000000000,1.000000000000,0.142857142857,0.333333333333,0.299641267195
1,original_image_full_caption,original,full_caption,1,1,0,CAP-V2_001-TPL_02,positivos,1,SCAP-A3FE31524DCA0243-TPL_02,STR-A3FE31524DCA0243,TPL_02,false,base_pattern,bands_horizontal,bandas geométricas,horizontal,bandas,repetitiva,7,3,V2_011,0.332195222378,0.310213267803,0.332195222378,-0.021981954575,0.000000000000,1.000000000000,0.142857142857,0.333333333333,0.216895245890
2,original_image_full_caption,original,full_caption,2,2,0,CAP-V2_001-TPL_03,positivos,2,SCAP-A3FE31524DCA0243-TPL_03,STR-A3FE31524DCA0243,TPL_03,false,base_pattern,bands_horizontal,bandas geométricas,horizontal,bandas,repetitiva,7,3,V2_026,0.330970823765,0.309555828571,0.330970823765,-0.021414995193,0.000000000000,1.000000000000,0.142857142857,0.333333333333,0.137438166457
3,original_image_full_caption,original,full_caption,3,3,0,CAP-V2_001-TPL_04,positivos,3,SCAP-A3FE31524DCA0243-TPL_04,STR-A3FE31524DCA0243,TPL_04,false,base_pattern,bands_horizontal,bandas geométricas,horizontal,bandas,repetitiva,7,2,V2_011,0.316889196634,0.306454926729,0.316889196634,-0.010434269905,0.000000000000,1.000000000000,0.142857142857,0.500000000000,0.347799122598
4,original_image_full_caption,original,full_caption,4,4,0,CAP-V2_001-TPL_05,positivos,4,SCAP-A3FE31524DCA0243-TPL_05,STR-A3FE31524DCA0243,TPL_05,false,base_pattern,bands_horizontal,bandas geométricas,horizontal,bandas,repetitiva,7,1,V2_001,0.340648949146,0.340648949146,0.333902537823,0.006746411324,1.000000000000,1.000000000000,0.142857142857,1.000000000000,0.361590161408
5,original_image_full_caption,original,full_caption,5,0,1,CAP-V2_002-TPL_01,positivos,5,SCAP-A3FE31524DCA0243-TPL_01,STR-A3FE31524DCA0243,TPL_01,true,base_pattern,bands_horizontal,bandas geométricas,horizontal,bandas,repetitiva,7,1,V2_002,0.365009844303,0.365009844303,0.362096548080,0.002913296223,1.000000000000,1.000000000000,0.142857142857,1.000000000000,0.274876332914
6,original_image_full_caption,original,full_caption,6,1,1,CAP-V2_002-TPL_02,positivos,6,SCAP-A3FE31524DCA0243-TPL_02,STR-A3FE31524DCA0243,TPL_02,false,base_pattern,bands_horizontal,bandas geométricas,horizontal,bandas,repetitiva,7,2,V2_027,0.353697896004,0.342582523823,0.353697896004,-0.011115372181,0.000000000000,1.000000000000,0.142857142857,0.500000000000,0.173427656988
7,original_image_full_caption,original,full_caption,7,2,1,CAP-V2_002-TPL_03,positivos,7,SCAP-A3FE31524DCA0243-TPL_03,STR-A3FE31524DCA0243,TPL_03,false,base_pattern,bands_horizontal,bandas geométricas,horizontal,bandas,repetitiva,7,3,V2_027,0.357337445021,0.337379783392,0.357337445021,-0.019957661629,0.000000000000,1.000000000000,0.142857142857,0.333333333333,0.137438166457
8,original_image_full_caption,original,full_caption,8,3,1,CAP-V2_002-TPL_04,positivos,8,SCAP-A3FE31524DCA0243-TPL_04,STR-A3FE31524DCA0243,TPL_04,false,base_pattern,bands_horizontal,bandas geométricas,horizontal,bandas,repetitiva,7,1,V2_002,0.321057319641,0.321057319641,0.319630086422,0.001427233219,1.000000000000,1.000000000000,0.142857142857,1.000000000000,0.274876332914
9,original_image_full_caption,original,full_caption,9,4,1,CAP-V2_002-TPL_05,positivos,9,SCAP-A3FE31524DCA0243-TPL_05,STR-A3FE31524DCA0243,TPL_05,false,base_pattern,bands_horizontal,bandas geométricas,horizontal,bandas,repetitiva,7,1,V2_002,0.359454244375,0.359454244375,0.344346761703,0.015107482672,1.000000000000,1.000000000000,0.142857142857,1.000000000000,0.274876332914
10,original_image_full_caption,original,full_caption,10,0,2,CAP-V2_003-TPL_01,positivos,10,SCAP-A3FE31524DCA0243-TPL_01,STR-A3FE31524DCA0243,TPL_01,true,base_pattern,bands_horizontal,bandas geométricas,horizontal,bandas,repetitiva,7,2,V2_008,0.348789632320,0.335728734732,0.348789632320,-0.013060897589,0.000000000000,1.000000000000,0.142857142857,0.500000000000,0.173427656988
11,original_image_full_caption,original,full_caption,11,1,2,CAP-V2_003-TPL_02,positivos,11,SCAP-A3FE31524DCA0243-TPL_02,STR-A3FE31524DCA0243,TPL_02,false,base_pattern,bands_horizontal,bandas geométricas,horizontal,bandas,repetitiva,7,2,V2_028,0.325777053833,0.314760744572,0.325777053833,-0.011016309261,0.000000000000,1.000000000000,0.142857142857,0.500000000000,0.173427656988
12,original_image_full_caption,original,full_caption,12,2,2,CAP-V2_003-TPL_03,positivos,12,SCAP-A3FE31524DCA0243-TPL_03,STR-A3FE31524DCA0243,TPL_03,false,base_pattern,bands_horizontal,bandas geométricas,horizontal,bandas,repetitiva,7,3,V2_028,0.326543450356,0.322335422039,0.326543450356,-0.004208028316,0.000000000000,1.000000000000,0.142857142857,0.333333333333,0.137438166457
13,original_image_full_caption,original,full_caption,13,3,2,CAP-V2_003-TPL_04,positivos,13,SCAP-A3FE31524DCA0243-TPL_04,STR-A3FE31524DCA0243,TPL_04,false,base_pattern,bands_horizontal,bandas geométricas,horizontal,bandas,repetitiva,7,1,V2_003,0.325080335140,0.325080335140,0.306127965450,0.018952369690,1.000000000000,1.000000000000,0.142857142857,1.000000000000,0.361590161408
14,original_image_full_caption,original,full_caption,14,4,2,CAP-V2_003-TPL_05,positivos,14,SCAP-A3FE31524DCA0243-TPL_05,STR-A3FE31524DCA0243,TPL_05,false,base_pattern,bands_horizontal,bandas geométricas,horizontal,bandas,repetitiva,7,1,V2_003,0.335055470467,0.335055470467,0.328909993172,0.006145477295,1.000000000000,1.000000000000,0.142857142857,1.000000000000,0.274876332914
15,original_image_full_caption,original,full_caption,15,0,3,CAP-V2_004-TPL_01,positivos,15,SCAP-A3FE31524DCA0243-TPL_01,STR-A3FE31524DCA0243,TPL_01,true,base_pattern,bands_horizontal,bandas geométricas,horizontal,bandas,repetitiva,7,3,V2_014,0.322224646807,0.313583195210,0.322224646807,-0.008641451597,0.000000000000,1.000000000000,0.142857142857,0.333333333333,0.137438166457
16,original_image_full_caption,original,full_caption,16,1,3,CAP-V2_004-TPL_02,positivos,16,SCAP-A3FE31524DCA0243-TPL_02,STR-A3FE31524DCA0243,TPL_02,false,base_pattern,bands_horizontal,bandas geométricas,horizontal,bandas,repetitiva,7,4,V2_024,0.307851105928,0.288740336895,0.307851105928,-0.019110769033,0.000000000000,1.000000000000,0.142857142857,0.250000000000,0.118382792955
17,original_image_full_caption,original,full_caption,17,2,3,CAP-V2_004-TPL_03,positivos,17,SCAP-A3FE31524DCA0243-TPL_03,STR-A3FE31524DCA0243,TPL_03,false,base_pattern,bands_horizontal,bandas geométricas,horizontal,bandas,repetitiva,7,4,V2_029,0.304731160402,0.280424654484,0.304731160402,-0.024306505919,0.000000000000,1.000000000000,0.142857142857,0.250000000000,0.118382792955
18,original_image_full_caption,original,full_caption,18,3,3,CAP-V2_004-TPL_04,positivos,18,SCAP-A3FE31524DCA0243-TPL_04,STR-A3FE31524DCA0243,TPL_04,false,base_pattern,bands_horizontal,bandas geométricas,horizontal,bandas,repetitiva,7,1,V2_004,0.279100894928,0.279100894928,0.278775334358,0.000325560570,1.000000000000,1.000000000000,0.142857142857,1.000000000000,0.274876332914
19,original_image_full_caption,original,full_caption,19,4,3,CAP-V2_004-TPL_05,positivos,19,SCAP-A3FE31524DCA0243-TPL_05,STR-A3FE31524DCA0243,TPL_05,false,base_pattern,bands_horizontal,bandas geométricas,horizontal,bandas,repetitiva,7,1,V2_004,0.320192247629,0.320192247629,0.302956104279,0.017236143351,1.000000000000,1.000000000000,0.142857142857,1.000000000000,0.274876332914
20,original_image_full_caption,original,full_caption,20,0,4,CAP-V2_005-TPL_01,positivos,20,SCAP-A3FE31524DCA0243-TPL_01,STR-A3FE31524DCA0243,TPL_01,true,base_pattern,bands_horizontal,bandas geométricas,horizontal,bandas,repetitiva,7,2,V2_015,0.360274165869,0.353165864944,0.360274165869,-0.007108300924,0.000000000000,1.000000000000,0.142857142857,0.500000000000,0.335630757726
21,original_image_full_caption,original,full_caption,21,1,4,CAP-V2_005-TPL_02,positivos,21,SCAP-A3FE31524DCA0243-TPL_02,STR-A3FE31524DCA0243,TPL_02,false,base_pattern,bands_horizontal,bandas geométricas,horizontal,bandas,repetitiva,7,4,V2_030,0.344659775496,0.292437195778,0.344659775496,-0.052222579718,0.000000000000,1.000000000000,0.142857142857,0.250000000000,0.118382792955
22,original_image_full_caption,original,full_caption,22,2,4,CAP-V2_005-TPL_03,positivos,22,SCAP-A3FE31524DCA0243-TPL_03,STR-A3FE31524DCA0243,TPL_03,false,base_pattern,bands_horizontal,bandas geométricas,horizontal,bandas,repetitiva,7,3,V2_030,0.358123064041,0.302583724260,0.358123064041,-0.055539339781,0.000000000000,1.000000000000,0.142857142857,0.333333333333,0.137438166457
23,original_image_full_caption,original,full_caption,23,3,4,CAP-V2_005-TPL_04,positivos,23,SCAP-A3FE31524DCA0243-TPL_04,STR-A3FE31524DCA0243,TPL_04,false,base_pattern,bands_horizontal,bandas geométricas,horizontal,bandas,repetitiva,7,3,V2_015,0.335982561111,0.315432250500,0.335982561111,-0.020550310612,0.000000000000,1.000000000000,0.142857142857,0.333333333333,0.229063610762
24,original_image_full_caption,original,full_caption,24,4,4,CAP-V2_005-TPL_05,positivos,24,SCAP-A3FE31524DCA0243-TPL_05,STR-A3FE31524DCA0243,TPL_05,false,base_pattern,bands_horizontal,bandas geométricas,horizontal,bandas,repetitiva,7,3,V2_030,0.349335074425,0.343601375818,0.349335074425,-0.005733698606,0.000000000000,1.000000000000,0.142857142857,0.333333333333,0.308520690195
25,original_image_full_caption,original,full_caption,25,5,0,CAP-V2_006-TPL_01,positivos,25,SCAP-390DD4719A974C7E-TPL_01,STR-390DD4719A974C7E,TPL_01,true,base_pattern,bands_vertical,bandas geométricas,vertical,bandas,repetitiva,7,2,V2_011,0.354999423027,0.351220697165,0.354999423027,-0.003778725863,0.000000000000,1.000000000000,0.142857142857,0.500000000000,0.260141485482
26,original_image_full_caption,original,full_caption,26,6,0,CAP-V2_006-TPL_02,positivos,26,SCAP-390DD4719A974C7E-TPL_02,STR-390DD4719A974C7E,TPL_02,false,base_pattern,bands_vertical,bandas geométricas,vertical,bandas,repetitiva,7,3,V2_011,0.339359700680,0.313307762146,0.339359700680,-0.026051938534,0.000000000000,1.000000000000,0.142857142857,0.333333333333,0.137438166457
27,original_image_full_caption,original,full_caption,27,7,0,CAP-V2_006-TPL_03,positivos,27,SCAP-390DD4719A974C7E-TPL_03,STR-390DD4719A974C7E,TPL_03,false,base_pattern,bands_vertical,bandas geométricas,vertical,bandas,repetitiva,7,3,V2_011,0.339565336704,0.322546571493,0.339565336704,-0.017018765211,0.000000000000,1.000000000000,0.142857142857,0.333333333333,0.137438166457
28,original_image_full_caption,original,full_caption,28,8,0,CAP-V2_006-TPL_04,positivos,28,SCAP-390DD4719A974C7E-TPL_04,STR-390DD4719A974C7E,TPL_04,false,base_pattern,bands_vertical,bandas geométricas,vertical,bandas,repetitiva,7,3,V2_011,0.326120495796,0.311577767134,0.326120495796,-0.014542728662,0.000000000000,1.000000000000,0.142857142857,0.333333333333,0.137438166457
29,original_image_full_caption,original,full_caption,29,9,0,CAP-V2_006-TPL_05,positivos,29,SCAP-390DD4719A974C7E-TPL_05,STR-390DD4719A974C7E,TPL_05,false,base_pattern,bands_vertical,bandas geométricas,vertical,bandas,repetitiva,7,1,V2_006,0.348100930452,0.348100930452,0.342596024275,0.005504906178,1.000000000000,1.000000000000,0.142857142857,1.000000000000,0.357622354220
30,original_image_full_caption,original,full_caption,30,5,1,CAP-V2_007-TPL_01,positivos,30,SCAP-390DD4719A974C7E-TPL_01,STR-390DD4719A974C7E,TPL_01,true,base_pattern,bands_vertical,bandas geométricas,vertical,bandas,repetitiva,7,3,V2_012,0.366772711277,0.357411265373,0.366772711277,-0.009361445904,0.000000000000,1.000000000000,0.142857142857,0.333333333333,0.137438166457
31,original_image_full_caption,original,full_caption,31,6,1,CAP-V2_007-TPL_02,positivos,31,SCAP-390DD4719A974C7E-TPL_02,STR-390DD4719A974C7E,TPL_02,false,base_pattern,bands_vertical,bandas geométricas,vertical,bandas,repetitiva,7,4,V2_012,0.356869041920,0.328755319118,0.356869041920,-0.028113722801,0.000000000000,1.000000000000,0.142857142857,0.250000000000,0.118382792955
32,original_image_full_caption,original,full_caption,32,7,1,CAP-V2_007-TPL_03,positivos,32,SCAP-390DD4719A974C7E-TPL_03,STR-390DD4719A974C7E,TPL_03,false,base_pattern,bands_vertical,bandas geométricas,vertical,bandas,repetitiva,7,4,V2_012,0.370864003897,0.324479877949,0.370864003897,-0.046384125948,0.000000000000,1.000000000000,0.142857142857,0.250000000000,0.118382792955
33,original_image_full_caption,original,full_caption,33,8,1,CAP-V2_007-TPL_04,positivos,33,SCAP-390DD4719A974C7E-TPL_04,STR-390DD4719A974C7E,TPL_04,false,base_pattern,bands_vertical,bandas geométricas,vertical,bandas,repetitiva,7,5,V2_012,0.329205930233,0.295247137547,0.329205930233,-0.033958792686,0.000000000000,1.000000000000,0.142857142857,0.200000000000,0.106336681030
34,original_image_full_caption,original,full_caption,34,9,1,CAP-V2_007-TPL_05,positivos,34,SCAP-390DD4719A974C7E-TPL_05,STR-390DD4719A974C7E,TPL_05,false,base_pattern,bands_vertical,bandas geométricas,vertical,bandas,repetitiva,7,3,V2_002,0.361467331648,0.349831968546,0.361467331648,-0.011635363102,0.000000000000,1.000000000000,0.142857142857,0.333333333333,0.216895245890
35,original_image_full_caption,original,full_caption,35,5,2,CAP-V2_008-TPL_01,positivos,35,SCAP-390DD4719A974C7E-TPL_01,STR-390DD4719A974C7E,TPL_01,true,base_pattern,bands_vertical,bandas geométricas,vertical,bandas,repetitiva,7,1,V2_008,0.356800109148,0.356800109148,0.337784290314,0.019015818834,1.000000000000,1.000000000000,0.142857142857,1.000000000000,0.366501777219
36,original_image_full_caption,original,full_caption,36,6,2,CAP-V2_008-TPL_02,positivos,36,SCAP-390DD4719A974C7E-TPL_02,STR-390DD4719A974C7E,TPL_02,false,base_pattern,bands_vertical,bandas geométricas,vertical,bandas,repetitiva,7,2,V2_028,0.323046892881,0.318872779608,0.323046892881,-0.004174113274,0.000000000000,1.000000000000,0.142857142857,0.500000000000,0.173427656988
37,original_image_full_caption,original,full_caption,37,7,2,CAP-V2_008-TPL_03,positivos,37,SCAP-390DD4719A974C7E-TPL_03,STR-390DD4719A974C7E,TPL_03,false,base_pattern,bands_vertical,bandas geométricas,vertical,bandas,repetitiva,7,1,V2_008,0.338255554438,0.338255554438,0.333170294762,0.005085259676,1.000000000000,1.000000000000,0.142857142857,1.000000000000,0.274876332914
38,original_image_full_caption,original,full_caption,38,8,2,CAP-V2_008-TPL_04,positivos,38,SCAP-390DD4719A974C7E-TPL_04,STR-390DD4719A974C7E,TPL_04,false,base_pattern,bands_vertical,bandas geométricas,vertical,bandas,repetitiva,7,2,V2_003,0.332148998976,0.320120722055,0.332148998976,-0.012028276920,0.000000000000,1.000000000000,0.142857142857,0.500000000000,0.252884736421
39,original_image_full_caption,original,full_caption,39,9,2,CAP-V2_008-TPL_05,positivos,39,SCAP-390DD4719A974C7E-TPL_05,STR-390DD4719A974C7E,TPL_05,false,base_pattern,bands_vertical,bandas geométricas,vertical,bandas,repetitiva,7,1,V2_008,0.343335449696,0.343335449696,0.339543908834,0.003791540861,1.000000000000,1.000000000000,0.142857142857,1.000000000000,0.354333412347
40,original_image_full_caption,original,full_caption,40,5,3,CAP-V2_009-TPL_01,positivos,40,SCAP-390DD4719A974C7E-TPL_01,STR-390DD4719A974C7E,TPL_01,true,base_pattern,bands_vertical,bandas geométricas,vertical,bandas,repetitiva,7,2,V2_014,0.327716082335,0.327648013830,0.327716082335,-0.000068068504,0.000000000000,1.000000000000,0.142857142857,0.500000000000,0.342887506788
41,original_image_full_caption,original,full_caption,41,6,3,CAP-V2_009-TPL_02,positivos,41,SCAP-390DD4719A974C7E-TPL_02,STR-390DD4719A974C7E,TPL_02,false,base_pattern,bands_vertical,bandas geométricas,vertical,bandas,repetitiva,7,4,V2_024,0.309053540230,0.301213562489,0.309053540230,-0.007839977741,0.000000000000,1.000000000000,0.142857142857,0.250000000000,0.118382792955
42,original_image_full_caption,original,full_caption,42,7,3,CAP-V2_009-TPL_03,positivos,42,SCAP-390DD4719A974C7E-TPL_03,STR-390DD4719A974C7E,TPL_03,false,base_pattern,bands_vertical,bandas geométricas,vertical,bandas,repetitiva,7,5,V2_029,0.320004642010,0.288650065660,0.320004642010,-0.031354576349,0.000000000000,1.000000000000,0.142857142857,0.200000000000,0.106336681030
43,original_image_full_caption,original,full_caption,43,8,3,CAP-V2_009-TPL_04,positivos,43,SCAP-390DD4719A974C7E-TPL_04,STR-390DD4719A974C7E,TPL_04,false,base_pattern,bands_vertical,bandas geométricas,vertical,bandas,repetitiva,7,5,V2_014,0.290868729353,0.275208592415,0.290868729353,-0.015660136938,0.000000000000,1.000000000000,0.142857142857,0.200000000000,0.189082702336
44,original_image_full_caption,original,full_caption,44,9,3,CAP-V2_009-TPL_05,positivos,44,SCAP-390DD4719A974C7E-TPL_05,STR-390DD4719A974C7E,TPL_05,false,base_pattern,bands_vertical,bandas geométricas,vertical,bandas,repetitiva,7,2,V2_004,0.323832631111,0.314419895411,0.323832631111,-0.009412735701,0.000000000000,1.000000000000,0.142857142857,0.500000000000,0.339598564915
45,original_image_full_caption,original,full_caption,45,5,4,CAP-V2_010-TPL_01,positivos,45,SCAP-390DD4719A974C7E-TPL_01,STR-390DD4719A974C7E,TPL_01,true,base_pattern,bands_vertical,bandas geométricas,vertical,bandas,repetitiva,7,2,V2_015,0.364808261395,0.356067419052,0.364808261395,-0.008740842342,0.000000000000,1.000000000000,0.142857142857,0.500000000000,0.442423106076
46,original_image_full_caption,original,full_caption,46,6,4,CAP-V2_010-TPL_02,positivos,46,SCAP-390DD4719A974C7E-TPL_02,STR-390DD4719A974C7E,TPL_02,false,base_pattern,bands_vertical,bandas geométricas,vertical,bandas,repetitiva,7,3,V2_030,0.348973959684,0.297754168510,0.348973959684,-0.051219791174,0.000000000000,1.000000000000,0.142857142857,0.333333333333,0.216895245890
47,original_image_full_caption,original,full_caption,47,7,4,CAP-V2_010-TPL_03,positivos,47,SCAP-390DD4719A974C7E-TPL_03,STR-390DD4719A974C7E,TPL_03,false,base_pattern,bands_vertical,bandas geométricas,vertical,bandas,repetitiva,7,3,V2_030,0.367539405823,0.320458412170,0.367539405823,-0.047080993652,0.000000000000,1.000000000000,0.142857142857,0.333333333333,0.216895245890
48,original_image_full_caption,original,full_caption,48,8,4,CAP-V2_010-TPL_04,positivos,48,SCAP-390DD4719A974C7E-TPL_04,STR-390DD4719A974C7E,TPL_04,false,base_pattern,bands_vertical,bandas geométricas,vertical,bandas,repetitiva,7,4,V2_015,0.344141662121,0.310400247574,0.344141662121,-0.033741414547,0.000000000000,1.000000000000,0.142857142857,0.250000000000,0.118382792955
49,original_image_full_caption,original,full_caption,49,9,4,CAP-V2_010-TPL_05,positivos,49,SCAP-390DD4719A974C7E-TPL_05,STR-390DD4719A974C7E,TPL_05,false,base_pattern,bands_vertical,bandas geométricas,vertical,bandas,repetitiva,7,3,V2_015,0.360471218824,0.349414736032,0.360471218824,-0.011056482792,0.000000000000,1.000000000000,0.285714285714,0.333333333333,0.323231926920
50,original_image_full_caption,original,full_caption,50,10,0,CAP-V2_011-TPL_01,positivos,50,SCAP-83B17E3514D80A83-TPL_01,STR-83B17E3514D80A83,TPL_01,true,base_pattern,diamonds_central,rombos,diagonal,central,bilateral,7,1,V2_011,0.350548684597,0.350548684597,0.324420332909,0.026128351688,1.000000000000,1.000000000000,0.142857142857,1.000000000000,0.361590161408
51,original_image_full_caption,original,full_caption,51,11,0,CAP-V2_011-TPL_02,positivos,51,SCAP-83B17E3514D80A83-TPL_02,STR-83B17E3514D80A83,TPL_02,false,base_pattern,diamonds_central,rombos,diagonal,central,bilateral,7,1,V2_011,0.337546885014,0.337546885014,0.304480522871,0.033066362143,1.000000000000,1.000000000000,0.142857142857,1.000000000000,0.357622354220
52,original_image_full_caption,original,full_caption,52,12,0,CAP-V2_011-TPL_03,positivos,52,SCAP-83B17E3514D80A83-TPL_03,STR-83B17E3514D80A83,TPL_03,false,base_pattern,diamonds_central,rombos,diagonal,central,bilateral,7,1,V2_011,0.354579061270,0.354579061270,0.323519408703,0.031059652567,1.000000000000,1.000000000000,0.142857142857,1.000000000000,0.361590161408
53,original_image_full_caption,original,full_caption,53,13,0,CAP-V2_011-TPL_04,positivos,53,SCAP-83B17E3514D80A83-TPL_04,STR-83B17E3514D80A83,TPL_04,false,base_pattern,diamonds_central,rombos,diagonal,central,bilateral,7,1,V2_011,0.325653254986,0.325653254986,0.282589018345,0.043064236641,1.000000000000,1.000000000000,0.285714285714,1.000000000000,0.460670093377
54,original_image_full_caption,original,full_caption,54,14,0,CAP-V2_011-TPL_05,positivos,54,SCAP-83B17E3514D80A83-TPL_05,STR-83B17E3514D80A83,TPL_05,false,base_pattern,diamonds_central,rombos,diagonal,central,bilateral,7,1,V2_011,0.349715888500,0.349715888500,0.339501023293,0.010214865208,1.000000000000,1.000000000000,0.142857142857,1.000000000000,0.274876332914
55,original_image_full_caption,original,full_caption,55,10,1,CAP-V2_012-TPL_01,positivos,55,SCAP-83B17E3514D80A83-TPL_01,STR-83B17E3514D80A83,TPL_01,true,base_pattern,diamonds_central,rombos,diagonal,central,bilateral,7,1,V2_012,0.356498926878,0.356498926878,0.340330362320,0.016168564558,1.000000000000,1.000000000000,0.142857142857,1.000000000000,0.357622354220
56,original_image_full_caption,original,full_caption,56,11,1,CAP-V2_012-TPL_02,positivos,56,SCAP-83B17E3514D80A83-TPL_02,STR-83B17E3514D80A83,TPL_02,false,base_pattern,diamonds_central,rombos,diagonal,central,bilateral,7,1,V2_012,0.345361232758,0.345361232758,0.342750966549,0.002610266209,1.000000000000,1.000000000000,0.142857142857,1.000000000000,0.452246337697
57,original_image_full_caption,original,full_caption,57,12,1,CAP-V2_012-TPL_03,positivos,57,SCAP-83B17E3514D80A83-TPL_03,STR-83B17E3514D80A83,TPL_03,false,base_pattern,diamonds_central,rombos,diagonal,central,bilateral,7,1,V2_012,0.369493544102,0.369493544102,0.351320207119,0.018173336983,1.000000000000,1.000000000000,0.142857142857,1.000000000000,0.444336182714
58,original_image_full_caption,original,full_caption,58,13,1,CAP-V2_012-TPL_04,positivos,58,SCAP-83B17E3514D80A83-TPL_04,STR-83B17E3514D80A83,TPL_04,false,base_pattern,diamonds_central,rombos,diagonal,central,bilateral,7,1,V2_012,0.327219247818,0.327219247818,0.296127349138,0.031091898680,1.000000000000,1.000000000000,0.285714285714,1.000000000000,0.571598398669
59,original_image_full_caption,original,full_caption,59,14,1,CAP-V2_012-TPL_05,positivos,59,SCAP-83B17E3514D80A83-TPL_05,STR-83B17E3514D80A83,TPL_05,false,base_pattern,diamonds_central,rombos,diagonal,central,bilateral,7,1,V2_012,0.360399603844,0.360399603844,0.357539504766,0.002860099077,1.000000000000,1.000000000000,0.142857142857,1.000000000000,0.441047240841
60,original_image_full_caption,original,full_caption,60,10,2,CAP-V2_013-TPL_01,positivos,60,SCAP-83B17E3514D80A83-TPL_01,STR-83B17E3514D80A83,TPL_01,true,base_pattern,diamonds_central,rombos,diagonal,central,bilateral,7,2,V2_008,0.325291275978,0.324513047934,0.325291275978,-0.000778228045,0.000000000000,1.000000000000,0.285714285714,0.500000000000,0.389723375294
61,original_image_full_caption,original,full_caption,61,11,2,CAP-V2_013-TPL_02,positivos,61,SCAP-83B17E3514D80A83-TPL_02,STR-83B17E3514D80A83,TPL_02,false,base_pattern,diamonds_central,rombos,diagonal,central,bilateral,7,1,V2_013,0.321474015713,0.321474015713,0.307882606983,0.013591408730,1.000000000000,1.000000000000,0.285714285714,1.000000000000,0.527761069335
62,original_image_full_caption,original,full_caption,62,12,2,CAP-V2_013-TPL_03,positivos,62,SCAP-83B17E3514D80A83-TPL_03,STR-83B17E3514D80A83,TPL_03,false,base_pattern,diamonds_central,rombos,diagonal,central,bilateral,7,1,V2_013,0.344559222460,0.344559222460,0.333037972450,0.011521250010,1.000000000000,1.000000000000,0.285714285714,1.000000000000,0.393259125870
63,original_image_full_caption,original,full_caption,63,13,2,CAP-V2_013-TPL_04,positivos,63,SCAP-83B17E3514D80A83-TPL_04,STR-83B17E3514D80A83,TPL_04,false,base_pattern,diamonds_central,rombos,diagonal,central,bilateral,7,1,V2_011,0.315133661032,0.315133661032,0.288733750582,0.026399910450,1.000000000000,1.000000000000,0.571428571429,1.000000000000,0.789991762740
64,original_image_full_caption,original,full_caption,64,14,2,CAP-V2_013-TPL_05,positivos,64,SCAP-83B17E3514D80A83-TPL_05,STR-83B17E3514D80A83,TPL_05,false,base_pattern,diamonds_central,rombos,diagonal,central,bilateral,7,3,V2_008,0.332093536854,0.316250234842,0.332093536854,-0.015843302011,0.000000000000,1.000000000000,0.285714285714,0.333333333333,0.255820959413
65,original_image_full_caption,original,full_caption,65,10,3,CAP-V2_014-TPL_01,positivos,65,SCAP-83B17E3514D80A83-TPL_01,STR-83B17E3514D80A83,TPL_01,true,base_pattern,diamonds_central,rombos,diagonal,central,bilateral,7,1,V2_014,0.332291722298,0.332291722298,0.298254728317,0.034036993980,1.000000000000,1.000000000000,0.142857142857,1.000000000000,0.444336182714
66,original_image_full_caption,original,full_caption,66,11,3,CAP-V2_014-TPL_02,positivos,66,SCAP-83B17E3514D80A83-TPL_02,STR-83B17E3514D80A83,TPL_02,false,base_pattern,diamonds_central,rombos,diagonal,central,bilateral,7,1,V2_014,0.311638295650,0.311638295650,0.303881734610,0.007756561041,1.000000000000,1.000000000000,0.142857142857,1.000000000000,0.366501777219
67,original_image_full_caption,original,full_caption,67,12,3,CAP-V2_014-TPL_03,positivos,67,SCAP-83B17E3514D80A83-TPL_03,STR-83B17E3514D80A83,TPL_03,false,base_pattern,diamonds_central,rombos,diagonal,central,bilateral,7,1,V2_014,0.326441347599,0.326441347599,0.321808516979,0.004632830620,1.000000000000,1.000000000000,0.142857142857,1.000000000000,0.357622354220
68,original_image_full_caption,original,full_caption,68,13,3,CAP-V2_014-TPL_04,positivos,68,SCAP-83B17E3514D80A83-TPL_04,STR-83B17E3514D80A83,TPL_04,false,base_pattern,diamonds_central,rombos,diagonal,central,bilateral,7,1,V2_014,0.299041241407,0.299041241407,0.296295881271,0.002745360136,1.000000000000,1.000000000000,0.285714285714,1.000000000000,0.550672863744
69,original_image_full_caption,original,full_caption,69,14,3,CAP-V2_014-TPL_05,positivos,69,SCAP-83B17E3514D80A83-TPL_05,STR-83B17E3514D80A83,TPL_05,false,base_pattern,diamonds_central,rombos,diagonal,central,bilateral,7,1,V2_014,0.323854058981,0.323854058981,0.322271138430,0.001582920551,1.000000000000,1.000000000000,0.142857142857,1.000000000000,0.361590161408
70,original_image_full_caption,original,full_caption,70,10,4,CAP-V2_015-TPL_01,positivos,70,SCAP-83B17E3514D80A83-TPL_01,STR-83B17E3514D80A83,TPL_01,true,base_pattern,diamonds_central,rombos,diagonal,central,bilateral,7,1,V2_015,0.372624814510,0.372624814510,0.338143289089,0.034481525421,1.000000000000,1.000000000000,0.285714285714,1.000000000000,0.491172051220
71,original_image_full_caption,original,full_caption,71,11,4,CAP-V2_015-TPL_02,positivos,71,SCAP-83B17E3514D80A83-TPL_02,STR-83B17E3514D80A83,TPL_02,false,base_pattern,diamonds_central,rombos,diagonal,central,bilateral,7,2,V2_030,0.343795388937,0.331156015396,0.343795388937,-0.012639373541,0.000000000000,1.000000000000,0.285714285714,0.500000000000,0.390322902878
72,original_image_full_caption,original,full_caption,72,12,4,CAP-V2_015-TPL_03,positivos,72,SCAP-83B17E3514D80A83-TPL_03,STR-83B17E3514D80A83,TPL_03,false,base_pattern,diamonds_central,rombos,diagonal,central,bilateral,7,1,V2_015,0.370235264301,0.370235264301,0.357964426279,0.012270838022,1.000000000000,1.000000000000,0.285714285714,1.000000000000,0.499028327866
73,original_image_full_caption,original,full_caption,73,13,4,CAP-V2_015-TPL_04,positivos,73,SCAP-83B17E3514D80A83-TPL_04,STR-83B17E3514D80A83,TPL_04,false,base_pattern,diamonds_central,rombos,diagonal,central,bilateral,7,1,V2_015,0.352536410093,0.352536410093,0.307047784328,0.045488625765,1.000000000000,1.000000000000,0.571428571429,1.000000000000,0.764648908193
74,original_image_full_caption,original,full_caption,74,14,4,CAP-V2_015-TPL_05,positivos,74,SCAP-83B17E3514D80A83-TPL_05,STR-83B17E3514D80A83,TPL_05,false,base_pattern,diamonds_central,rombos,diagonal,central,bilateral,7,1,V2_015,0.367949128151,0.367949128151,0.345481634140,0.022467494011,1.000000000000,1.000000000000,0.285714285714,1.000000000000,0.381213013945
75,original_image_full_caption,original,full_caption,75,15,0,CAP-V2_016-TPL_01,positivos,75,SCAP-32D96D397FD7BD30-TPL_01,STR-32D96D397FD7BD30,TPL_01,true,base_pattern,grecas_modular,grecas escalonadas,horizontal,modular,repetitiva,7,4,V2_021,0.335978716612,0.324525922537,0.335978716612,-0.011452794075,0.000000000000,1.000000000000,0.142857142857,0.250000000000,0.205096621449
76,original_image_full_caption,original,full_caption,76,16,0,CAP-V2_016-TPL_02,positivos,76,SCAP-32D96D397FD7BD30-TPL_02,STR-32D96D397FD7BD30,TPL_02,false,base_pattern,grecas_modular,grecas escalonadas,horizontal,modular,repetitiva,7,5,V2_026,0.311348915100,0.277773886919,0.311348915100,-0.033575028181,0.000000000000,1.000000000000,0.142857142857,0.200000000000,0.185793760463
77,original_image_full_caption,original,full_caption,77,17,0,CAP-V2_016-TPL_03,positivos,77,SCAP-32D96D397FD7BD30-TPL_03,STR-32D96D397FD7BD30,TPL_03,false,base_pattern,grecas_modular,grecas escalonadas,horizontal,modular,repetitiva,7,2,V2_026,0.315488606691,0.288694918156,0.315488606691,-0.026793688536,0.000000000000,1.000000000000,0.142857142857,0.500000000000,0.265053101293
78,original_image_full_caption,original,full_caption,78,18,0,CAP-V2_016-TPL_04,positivos,78,SCAP-32D96D397FD7BD30-TPL_04,STR-32D96D397FD7BD30,TPL_04,false,base_pattern,grecas_modular,grecas escalonadas,horizontal,modular,repetitiva,7,4,V2_021,0.300701200962,0.284233063459,0.300701200962,-0.016468137503,0.000000000000,1.000000000000,0.142857142857,0.250000000000,0.201128814261
79,original_image_full_caption,original,full_caption,79,19,0,CAP-V2_016-TPL_05,positivos,79,SCAP-32D96D397FD7BD30-TPL_05,STR-32D96D397FD7BD30,TPL_05,false,base_pattern,grecas_modular,grecas escalonadas,horizontal,modular,repetitiva,7,3,V2_001,0.346705853939,0.331294685602,0.346705853939,-0.015411168337,0.000000000000,1.000000000000,0.142857142857,0.333333333333,0.224151994951
80,original_image_full_caption,original,full_caption,80,15,1,CAP-V2_017-TPL_01,positivos,80,SCAP-32D96D397FD7BD30-TPL_01,STR-32D96D397FD7BD30,TPL_01,true,base_pattern,grecas_modular,grecas escalonadas,horizontal,modular,repetitiva,7,7,V2_002,0.336778998375,0.290414303541,0.336778998375,-0.046364694834,0.000000000000,0.000000000000,0.000000000000,0.142857142857,0.171082523738
81,original_image_full_caption,original,full_caption,81,16,1,CAP-V2_017-TPL_02,positivos,81,SCAP-32D96D397FD7BD30-TPL_02,STR-32D96D397FD7BD30,TPL_02,false,base_pattern,grecas_modular,grecas escalonadas,horizontal,modular,repetitiva,7,6,V2_027,0.354624092579,0.290373623371,0.354624092579,-0.064250469208,0.000000000000,0.000000000000,0.000000000000,0.166666666667,0.097912925350
82,original_image_full_caption,original,full_caption,82,17,1,CAP-V2_017-TPL_03,positivos,82,SCAP-32D96D397FD7BD30-TPL_03,STR-32D96D397FD7BD30,TPL_03,false,base_pattern,grecas_modular,grecas escalonadas,horizontal,modular,repetitiva,7,5,V2_027,0.334207594395,0.285001516342,0.334207594395,-0.049206078053,0.000000000000,1.000000000000,0.142857142857,0.200000000000,0.106336681030
83,original_image_full_caption,original,full_caption,83,18,1,CAP-V2_017-TPL_04,positivos,83,SCAP-32D96D397FD7BD30-TPL_04,STR-32D96D397FD7BD30,TPL_04,false,base_pattern,grecas_modular,grecas escalonadas,horizontal,modular,repetitiva,7,5,V2_002,0.306776225567,0.261977314949,0.306776225567,-0.044798910618,0.000000000000,1.000000000000,0.142857142857,0.200000000000,0.185793760463
84,original_image_full_caption,original,full_caption,84,19,1,CAP-V2_017-TPL_05,positivos,84,SCAP-32D96D397FD7BD30-TPL_05,STR-32D96D397FD7BD30,TPL_05,false,base_pattern,grecas_modular,grecas escalonadas,horizontal,modular,repetitiva,7,6,V2_002,0.360777109861,0.325643628836,0.360777109861,-0.035133481026,0.000000000000,0.000000000000,0.000000000000,0.166666666667,0.260116026088
85,original_image_full_caption,original,full_caption,85,15,2,CAP-V2_018-TPL_01,positivos,85,SCAP-32D96D397FD7BD30-TPL_01,STR-32D96D397FD7BD30,TPL_01,true,base_pattern,grecas_modular,grecas escalonadas,horizontal,modular,repetitiva,7,6,V2_008,0.319983839989,0.293968379498,0.319983839989,-0.026015460491,0.000000000000,0.000000000000,0.000000000000,0.166666666667,0.184626753844
86,original_image_full_caption,original,full_caption,86,16,2,CAP-V2_018-TPL_02,positivos,86,SCAP-32D96D397FD7BD30-TPL_02,STR-32D96D397FD7BD30,TPL_02,false,base_pattern,grecas_modular,grecas escalonadas,horizontal,modular,repetitiva,7,9,V2_028,0.328365147114,0.281979322433,0.328365147114,-0.046385824680,0.000000000000,0.000000000000,0.000000000000,0.111111111111,0.082746021305
87,original_image_full_caption,original,full_caption,87,17,2,CAP-V2_018-TPL_03,positivos,87,SCAP-32D96D397FD7BD30-TPL_03,STR-32D96D397FD7BD30,TPL_03,false,base_pattern,grecas_modular,grecas escalonadas,horizontal,modular,repetitiva,7,3,V2_028,0.345979869366,0.312895715237,0.345979869366,-0.033084154129,0.000000000000,1.000000000000,0.142857142857,0.333333333333,0.216895245890
88,original_image_full_caption,original,full_caption,88,18,2,CAP-V2_018-TPL_04,positivos,88,SCAP-32D96D397FD7BD30-TPL_04,STR-32D96D397FD7BD30,TPL_04,false,base_pattern,grecas_modular,grecas escalonadas,horizontal,modular,repetitiva,7,4,V2_003,0.316621363163,0.282093107700,0.316621363163,-0.034528255463,0.000000000000,1.000000000000,0.142857142857,0.250000000000,0.201128814261
89,original_image_full_caption,original,full_caption,89,19,2,CAP-V2_018-TPL_05,positivos,89,SCAP-32D96D397FD7BD30-TPL_05,STR-32D96D397FD7BD30,TPL_05,false,base_pattern,grecas_modular,grecas escalonadas,horizontal,modular,repetitiva,7,4,V2_003,0.294234007597,0.288562655449,0.294234007597,-0.005671352148,0.000000000000,1.000000000000,0.142857142857,0.250000000000,0.284553700882
90,original_image_full_caption,original,full_caption,90,15,3,CAP-V2_019-TPL_01,positivos,90,SCAP-32D96D397FD7BD30-TPL_01,STR-32D96D397FD7BD30,TPL_01,true,base_pattern,grecas_modular,grecas escalonadas,horizontal,modular,repetitiva,7,5,V2_024,0.309778332710,0.291442334652,0.309778332710,-0.018335998058,0.000000000000,1.000000000000,0.142857142857,0.200000000000,0.185793760463
91,original_image_full_caption,original,full_caption,91,16,3,CAP-V2_019-TPL_02,positivos,91,SCAP-32D96D397FD7BD30-TPL_02,STR-32D96D397FD7BD30,TPL_02,false,base_pattern,grecas_modular,grecas escalonadas,horizontal,modular,repetitiva,7,3,V2_029,0.312480956316,0.286450386047,0.312480956316,-0.026030570269,0.000000000000,1.000000000000,0.142857142857,0.333333333333,0.137438166457
92,original_image_full_caption,original,full_caption,92,17,3,CAP-V2_019-TPL_03,positivos,92,SCAP-32D96D397FD7BD30-TPL_03,STR-32D96D397FD7BD30,TPL_03,false,base_pattern,grecas_modular,grecas escalonadas,horizontal,modular,repetitiva,7,3,V2_029,0.299927651882,0.279316306114,0.299927651882,-0.020611345768,0.000000000000,1.000000000000,0.142857142857,0.333333333333,0.137438166457
93,original_image_full_caption,original,full_caption,93,18,3,CAP-V2_019-TPL_04,positivos,93,SCAP-32D96D397FD7BD30-TPL_04,STR-32D96D397FD7BD30,TPL_04,false,base_pattern,grecas_modular,grecas escalonadas,horizontal,modular,repetitiva,7,5,V2_024,0.290411949158,0.260462224483,0.290411949158,-0.029949724674,0.000000000000,1.000000000000,0.142857142857,0.200000000000,0.189082702336
94,original_image_full_caption,original,full_caption,94,19,3,CAP-V2_019-TPL_05,positivos,94,SCAP-32D96D397FD7BD30-TPL_05,STR-32D96D397FD7BD30,TPL_05,false,base_pattern,grecas_modular,grecas escalonadas,horizontal,modular,repetitiva,7,3,V2_004,0.330995619297,0.318153798580,0.330995619297,-0.012841820717,0.000000000000,1.000000000000,0.142857142857,0.333333333333,0.303609074384
95,original_image_full_caption,original,full_caption,95,15,4,CAP-V2_020-TPL_01,positivos,95,SCAP-32D96D397FD7BD30-TPL_01,STR-32D96D397FD7BD30,TPL_01,true,base_pattern,grecas_modular,grecas escalonadas,horizontal,modular,repetitiva,7,3,V2_015,0.345522880554,0.329576432705,0.345522880554,-0.015946447849,0.000000000000,1.000000000000,0.142857142857,0.333333333333,0.137438166457
96,original_image_full_caption,original,full_caption,96,16,4,CAP-V2_020-TPL_02,positivos,96,SCAP-32D96D397FD7BD30-TPL_02,STR-32D96D397FD7BD30,TPL_02,false,base_pattern,grecas_modular,grecas escalonadas,horizontal,modular,repetitiva,7,3,V2_030,0.348846048117,0.286718100309,0.348846048117,-0.062127947807,0.000000000000,1.000000000000,0.142857142857,0.333333333333,0.137438166457
97,original_image_full_caption,original,full_caption,97,17,4,CAP-V2_020-TPL_03,positivos,97,SCAP-32D96D397FD7BD30-TPL_03,STR-32D96D397FD7BD30,TPL_03,false,base_pattern,grecas_modular,grecas escalonadas,horizontal,modular,repetitiva,7,2,V2_030,0.352408647537,0.315179169178,0.352408647537,-0.037229478359,0.000000000000,1.000000000000,0.142857142857,0.500000000000,0.252884736421
98,original_image_full_caption,original,full_caption,98,18,4,CAP-V2_020-TPL_04,positivos,98,SCAP-32D96D397FD7BD30-TPL_04,STR-32D96D397FD7BD30,TPL_04,false,base_pattern,grecas_modular,grecas escalonadas,horizontal,modular,repetitiva,7,4,V2_015,0.316591680050,0.290501177311,0.316591680050,-0.026090502739,0.000000000000,1.000000000000,0.142857142857,0.250000000000,0.118382792955
99,original_image_full_caption,original,full_caption,99,19,4,CAP-V2_020-TPL_05,positivos,99,SCAP-32D96D397FD7BD30-TPL_05,STR-32D96D397FD7BD30,TPL_05,false,base_pattern,grecas_modular,grecas escalonadas,horizontal,modular,repetitiva,7,4,V2_030,0.355220496655,0.339287191629,0.355220496655,-0.015933305025,0.000000000000,1.000000000000,0.142857142857,0.250000000000,0.210008237260
100,original_image_full_caption,original,full_caption,100,20,0,CAP-V2_021-TPL_01,positivos,100,SCAP-EFDC071AF166C8C3-TPL_01,STR-EFDC071AF166C8C3,TPL_01,true,base_pattern,grid_reticular,cuadrícula geométrica,bidireccional,reticular,repetitiva,7,2,V2_011,0.354270160198,0.323116242886,0.354270160198,-0.031153917313,0.000000000000,1.000000000000,0.142857142857,0.500000000000,0.173427656988
101,original_image_full_caption,original,full_caption,101,21,0,CAP-V2_021-TPL_02,positivos,101,SCAP-EFDC071AF166C8C3-TPL_02,STR-EFDC071AF166C8C3,TPL_02,false,base_pattern,grid_reticular,cuadrícula geométrica,bidireccional,reticular,repetitiva,7,3,V2_011,0.349363446236,0.304833531380,0.349363446236,-0.044529914856,0.000000000000,1.000000000000,0.142857142857,0.333333333333,0.137438166457
102,original_image_full_caption,original,full_caption,102,22,0,CAP-V2_021-TPL_03,positivos,102,SCAP-EFDC071AF166C8C3-TPL_03,STR-EFDC071AF166C8C3,TPL_03,false,base_pattern,grid_reticular,cuadrícula geométrica,bidireccional,reticular,repetitiva,7,3,V2_011,0.342571735382,0.296901345253,0.342571735382,-0.045670390129,0.000000000000,1.000000000000,0.142857142857,0.333333333333,0.137438166457
103,original_image_full_caption,original,full_caption,103,23,0,CAP-V2_021-TPL_04,positivos,103,SCAP-EFDC071AF166C8C3-TPL_04,STR-EFDC071AF166C8C3,TPL_04,false,base_pattern,grid_reticular,cuadrícula geométrica,bidireccional,reticular,repetitiva,7,2,V2_011,0.327257633209,0.312435507774,0.327257633209,-0.014822125435,0.000000000000,1.000000000000,0.142857142857,0.500000000000,0.252884736421
104,original_image_full_caption,original,full_caption,104,24,0,CAP-V2_021-TPL_05,positivos,104,SCAP-EFDC071AF166C8C3-TPL_05,STR-EFDC071AF166C8C3,TPL_05,false,base_pattern,grid_reticular,cuadrícula geométrica,bidireccional,reticular,repetitiva,7,3,V2_011,0.337230145931,0.312213420868,0.337230145931,-0.025016725063,0.000000000000,1.000000000000,0.142857142857,0.333333333333,0.137438166457
105,original_image_full_caption,original,full_caption,105,20,1,CAP-V2_022-TPL_01,positivos,105,SCAP-EFDC071AF166C8C3-TPL_01,STR-EFDC071AF166C8C3,TPL_01,true,base_pattern,grid_reticular,cuadrícula geométrica,bidireccional,reticular,repetitiva,7,2,V2_012,0.354504406452,0.321680843830,0.354504406452,-0.032823562622,0.000000000000,1.000000000000,0.142857142857,0.500000000000,0.173427656988
106,original_image_full_caption,original,full_caption,106,21,1,CAP-V2_022-TPL_02,positivos,106,SCAP-EFDC071AF166C8C3-TPL_02,STR-EFDC071AF166C8C3,TPL_02,false,base_pattern,grid_reticular,cuadrícula geométrica,bidireccional,reticular,repetitiva,7,3,V2_012,0.355455875397,0.329736739397,0.355455875397,-0.025719136000,0.000000000000,1.000000000000,0.142857142857,0.333333333333,0.137438166457
107,original_image_full_caption,original,full_caption,107,22,1,CAP-V2_022-TPL_03,positivos,107,SCAP-EFDC071AF166C8C3-TPL_03,STR-EFDC071AF166C8C3,TPL_03,false,base_pattern,grid_reticular,cuadrícula geométrica,bidireccional,reticular,repetitiva,7,4,V2_012,0.360224366188,0.314410686493,0.360224366188,-0.045813679695,0.000000000000,1.000000000000,0.142857142857,0.250000000000,0.118382792955
108,original_image_full_caption,original,full_caption,108,23,1,CAP-V2_022-TPL_04,positivos,108,SCAP-EFDC071AF166C8C3-TPL_04,STR-EFDC071AF166C8C3,TPL_04,false,base_pattern,grid_reticular,cuadrícula geométrica,bidireccional,reticular,repetitiva,7,2,V2_012,0.330436885357,0.313490241766,0.330436885357,-0.016946643591,0.000000000000,1.000000000000,0.142857142857,0.500000000000,0.173427656988
109,original_image_full_caption,original,full_caption,109,24,1,CAP-V2_022-TPL_05,positivos,109,SCAP-EFDC071AF166C8C3-TPL_05,STR-EFDC071AF166C8C3,TPL_05,false,base_pattern,grid_reticular,cuadrícula geométrica,bidireccional,reticular,repetitiva,7,2,V2_012,0.347913622856,0.338877499104,0.347913622856,-0.009036123753,0.000000000000,1.000000000000,0.142857142857,0.500000000000,0.173427656988
110,original_image_full_caption,original,full_caption,110,20,2,CAP-V2_023-TPL_01,positivos,110,SCAP-EFDC071AF166C8C3-TPL_01,STR-EFDC071AF166C8C3,TPL_01,true,base_pattern,grid_reticular,cuadrícula geométrica,bidireccional,reticular,repetitiva,7,5,V2_013,0.319238334894,0.293048202991,0.319238334894,-0.026190131903,0.000000000000,1.000000000000,0.142857142857,0.200000000000,0.106336681030
111,original_image_full_caption,original,full_caption,111,21,2,CAP-V2_023-TPL_02,positivos,111,SCAP-EFDC071AF166C8C3-TPL_02,STR-EFDC071AF166C8C3,TPL_02,false,base_pattern,grid_reticular,cuadrícula geométrica,bidireccional,reticular,repetitiva,7,11,V2_013,0.328103154898,0.283828705549,0.328103154898,-0.044274449348,0.000000000000,0.000000000000,0.000000000000,0.090909090909,0.000000000000
112,original_image_full_caption,original,full_caption,112,22,2,CAP-V2_023-TPL_03,positivos,112,SCAP-EFDC071AF166C8C3-TPL_03,STR-EFDC071AF166C8C3,TPL_03,false,base_pattern,grid_reticular,cuadrícula geométrica,bidireccional,reticular,repetitiva,7,8,V2_013,0.335741132498,0.296395540237,0.335741132498,-0.039345592260,0.000000000000,0.000000000000,0.000000000000,0.125000000000,0.086713828494
113,original_image_full_caption,original,full_caption,113,23,2,CAP-V2_023-TPL_04,positivos,113,SCAP-EFDC071AF166C8C3-TPL_04,STR-EFDC071AF166C8C3,TPL_04,false,base_pattern,grid_reticular,cuadrícula geométrica,bidireccional,reticular,repetitiva,7,6,V2_011,0.323067605495,0.290582895279,0.323067605495,-0.032484710217,0.000000000000,0.000000000000,0.000000000000,0.166666666667,0.097912925350
114,original_image_full_caption,original,full_caption,114,24,2,CAP-V2_023-TPL_05,positivos,114,SCAP-EFDC071AF166C8C3-TPL_05,STR-EFDC071AF166C8C3,TPL_05,false,base_pattern,grid_reticular,cuadrícula geométrica,bidireccional,reticular,repetitiva,7,9,V2_013,0.302464365959,0.275182068348,0.302464365959,-0.027282297611,0.000000000000,0.000000000000,0.000000000000,0.111111111111,0.082746021305
115,original_image_full_caption,original,full_caption,115,20,3,CAP-V2_024-TPL_01,positivos,115,SCAP-EFDC071AF166C8C3-TPL_01,STR-EFDC071AF166C8C3,TPL_01,true,base_pattern,grid_reticular,cuadrícula geométrica,bidireccional,reticular,repetitiva,7,2,V2_014,0.330292046070,0.305488646030,0.330292046070,-0.024803400040,0.000000000000,1.000000000000,0.142857142857,0.500000000000,0.256173678294
116,original_image_full_caption,original,full_caption,116,21,3,CAP-V2_024-TPL_02,positivos,116,SCAP-EFDC071AF166C8C3-TPL_02,STR-EFDC071AF166C8C3,TPL_02,false,base_pattern,grid_reticular,cuadrícula geométrica,bidireccional,reticular,repetitiva,7,3,V2_014,0.328063189983,0.318769276142,0.328063189983,-0.009293913841,0.000000000000,1.000000000000,0.142857142857,0.333333333333,0.137438166457
117,original_image_full_caption,original,full_caption,117,22,3,CAP-V2_024-TPL_03,positivos,117,SCAP-EFDC071AF166C8C3-TPL_03,STR-EFDC071AF166C8C3,TPL_03,false,base_pattern,grid_reticular,cuadrícula geométrica,bidireccional,reticular,repetitiva,7,3,V2_029,0.324563324451,0.301913797855,0.324563324451,-0.022649526596,0.000000000000,1.000000000000,0.142857142857,0.333333333333,0.137438166457
118,original_image_full_caption,original,full_caption,118,23,3,CAP-V2_024-TPL_04,positivos,118,SCAP-EFDC071AF166C8C3-TPL_04,STR-EFDC071AF166C8C3,TPL_04,false,base_pattern,grid_reticular,cuadrícula geométrica,bidireccional,reticular,repetitiva,7,2,V2_014,0.307802528143,0.303630232811,0.307802528143,-0.004172295332,0.000000000000,1.000000000000,0.142857142857,0.500000000000,0.260141485482
119,original_image_full_caption,original,full_caption,119,24,3,CAP-V2_024-TPL_05,positivos,119,SCAP-EFDC071AF166C8C3-TPL_05,STR-EFDC071AF166C8C3,TPL_05,false,base_pattern,grid_reticular,cuadrícula geométrica,bidireccional,reticular,repetitiva,7,3,V2_014,0.312786698341,0.301649898291,0.312786698341,-0.011136800051,0.000000000000,1.000000000000,0.142857142857,0.333333333333,0.216895245890
120,original_image_full_caption,original,full_caption,120,20,4,CAP-V2_025-TPL_01,positivos,120,SCAP-EFDC071AF166C8C3-TPL_01,STR-EFDC071AF166C8C3,TPL_01,true,base_pattern,grid_reticular,cuadrícula geométrica,bidireccional,reticular,repetitiva,7,7,V2_015,0.371222943068,0.306915730238,0.371222943068,-0.064307212830,0.000000000000,0.000000000000,0.000000000000,0.142857142857,0.091625444305
121,original_image_full_caption,original,full_caption,121,21,4,CAP-V2_025-TPL_02,positivos,121,SCAP-EFDC071AF166C8C3-TPL_02,STR-EFDC071AF166C8C3,TPL_02,false,base_pattern,grid_reticular,cuadrícula geométrica,bidireccional,reticular,repetitiva,7,8,V2_030,0.352176189423,0.271117746830,0.352176189423,-0.081058442593,0.000000000000,0.000000000000,0.000000000000,0.125000000000,0.086713828494
122,original_image_full_caption,original,full_caption,122,22,4,CAP-V2_025-TPL_03,positivos,122,SCAP-EFDC071AF166C8C3-TPL_03,STR-EFDC071AF166C8C3,TPL_03,false,base_pattern,grid_reticular,cuadrícula geométrica,bidireccional,reticular,repetitiva,7,11,V2_015,0.371950745583,0.288065671921,0.371950745583,-0.083885073662,0.000000000000,0.000000000000,0.000000000000,0.090909090909,0.000000000000
123,original_image_full_caption,original,full_caption,123,23,4,CAP-V2_025-TPL_04,positivos,123,SCAP-EFDC071AF166C8C3-TPL_04,STR-EFDC071AF166C8C3,TPL_04,false,base_pattern,grid_reticular,cuadrícula geométrica,bidireccional,reticular,repetitiva,7,12,V2_015,0.355381131172,0.275897473097,0.355381131172,-0.079483658075,0.000000000000,0.000000000000,0.000000000000,0.083333333333,0.000000000000
124,original_image_full_caption,original,full_caption,124,24,4,CAP-V2_025-TPL_05,positivos,124,SCAP-EFDC071AF166C8C3-TPL_05,STR-EFDC071AF166C8C3,TPL_05,false,base_pattern,grid_reticular,cuadrícula geométrica,bidireccional,reticular,repetitiva,7,7,V2_015,0.366084873676,0.307129114866,0.366084873676,-0.058955758810,0.000000000000,0.000000000000,0.000000000000,0.142857142857,0.091625444305
125,original_image_full_caption,original,full_caption,125,25,0,CAP-V2_026-TPL_01,positivos,125,SCAP-7193EBD1DE12399C-TPL_01,STR-7193EBD1DE12399C,TPL_01,true,base_pattern,mixed_asymmetric,motivos geométricos combinados,mixta,mixta,asimétrica,7,6,V2_011,0.360426574945,0.313869118690,0.360426574945,-0.046557456255,0.000000000000,0.000000000000,0.000000000000,0.166666666667,0.097912925350
126,original_image_full_caption,original,full_caption,126,26,0,CAP-V2_026-TPL_02,positivos,126,SCAP-7193EBD1DE12399C-TPL_02,STR-7193EBD1DE12399C,TPL_02,false,base_pattern,mixed_asymmetric,motivos geométricos combinados,mixta,mixta,asimétrica,7,2,V2_011,0.348522007465,0.325974583626,0.348522007465,-0.022547423840,0.000000000000,1.000000000000,0.142857142857,0.500000000000,0.437511490265
127,original_image_full_caption,original,full_caption,127,27,0,CAP-V2_026-TPL_03,positivos,127,SCAP-7193EBD1DE12399C-TPL_03,STR-7193EBD1DE12399C,TPL_03,false,base_pattern,mixed_asymmetric,motivos geométricos combinados,mixta,mixta,asimétrica,7,2,V2_011,0.355250179768,0.331913232803,0.355250179768,-0.023336946964,0.000000000000,1.000000000000,0.142857142857,0.500000000000,0.339598564915
128,original_image_full_caption,original,full_caption,128,28,0,CAP-V2_026-TPL_04,positivos,128,SCAP-7193EBD1DE12399C-TPL_04,STR-7193EBD1DE12399C,TPL_04,false,base_pattern,mixed_asymmetric,motivos geométricos combinados,mixta,mixta,asimétrica,7,5,V2_011,0.335766434669,0.295601487160,0.335766434669,-0.040164947510,0.000000000000,1.000000000000,0.142857142857,0.200000000000,0.185793760463
129,original_image_full_caption,original,full_caption,129,29,0,CAP-V2_026-TPL_05,positivos,129,SCAP-7193EBD1DE12399C-TPL_05,STR-7193EBD1DE12399C,TPL_05,false,base_pattern,mixed_asymmetric,motivos geométricos combinados,mixta,mixta,asimétrica,7,6,V2_011,0.351489961147,0.317077815533,0.351489961147,-0.034412145615,0.000000000000,0.000000000000,0.000000000000,0.166666666667,0.097912925350
130,original_image_full_caption,original,full_caption,130,25,1,CAP-V2_027-TPL_01,positivos,130,SCAP-7193EBD1DE12399C-TPL_01,STR-7193EBD1DE12399C,TPL_01,true,base_pattern,mixed_asymmetric,motivos geométricos combinados,mixta,mixta,asimétrica,7,4,V2_012,0.361993491650,0.336844861507,0.361993491650,-0.025148630142,0.000000000000,1.000000000000,0.142857142857,0.250000000000,0.197839872388
131,original_image_full_caption,original,full_caption,131,26,1,CAP-V2_027-TPL_02,positivos,131,SCAP-7193EBD1DE12399C-TPL_02,STR-7193EBD1DE12399C,TPL_02,false,base_pattern,mixed_asymmetric,motivos geométricos combinados,mixta,mixta,asimétrica,7,1,V2_027,0.357550412416,0.357550412416,0.355903029442,0.001647382975,1.000000000000,1.000000000000,0.285714285714,1.000000000000,0.381213013945
132,original_image_full_caption,original,full_caption,132,27,1,CAP-V2_027-TPL_03,positivos,132,SCAP-7193EBD1DE12399C-TPL_03,STR-7193EBD1DE12399C,TPL_03,false,base_pattern,mixed_asymmetric,motivos geométricos combinados,mixta,mixta,asimétrica,7,2,V2_012,0.367989063263,0.353212177753,0.367989063263,-0.014776885509,0.000000000000,1.000000000000,0.142857142857,0.500000000000,0.271340582338
133,original_image_full_caption,original,full_caption,133,28,1,CAP-V2_027-TPL_04,positivos,133,SCAP-7193EBD1DE12399C-TPL_04,STR-7193EBD1DE12399C,TPL_04,false,base_pattern,mixed_asymmetric,motivos geométricos combinados,mixta,mixta,asimétrica,7,4,V2_012,0.332227557898,0.308808267117,0.332227557898,-0.023419290781,0.000000000000,1.000000000000,0.142857142857,0.250000000000,0.210008237260
134,original_image_full_caption,original,full_caption,134,29,1,CAP-V2_027-TPL_05,positivos,134,SCAP-7193EBD1DE12399C-TPL_05,STR-7193EBD1DE12399C,TPL_05,false,base_pattern,mixed_asymmetric,motivos geométricos combinados,mixta,mixta,asimétrica,7,4,V2_002,0.356552660465,0.349425852299,0.356552660465,-0.007126808167,0.000000000000,1.000000000000,0.142857142857,0.250000000000,0.205096621449
135,original_image_full_caption,original,full_caption,135,25,2,CAP-V2_028-TPL_01,positivos,135,SCAP-7193EBD1DE12399C-TPL_01,STR-7193EBD1DE12399C,TPL_01,true,base_pattern,mixed_asymmetric,motivos geométricos combinados,mixta,mixta,asimétrica,7,6,V2_008,0.341347217560,0.302243560553,0.341347217560,-0.039103657007,0.000000000000,0.000000000000,0.000000000000,0.166666666667,0.180658946655
136,original_image_full_caption,original,full_caption,136,26,2,CAP-V2_028-TPL_02,positivos,136,SCAP-7193EBD1DE12399C-TPL_02,STR-7193EBD1DE12399C,TPL_02,false,base_pattern,mixed_asymmetric,motivos geométricos combinados,mixta,mixta,asimétrica,7,2,V2_013,0.323331296444,0.322883933783,0.323331296444,-0.000447362661,0.000000000000,1.000000000000,0.428571428571,0.500000000000,0.578806077629
137,original_image_full_caption,original,full_caption,137,27,2,CAP-V2_028-TPL_03,positivos,137,SCAP-7193EBD1DE12399C-TPL_03,STR-7193EBD1DE12399C,TPL_03,false,base_pattern,mixed_asymmetric,motivos geométricos combinados,mixta,mixta,asimétrica,7,3,V2_008,0.327989131212,0.319381833076,0.327989131212,-0.008607298136,0.000000000000,1.000000000000,0.142857142857,0.333333333333,0.404810941607
138,original_image_full_caption,original,full_caption,138,28,2,CAP-V2_028-TPL_04,positivos,138,SCAP-7193EBD1DE12399C-TPL_04,STR-7193EBD1DE12399C,TPL_04,false,base_pattern,mixed_asymmetric,motivos geométricos combinados,mixta,mixta,asimétrica,7,5,V2_003,0.314621061087,0.294721841812,0.314621061087,-0.019899219275,0.000000000000,1.000000000000,0.142857142857,0.200000000000,0.284675953829
139,original_image_full_caption,original,full_caption,139,29,2,CAP-V2_028-TPL_05,positivos,139,SCAP-7193EBD1DE12399C-TPL_05,STR-7193EBD1DE12399C,TPL_05,false,base_pattern,mixed_asymmetric,motivos geométricos combinados,mixta,mixta,asimétrica,7,6,V2_008,0.337417125702,0.298731565475,0.337417125702,-0.038685560226,0.000000000000,0.000000000000,0.000000000000,0.166666666667,0.184626753844
140,original_image_full_caption,original,full_caption,140,25,3,CAP-V2_029-TPL_01,positivos,140,SCAP-7193EBD1DE12399C-TPL_01,STR-7193EBD1DE12399C,TPL_01,true,base_pattern,mixed_asymmetric,motivos geométricos combinados,mixta,mixta,asimétrica,7,5,V2_014,0.337061107159,0.298220574856,0.337061107159,-0.038840532303,0.000000000000,1.000000000000,0.142857142857,0.200000000000,0.185793760463
141,original_image_full_caption,original,full_caption,141,26,3,CAP-V2_029-TPL_02,positivos,141,SCAP-7193EBD1DE12399C-TPL_02,STR-7193EBD1DE12399C,TPL_02,false,base_pattern,mixed_asymmetric,motivos geométricos combinados,mixta,mixta,asimétrica,7,3,V2_014,0.322638899088,0.320755451918,0.322638899088,-0.001883447170,0.000000000000,1.000000000000,0.142857142857,0.333333333333,0.306898016257
142,original_image_full_caption,original,full_caption,142,27,3,CAP-V2_029-TPL_03,positivos,142,SCAP-7193EBD1DE12399C-TPL_03,STR-7193EBD1DE12399C,TPL_03,false,base_pattern,mixed_asymmetric,motivos geométricos combinados,mixta,mixta,asimétrica,7,2,V2_014,0.321941077709,0.319650113583,0.321941077709,-0.002290964127,0.000000000000,1.000000000000,0.142857142857,0.500000000000,0.339598564915
143,original_image_full_caption,original,full_caption,143,28,3,CAP-V2_029-TPL_04,positivos,143,SCAP-7193EBD1DE12399C-TPL_04,STR-7193EBD1DE12399C,TPL_04,false,base_pattern,mixed_asymmetric,motivos geométricos combinados,mixta,mixta,asimétrica,7,3,V2_024,0.307310521603,0.288745760918,0.307310521603,-0.018564760685,0.000000000000,1.000000000000,0.142857142857,0.333333333333,0.220184187762
144,original_image_full_caption,original,full_caption,144,29,3,CAP-V2_029-TPL_05,positivos,144,SCAP-7193EBD1DE12399C-TPL_05,STR-7193EBD1DE12399C,TPL_05,false,base_pattern,mixed_asymmetric,motivos geométricos combinados,mixta,mixta,asimétrica,7,5,V2_014,0.323967605829,0.303835928440,0.323967605829,-0.020131677389,0.000000000000,1.000000000000,0.142857142857,0.200000000000,0.185793760463
145,original_image_full_caption,original,full_caption,145,25,4,CAP-V2_030-TPL_01,positivos,145,SCAP-7193EBD1DE12399C-TPL_01,STR-7193EBD1DE12399C,TPL_01,true,base_pattern,mixed_asymmetric,motivos geométricos combinados,mixta,mixta,asimétrica,7,4,V2_015,0.370210528374,0.331316292286,0.370210528374,-0.038894236088,0.000000000000,1.000000000000,0.142857142857,0.250000000000,0.118382792955
146,original_image_full_caption,original,full_caption,146,26,4,CAP-V2_030-TPL_02,positivos,146,SCAP-7193EBD1DE12399C-TPL_02,STR-7193EBD1DE12399C,TPL_02,false,base_pattern,mixed_asymmetric,motivos geométricos combinados,mixta,mixta,asimétrica,7,1,V2_030,0.353377431631,0.353377431631,0.341589033604,0.011788398027,1.000000000000,1.000000000000,0.428571428571,1.000000000000,0.597508732250
147,original_image_full_caption,original,full_caption,147,27,4,CAP-V2_030-TPL_03,positivos,147,SCAP-7193EBD1DE12399C-TPL_03,STR-7193EBD1DE12399C,TPL_03,false,base_pattern,mixed_asymmetric,motivos geométricos combinados,mixta,mixta,asimétrica,7,2,V2_015,0.362783372402,0.360409796238,0.362783372402,-0.002373576164,0.000000000000,1.000000000000,0.285714285714,0.500000000000,0.466181915554
148,original_image_full_caption,original,full_caption,148,28,4,CAP-V2_030-TPL_04,positivos,148,SCAP-7193EBD1DE12399C-TPL_04,STR-7193EBD1DE12399C,TPL_04,false,base_pattern,mixed_asymmetric,motivos geométricos combinados,mixta,mixta,asimétrica,7,2,V2_015,0.355047523975,0.325155436993,0.355047523975,-0.029892086983,0.000000000000,1.000000000000,0.142857142857,0.500000000000,0.265053101293
149,original_image_full_caption,original,full_caption,149,29,4,CAP-V2_030-TPL_05,positivos,149,SCAP-7193EBD1DE12399C-TPL_05,STR-7193EBD1DE12399C,TPL_05,false,base_pattern,mixed_asymmetric,motivos geométricos combinados,mixta,mixta,asimétrica,7,2,V2_015,0.369727909565,0.351510018110,0.369727909565,-0.018217891455,0.000000000000,1.000000000000,0.142857142857,0.500000000000,0.173427656988
150,original_image_full_caption,original,full_caption,150,0,5,CAP-V2_031-TPL_01,positivos,150,SCAP-A3FE31524DCA0243-TPL_01,STR-A3FE31524DCA0243,TPL_01,true,base_pattern,bands_horizontal,bandas geométricas,horizontal,bandas,repetitiva,7,1,V2_031,0.352500736713,0.352500736713,0.347440242767,0.005060493946,1.000000000000,1.000000000000,0.142857142857,1.000000000000,0.357622354220
151,original_image_full_caption,original,full_caption,151,1,5,CAP-V2_031-TPL_02,positivos,151,SCAP-A3FE31524DCA0243-TPL_02,STR-A3FE31524DCA0243,TPL_02,false,base_pattern,bands_horizontal,bandas geométricas,horizontal,bandas,repetitiva,7,3,V2_041,0.366688668728,0.313924223185,0.366688668728,-0.052764445543,0.000000000000,1.000000000000,0.142857142857,0.333333333333,0.137438166457
152,original_image_full_caption,original,full_caption,152,2,5,CAP-V2_031-TPL_03,positivos,152,SCAP-A3FE31524DCA0243-TPL_03,STR-A3FE31524DCA0243,TPL_03,false,base_pattern,bands_horizontal,bandas geométricas,horizontal,bandas,repetitiva,7,3,V2_041,0.369120180607,0.322127074003,0.369120180607,-0.046993106604,0.000000000000,1.000000000000,0.142857142857,0.333333333333,0.137438166457
153,original_image_full_caption,original,full_caption,153,3,5,CAP-V2_031-TPL_04,positivos,153,SCAP-A3FE31524DCA0243-TPL_04,STR-A3FE31524DCA0243,TPL_04,false,base_pattern,bands_horizontal,bandas geométricas,horizontal,bandas,repetitiva,7,2,V2_041,0.324682414532,0.315522611141,0.324682414532,-0.009159803391,0.000000000000,1.000000000000,0.142857142857,0.500000000000,0.256173678294
154,original_image_full_caption,original,full_caption,154,4,5,CAP-V2_031-TPL_05,positivos,154,SCAP-A3FE31524DCA0243-TPL_05,STR-A3FE31524DCA0243,TPL_05,false,base_pattern,bands_horizontal,bandas geométricas,horizontal,bandas,repetitiva,7,2,V2_041,0.347248554230,0.346539080143,0.347248554230,-0.000709474087,0.000000000000,1.000000000000,0.142857142857,0.500000000000,0.252884736421
155,original_image_full_caption,original,full_caption,155,0,6,CAP-V2_032-TPL_01,positivos,155,SCAP-A3FE31524DCA0243-TPL_01,STR-A3FE31524DCA0243,TPL_01,true,base_pattern,bands_horizontal,bandas geométricas,horizontal,bandas,repetitiva,7,3,V2_036,0.349349915981,0.333097934723,0.349349915981,-0.016251981258,0.000000000000,1.000000000000,0.142857142857,0.333333333333,0.137438166457
156,original_image_full_caption,original,full_caption,156,1,6,CAP-V2_032-TPL_02,positivos,156,SCAP-A3FE31524DCA0243-TPL_02,STR-A3FE31524DCA0243,TPL_02,false,base_pattern,bands_horizontal,bandas geométricas,horizontal,bandas,repetitiva,7,3,V2_042,0.341613620520,0.312468916178,0.341613620520,-0.029144704342,0.000000000000,1.000000000000,0.142857142857,0.333333333333,0.137438166457
157,original_image_full_caption,original,full_caption,157,2,6,CAP-V2_032-TPL_03,positivos,157,SCAP-A3FE31524DCA0243-TPL_03,STR-A3FE31524DCA0243,TPL_03,false,base_pattern,bands_horizontal,bandas geométricas,horizontal,bandas,repetitiva,7,5,V2_042,0.341000437737,0.309667587280,0.341000437737,-0.031332850456,0.000000000000,1.000000000000,0.142857142857,0.200000000000,0.106336681030
158,original_image_full_caption,original,full_caption,158,3,6,CAP-V2_032-TPL_04,positivos,158,SCAP-A3FE31524DCA0243-TPL_04,STR-A3FE31524DCA0243,TPL_04,false,base_pattern,bands_horizontal,bandas geométricas,horizontal,bandas,repetitiva,7,3,V2_036,0.326043158770,0.303941786289,0.326043158770,-0.022101372480,0.000000000000,1.000000000000,0.142857142857,0.333333333333,0.137438166457
159,original_image_full_caption,original,full_caption,159,4,6,CAP-V2_032-TPL_05,positivos,159,SCAP-A3FE31524DCA0243-TPL_05,STR-A3FE31524DCA0243,TPL_05,false,base_pattern,bands_horizontal,bandas geométricas,horizontal,bandas,repetitiva,7,1,V2_032,0.336154401302,0.336154401302,0.332242101431,0.003912299871,1.000000000000,1.000000000000,0.142857142857,1.000000000000,0.274876332914
160,original_image_full_caption,original,full_caption,160,5,5,CAP-V2_033-TPL_01,positivos,160,SCAP-390DD4719A974C7E-TPL_01,STR-390DD4719A974C7E,TPL_01,true,base_pattern,bands_vertical,bandas geométricas,vertical,bandas,repetitiva,7,3,V2_031,0.353331178427,0.347010642290,0.353331178427,-0.006320536137,0.000000000000,1.000000000000,0.142857142857,0.333333333333,0.220184187762
161,original_image_full_caption,original,full_caption,161,6,5,CAP-V2_033-TPL_02,positivos,161,SCAP-390DD4719A974C7E-TPL_02,STR-390DD4719A974C7E,TPL_02,false,base_pattern,bands_vertical,bandas geométricas,vertical,bandas,repetitiva,7,4,V2_041,0.372222423553,0.309820771217,0.372222423553,-0.062401652336,0.000000000000,1.000000000000,0.142857142857,0.250000000000,0.118382792955
162,original_image_full_caption,original,full_caption,162,7,5,CAP-V2_033-TPL_03,positivos,162,SCAP-390DD4719A974C7E-TPL_03,STR-390DD4719A974C7E,TPL_03,false,base_pattern,bands_vertical,bandas geométricas,vertical,bandas,repetitiva,7,4,V2_041,0.377515643835,0.321350991726,0.377515643835,-0.056164652109,0.000000000000,1.000000000000,0.142857142857,0.250000000000,0.118382792955
163,original_image_full_caption,original,full_caption,163,8,5,CAP-V2_033-TPL_04,positivos,163,SCAP-390DD4719A974C7E-TPL_04,STR-390DD4719A974C7E,TPL_04,false,base_pattern,bands_vertical,bandas geométricas,vertical,bandas,repetitiva,7,4,V2_041,0.329327136278,0.296317398548,0.329327136278,-0.033009737730,0.000000000000,1.000000000000,0.142857142857,0.250000000000,0.118382792955
164,original_image_full_caption,original,full_caption,164,9,5,CAP-V2_033-TPL_05,positivos,164,SCAP-390DD4719A974C7E-TPL_05,STR-390DD4719A974C7E,TPL_05,false,base_pattern,bands_vertical,bandas geométricas,vertical,bandas,repetitiva,7,4,V2_041,0.351130217314,0.335258036852,0.351130217314,-0.015872180462,0.000000000000,1.000000000000,0.142857142857,0.250000000000,0.201128814261
165,original_image_full_caption,original,full_caption,165,5,6,CAP-V2_034-TPL_01,positivos,165,SCAP-390DD4719A974C7E-TPL_01,STR-390DD4719A974C7E,TPL_01,true,base_pattern,bands_vertical,bandas geométricas,vertical,bandas,repetitiva,7,2,V2_036,0.353521168232,0.350516974926,0.353521168232,-0.003004193306,0.000000000000,1.000000000000,0.142857142857,0.500000000000,0.252884736421
166,original_image_full_caption,original,full_caption,166,6,6,CAP-V2_034-TPL_02,positivos,166,SCAP-390DD4719A974C7E-TPL_02,STR-390DD4719A974C7E,TPL_02,false,base_pattern,bands_vertical,bandas geométricas,vertical,bandas,repetitiva,7,3,V2_036,0.350864529610,0.317524164915,0.350864529610,-0.033340364695,0.000000000000,1.000000000000,0.142857142857,0.333333333333,0.137438166457
167,original_image_full_caption,original,full_caption,167,7,6,CAP-V2_034-TPL_03,positivos,167,SCAP-390DD4719A974C7E-TPL_03,STR-390DD4719A974C7E,TPL_03,false,base_pattern,bands_vertical,bandas geométricas,vertical,bandas,repetitiva,7,3,V2_036,0.356986343861,0.330307781696,0.356986343861,-0.026678562164,0.000000000000,1.000000000000,0.142857142857,0.333333333333,0.137438166457
168,original_image_full_caption,original,full_caption,168,8,6,CAP-V2_034-TPL_04,positivos,168,SCAP-390DD4719A974C7E-TPL_04,STR-390DD4719A974C7E,TPL_04,false,base_pattern,bands_vertical,bandas geométricas,vertical,bandas,repetitiva,7,3,V2_036,0.334160268307,0.307822346687,0.334160268307,-0.026337921619,0.000000000000,1.000000000000,0.142857142857,0.333333333333,0.137438166457
169,original_image_full_caption,original,full_caption,169,9,6,CAP-V2_034-TPL_05,positivos,169,SCAP-390DD4719A974C7E-TPL_05,STR-390DD4719A974C7E,TPL_05,false,base_pattern,bands_vertical,bandas geométricas,vertical,bandas,repetitiva,7,1,V2_034,0.347847789526,0.347847789526,0.345650196075,0.002197593451,1.000000000000,1.000000000000,0.142857142857,1.000000000000,0.354333412347
170,original_image_full_caption,original,full_caption,170,10,5,CAP-V2_035-TPL_01,positivos,170,SCAP-83B17E3514D80A83-TPL_01,STR-83B17E3514D80A83,TPL_01,true,base_pattern,diamonds_central,rombos,diagonal,central,bilateral,7,1,V2_035,0.351087689400,0.351087689400,0.332461386919,0.018626302481,1.000000000000,1.000000000000,0.142857142857,1.000000000000,0.357622354220
171,original_image_full_caption,original,full_caption,171,11,5,CAP-V2_035-TPL_02,positivos,171,SCAP-83B17E3514D80A83-TPL_02,STR-83B17E3514D80A83,TPL_02,false,base_pattern,diamonds_central,rombos,diagonal,central,bilateral,7,2,V2_041,0.353783249855,0.338697671890,0.353783249855,-0.015085577965,0.000000000000,1.000000000000,0.142857142857,0.500000000000,0.260141485482
172,original_image_full_caption,original,full_caption,172,12,5,CAP-V2_035-TPL_03,positivos,172,SCAP-83B17E3514D80A83-TPL_03,STR-83B17E3514D80A83,TPL_03,false,base_pattern,diamonds_central,rombos,diagonal,central,bilateral,7,2,V2_041,0.376228004694,0.367917120457,0.376228004694,-0.008310884237,0.000000000000,1.000000000000,0.142857142857,0.500000000000,0.260141485482
173,original_image_full_caption,original,full_caption,173,13,5,CAP-V2_035-TPL_04,positivos,173,SCAP-83B17E3514D80A83-TPL_04,STR-83B17E3514D80A83,TPL_04,false,base_pattern,diamonds_central,rombos,diagonal,central,bilateral,7,1,V2_035,0.338802844286,0.338802844286,0.307213187218,0.031589657068,1.000000000000,1.000000000000,0.285714285714,1.000000000000,0.499028327866
174,original_image_full_caption,original,full_caption,174,14,5,CAP-V2_035-TPL_05,positivos,174,SCAP-83B17E3514D80A83-TPL_05,STR-83B17E3514D80A83,TPL_05,false,base_pattern,diamonds_central,rombos,diagonal,central,bilateral,7,1,V2_035,0.352111101151,0.352111101151,0.346224963665,0.005886137486,1.000000000000,1.000000000000,0.142857142857,1.000000000000,0.361590161408
175,original_image_full_caption,original,full_caption,175,10,6,CAP-V2_036-TPL_01,positivos,175,SCAP-83B17E3514D80A83-TPL_01,STR-83B17E3514D80A83,TPL_01,true,base_pattern,diamonds_central,rombos,diagonal,central,bilateral,7,1,V2_036,0.351180762053,0.351180762053,0.323931068182,0.027249693871,1.000000000000,1.000000000000,0.142857142857,1.000000000000,0.357622354220
176,original_image_full_caption,original,full_caption,176,11,6,CAP-V2_036-TPL_02,positivos,176,SCAP-83B17E3514D80A83-TPL_02,STR-83B17E3514D80A83,TPL_02,false,base_pattern,diamonds_central,rombos,diagonal,central,bilateral,7,1,V2_036,0.351599216461,0.351599216461,0.333379358053,0.018219858408,1.000000000000,1.000000000000,0.142857142857,1.000000000000,0.274876332914
177,original_image_full_caption,original,full_caption,177,12,6,CAP-V2_036-TPL_03,positivos,177,SCAP-83B17E3514D80A83-TPL_03,STR-83B17E3514D80A83,TPL_03,false,base_pattern,diamonds_central,rombos,diagonal,central,bilateral,7,1,V2_036,0.362075030804,0.362075030804,0.346778392792,0.015296638012,1.000000000000,1.000000000000,0.142857142857,1.000000000000,0.274876332914
178,original_image_full_caption,original,full_caption,178,13,6,CAP-V2_036-TPL_04,positivos,178,SCAP-83B17E3514D80A83-TPL_04,STR-83B17E3514D80A83,TPL_04,false,base_pattern,diamonds_central,rombos,diagonal,central,bilateral,7,1,V2_036,0.335924863815,0.335924863815,0.300565481186,0.035359382629,1.000000000000,1.000000000000,0.142857142857,1.000000000000,0.354333412347
179,original_image_full_caption,original,full_caption,179,14,6,CAP-V2_036-TPL_05,positivos,179,SCAP-83B17E3514D80A83-TPL_05,STR-83B17E3514D80A83,TPL_05,false,base_pattern,diamonds_central,rombos,diagonal,central,bilateral,7,1,V2_036,0.355198025703,0.355198025703,0.345205128193,0.009992897511,1.000000000000,1.000000000000,0.142857142857,1.000000000000,0.274876332914
180,original_image_full_caption,original,full_caption,180,15,5,CAP-V2_037-TPL_01,positivos,180,SCAP-32D96D397FD7BD30-TPL_01,STR-32D96D397FD7BD30,TPL_01,true,base_pattern,grecas_modular,grecas escalonadas,horizontal,modular,repetitiva,7,5,V2_041,0.339449077845,0.320379942656,0.339449077845,-0.019069135189,0.000000000000,1.000000000000,0.142857142857,0.200000000000,0.193050509524
181,original_image_full_caption,original,full_caption,181,16,5,CAP-V2_037-TPL_02,positivos,181,SCAP-32D96D397FD7BD30-TPL_02,STR-32D96D397FD7BD30,TPL_02,false,base_pattern,grecas_modular,grecas escalonadas,horizontal,modular,repetitiva,7,3,V2_041,0.362483918667,0.309127748013,0.362483918667,-0.053356170654,0.000000000000,1.000000000000,0.142857142857,0.333333333333,0.220184187762
182,original_image_full_caption,original,full_caption,182,17,5,CAP-V2_037-TPL_03,positivos,182,SCAP-32D96D397FD7BD30-TPL_03,STR-32D96D397FD7BD30,TPL_03,false,base_pattern,grecas_modular,grecas escalonadas,horizontal,modular,repetitiva,7,2,V2_041,0.358077526093,0.313817858696,0.358077526093,-0.044259667397,0.000000000000,1.000000000000,0.142857142857,0.500000000000,0.173427656988
183,original_image_full_caption,original,full_caption,183,18,5,CAP-V2_037-TPL_04,positivos,183,SCAP-32D96D397FD7BD30-TPL_04,STR-32D96D397FD7BD30,TPL_04,false,base_pattern,grecas_modular,grecas escalonadas,horizontal,modular,repetitiva,7,4,V2_041,0.315348029137,0.293515056372,0.315348029137,-0.021832972765,0.000000000000,1.000000000000,0.142857142857,0.250000000000,0.205096621449
184,original_image_full_caption,original,full_caption,184,19,5,CAP-V2_037-TPL_05,positivos,184,SCAP-32D96D397FD7BD30-TPL_05,STR-32D96D397FD7BD30,TPL_05,false,base_pattern,grecas_modular,grecas escalonadas,horizontal,modular,repetitiva,7,4,V2_041,0.343853294849,0.331255078316,0.343853294849,-0.012598216534,0.000000000000,1.000000000000,0.142857142857,0.250000000000,0.205096621449
185,original_image_full_caption,original,full_caption,185,15,6,CAP-V2_038-TPL_01,positivos,185,SCAP-32D96D397FD7BD30-TPL_01,STR-32D96D397FD7BD30,TPL_01,true,base_pattern,grecas_modular,grecas escalonadas,horizontal,modular,repetitiva,7,6,V2_036,0.342315256596,0.315116167068,0.342315256596,-0.027199089527,0.000000000000,0.000000000000,0.000000000000,0.166666666667,0.097912925350
186,original_image_full_caption,original,full_caption,186,16,6,CAP-V2_038-TPL_02,positivos,186,SCAP-32D96D397FD7BD30-TPL_02,STR-32D96D397FD7BD30,TPL_02,false,base_pattern,grecas_modular,grecas escalonadas,horizontal,modular,repetitiva,7,4,V2_042,0.339255213737,0.298462390900,0.339255213737,-0.040792822838,0.000000000000,1.000000000000,0.142857142857,0.250000000000,0.118382792955
187,original_image_full_caption,original,full_caption,187,17,6,CAP-V2_038-TPL_03,positivos,187,SCAP-32D96D397FD7BD30-TPL_03,STR-32D96D397FD7BD30,TPL_03,false,base_pattern,grecas_modular,grecas escalonadas,horizontal,modular,repetitiva,7,3,V2_042,0.339950144291,0.311317265034,0.339950144291,-0.028632879257,0.000000000000,1.000000000000,0.142857142857,0.333333333333,0.137438166457
188,original_image_full_caption,original,full_caption,188,18,6,CAP-V2_038-TPL_04,positivos,188,SCAP-32D96D397FD7BD30-TPL_04,STR-32D96D397FD7BD30,TPL_04,false,base_pattern,grecas_modular,grecas escalonadas,horizontal,modular,repetitiva,7,5,V2_036,0.308556914330,0.281057089567,0.308556914330,-0.027499824762,0.000000000000,1.000000000000,0.142857142857,0.200000000000,0.106336681030
189,original_image_full_caption,original,full_caption,189,19,6,CAP-V2_038-TPL_05,positivos,189,SCAP-32D96D397FD7BD30-TPL_05,STR-32D96D397FD7BD30,TPL_05,false,base_pattern,grecas_modular,grecas escalonadas,horizontal,modular,repetitiva,7,3,V2_036,0.345556497574,0.334989130497,0.345556497574,-0.010567367077,0.000000000000,1.000000000000,0.142857142857,0.333333333333,0.137438166457
190,original_image_full_caption,original,full_caption,190,20,5,CAP-V2_039-TPL_01,positivos,190,SCAP-EFDC071AF166C8C3-TPL_01,STR-EFDC071AF166C8C3,TPL_01,true,base_pattern,grid_reticular,cuadrícula geométrica,bidireccional,reticular,repetitiva,7,5,V2_035,0.345578730106,0.307702660561,0.345578730106,-0.037876069546,0.000000000000,1.000000000000,0.142857142857,0.200000000000,0.106336681030
191,original_image_full_caption,original,full_caption,191,21,5,CAP-V2_039-TPL_02,positivos,191,SCAP-EFDC071AF166C8C3-TPL_02,STR-EFDC071AF166C8C3,TPL_02,false,base_pattern,grid_reticular,cuadrícula geométrica,bidireccional,reticular,repetitiva,7,6,V2_041,0.367114096880,0.299812614918,0.367114096880,-0.067301481962,0.000000000000,0.000000000000,0.000000000000,0.166666666667,0.097912925350
192,original_image_full_caption,original,full_caption,192,22,5,CAP-V2_039-TPL_03,positivos,192,SCAP-EFDC071AF166C8C3-TPL_03,STR-EFDC071AF166C8C3,TPL_03,false,base_pattern,grid_reticular,cuadrícula geométrica,bidireccional,reticular,repetitiva,7,6,V2_041,0.349497139454,0.286398410797,0.349497139454,-0.063098728657,0.000000000000,0.000000000000,0.000000000000,0.166666666667,0.097912925350
193,original_image_full_caption,original,full_caption,193,23,5,CAP-V2_039-TPL_04,positivos,193,SCAP-EFDC071AF166C8C3-TPL_04,STR-EFDC071AF166C8C3,TPL_04,false,base_pattern,grid_reticular,cuadrícula geométrica,bidireccional,reticular,repetitiva,7,4,V2_035,0.327196180820,0.290974676609,0.327196180820,-0.036221504211,0.000000000000,1.000000000000,0.142857142857,0.250000000000,0.118382792955
194,original_image_full_caption,original,full_caption,194,24,5,CAP-V2_039-TPL_05,positivos,194,SCAP-EFDC071AF166C8C3-TPL_05,STR-EFDC071AF166C8C3,TPL_05,false,base_pattern,grid_reticular,cuadrícula geométrica,bidireccional,reticular,repetitiva,7,6,V2_041,0.332142233849,0.296096175909,0.332142233849,-0.036046057940,0.000000000000,0.000000000000,0.000000000000,0.166666666667,0.097912925350
195,original_image_full_caption,original,full_caption,195,20,6,CAP-V2_040-TPL_01,positivos,195,SCAP-EFDC071AF166C8C3-TPL_01,STR-EFDC071AF166C8C3,TPL_01,true,base_pattern,grid_reticular,cuadrícula geométrica,bidireccional,reticular,repetitiva,7,4,V2_036,0.356099307537,0.310455888510,0.356099307537,-0.045643419027,0.000000000000,1.000000000000,0.142857142857,0.250000000000,0.118382792955
196,original_image_full_caption,original,full_caption,196,21,6,CAP-V2_040-TPL_02,positivos,196,SCAP-EFDC071AF166C8C3-TPL_02,STR-EFDC071AF166C8C3,TPL_02,false,base_pattern,grid_reticular,cuadrícula geométrica,bidireccional,reticular,repetitiva,7,4,V2_036,0.363233685493,0.298334956169,0.363233685493,-0.064898729324,0.000000000000,1.000000000000,0.142857142857,0.250000000000,0.118382792955
197,original_image_full_caption,original,full_caption,197,22,6,CAP-V2_040-TPL_03,positivos,197,SCAP-EFDC071AF166C8C3-TPL_03,STR-EFDC071AF166C8C3,TPL_03,false,base_pattern,grid_reticular,cuadrícula geométrica,bidireccional,reticular,repetitiva,7,4,V2_036,0.357087343931,0.304597675800,0.357087343931,-0.052489668131,0.000000000000,1.000000000000,0.142857142857,0.250000000000,0.118382792955
198,original_image_full_caption,original,full_caption,198,23,6,CAP-V2_040-TPL_04,positivos,198,SCAP-EFDC071AF166C8C3-TPL_04,STR-EFDC071AF166C8C3,TPL_04,false,base_pattern,grid_reticular,cuadrícula geométrica,bidireccional,reticular,repetitiva,7,2,V2_036,0.333421915770,0.296266466379,0.333421915770,-0.037155449390,0.000000000000,1.000000000000,0.142857142857,0.500000000000,0.260141485482
199,original_image_full_caption,original,full_caption,199,24,6,CAP-V2_040-TPL_05,positivos,199,SCAP-EFDC071AF166C8C3-TPL_05,STR-EFDC071AF166C8C3,TPL_05,false,base_pattern,grid_reticular,cuadrícula geométrica,bidireccional,reticular,repetitiva,7,4,V2_036,0.339996039867,0.305287539959,0.339996039867,-0.034708499908,0.000000000000,1.000000000000,0.142857142857,0.250000000000,0.201128814261
200,original_image_full_caption,original,full_caption,200,25,5,CAP-V2_041-TPL_01,positivos,200,SCAP-7193EBD1DE12399C-TPL_01,STR-7193EBD1DE12399C,TPL_01,true,base_pattern,mixed_asymmetric,motivos geométricos combinados,mixta,mixta,asimétrica,7,3,V2_035,0.346905827522,0.343252420425,0.346905827522,-0.003653407097,0.000000000000,1.000000000000,0.142857142857,0.333333333333,0.137438166457
201,original_image_full_caption,original,full_caption,201,26,5,CAP-V2_041-TPL_02,positivos,201,SCAP-7193EBD1DE12399C-TPL_02,STR-7193EBD1DE12399C,TPL_02,false,base_pattern,mixed_asymmetric,motivos geométricos combinados,mixta,mixta,asimétrica,7,1,V2_041,0.371758401394,0.371758401394,0.344664752483,0.027093648911,1.000000000000,1.000000000000,0.285714285714,1.000000000000,0.472716205302
202,original_image_full_caption,original,full_caption,202,27,5,CAP-V2_041-TPL_03,positivos,202,SCAP-7193EBD1DE12399C-TPL_03,STR-7193EBD1DE12399C,TPL_03,false,base_pattern,mixed_asymmetric,motivos geométricos combinados,mixta,mixta,asimétrica,7,1,V2_041,0.369208812714,0.369208812714,0.347621858120,0.021586954594,1.000000000000,1.000000000000,0.142857142857,1.000000000000,0.441047240841
203,original_image_full_caption,original,full_caption,203,28,5,CAP-V2_041-TPL_04,positivos,203,SCAP-7193EBD1DE12399C-TPL_04,STR-7193EBD1DE12399C,TPL_04,false,base_pattern,mixed_asymmetric,motivos geométricos combinados,mixta,mixta,asimétrica,7,2,V2_035,0.329245865345,0.327511787415,0.329245865345,-0.001734077930,0.000000000000,1.000000000000,0.142857142857,0.500000000000,0.252884736421
204,original_image_full_caption,original,full_caption,204,29,5,CAP-V2_041-TPL_05,positivos,204,SCAP-7193EBD1DE12399C-TPL_05,STR-7193EBD1DE12399C,TPL_05,false,base_pattern,mixed_asymmetric,motivos geométricos combinados,mixta,mixta,asimétrica,7,1,V2_041,0.351655900478,0.351655900478,0.346326768398,0.005329132080,1.000000000000,1.000000000000,0.142857142857,1.000000000000,0.361590161408
205,original_image_full_caption,original,full_caption,205,25,6,CAP-V2_042-TPL_01,positivos,205,SCAP-7193EBD1DE12399C-TPL_01,STR-7193EBD1DE12399C,TPL_01,true,base_pattern,mixed_asymmetric,motivos geométricos combinados,mixta,mixta,asimétrica,7,5,V2_036,0.355659663677,0.314505934715,0.355659663677,-0.041153728962,0.000000000000,1.000000000000,0.142857142857,0.200000000000,0.106336681030
206,original_image_full_caption,original,full_caption,206,26,6,CAP-V2_042-TPL_02,positivos,206,SCAP-7193EBD1DE12399C-TPL_02,STR-7193EBD1DE12399C,TPL_02,false,base_pattern,mixed_asymmetric,motivos geométricos combinados,mixta,mixta,asimétrica,7,2,V2_036,0.360900402069,0.337407648563,0.360900402069,-0.023492753506,0.000000000000,1.000000000000,0.142857142857,0.500000000000,0.335630757726
207,original_image_full_caption,original,full_caption,207,27,6,CAP-V2_042-TPL_03,positivos,207,SCAP-7193EBD1DE12399C-TPL_03,STR-7193EBD1DE12399C,TPL_03,false,base_pattern,mixed_asymmetric,motivos geométricos combinados,mixta,mixta,asimétrica,7,2,V2_036,0.358615159988,0.332669854164,0.358615159988,-0.025945305824,0.000000000000,1.000000000000,0.142857142857,0.500000000000,0.335630757726
208,original_image_full_caption,original,full_caption,208,28,6,CAP-V2_042-TPL_04,positivos,208,SCAP-7193EBD1DE12399C-TPL_04,STR-7193EBD1DE12399C,TPL_04,false,base_pattern,mixed_asymmetric,motivos geométricos combinados,mixta,mixta,asimétrica,7,2,V2_036,0.331621140242,0.298596739769,0.331621140242,-0.033024400473,0.000000000000,1.000000000000,0.142857142857,0.500000000000,0.252884736421
209,original_image_full_caption,original,full_caption,209,29,6,CAP-V2_042-TPL_05,positivos,209,SCAP-7193EBD1DE12399C-TPL_05,STR-7193EBD1DE12399C,TPL_05,false,base_pattern,mixed_asymmetric,motivos geométricos combinados,mixta,mixta,asimétrica,7,5,V2_036,0.352751404047,0.321452260017,0.352751404047,-0.031299144030,0.000000000000,1.000000000000,0.142857142857,0.200000000000,0.185793760463
210,original_image_full_caption,original,full_caption,210,30,0,CAP-V2_043-TPL_01,positivos,210,SCAP-DBE3E9729199A70D-TPL_01,STR-DBE3E9729199A70D,TPL_01,true,heldout_pattern,chevrons_diagonal,chevrones,diagonal,bandas,repetitiva,7,4,V2_011,0.357759714127,0.328270047903,0.357759714127,-0.029489666224,0.000000000000,1.000000000000,0.142857142857,0.250000000000,0.118382792955
211,original_image_full_caption,original,full_caption,211,31,0,CAP-V2_043-TPL_02,positivos,211,SCAP-DBE3E9729199A70D-TPL_02,STR-DBE3E9729199A70D,TPL_02,false,heldout_pattern,chevrons_diagonal,chevrones,diagonal,bandas,repetitiva,7,8,V2_011,0.323221743107,0.246839091182,0.323221743107,-0.076382651925,0.000000000000,0.000000000000,0.000000000000,0.125000000000,0.086713828494
212,original_image_full_caption,original,full_caption,212,32,0,CAP-V2_043-TPL_03,positivos,212,SCAP-DBE3E9729199A70D-TPL_03,STR-DBE3E9729199A70D,TPL_03,false,heldout_pattern,chevrons_diagonal,chevrones,diagonal,bandas,repetitiva,7,6,V2_026,0.328722029924,0.286456823349,0.328722029924,-0.042265206575,0.000000000000,0.000000000000,0.000000000000,0.166666666667,0.097912925350
213,original_image_full_caption,original,full_caption,213,33,0,CAP-V2_043-TPL_04,positivos,213,SCAP-DBE3E9729199A70D-TPL_04,STR-DBE3E9729199A70D,TPL_04,false,heldout_pattern,chevrons_diagonal,chevrones,diagonal,bandas,repetitiva,7,7,V2_011,0.322847068310,0.272754013538,0.322847068310,-0.050093054771,0.000000000000,0.000000000000,0.000000000000,0.142857142857,0.091625444305
214,original_image_full_caption,original,full_caption,214,34,0,CAP-V2_043-TPL_05,positivos,214,SCAP-DBE3E9729199A70D-TPL_05,STR-DBE3E9729199A70D,TPL_05,false,heldout_pattern,chevrons_diagonal,chevrones,diagonal,bandas,repetitiva,7,4,V2_011,0.345599234104,0.316234946251,0.345599234104,-0.029364287853,0.000000000000,1.000000000000,0.142857142857,0.250000000000,0.210008237260
215,original_image_full_caption,original,full_caption,215,30,1,CAP-V2_044-TPL_01,positivos,215,SCAP-DBE3E9729199A70D-TPL_01,STR-DBE3E9729199A70D,TPL_01,true,heldout_pattern,chevrons_diagonal,chevrones,diagonal,bandas,repetitiva,7,5,V2_012,0.365888476372,0.308489412069,0.365888476372,-0.057399064302,0.000000000000,1.000000000000,0.142857142857,0.200000000000,0.106336681030
216,original_image_full_caption,original,full_caption,216,31,1,CAP-V2_044-TPL_02,positivos,216,SCAP-DBE3E9729199A70D-TPL_02,STR-DBE3E9729199A70D,TPL_02,false,heldout_pattern,chevrons_diagonal,chevrones,diagonal,bandas,repetitiva,7,9,V2_027,0.341442465782,0.262841343880,0.341442465782,-0.078601121902,0.000000000000,0.000000000000,0.000000000000,0.111111111111,0.082746021305
217,original_image_full_caption,original,full_caption,217,32,1,CAP-V2_044-TPL_03,positivos,217,SCAP-DBE3E9729199A70D-TPL_03,STR-DBE3E9729199A70D,TPL_03,false,heldout_pattern,chevrons_diagonal,chevrones,diagonal,bandas,repetitiva,7,7,V2_012,0.360682457685,0.286174356937,0.360682457685,-0.074508100748,0.000000000000,0.000000000000,0.000000000000,0.142857142857,0.091625444305
218,original_image_full_caption,original,full_caption,218,33,1,CAP-V2_044-TPL_04,positivos,218,SCAP-DBE3E9729199A70D-TPL_04,STR-DBE3E9729199A70D,TPL_04,false,heldout_pattern,chevrons_diagonal,chevrones,diagonal,bandas,repetitiva,7,9,V2_002,0.326130360365,0.253640323877,0.326130360365,-0.072490036488,0.000000000000,0.000000000000,0.000000000000,0.111111111111,0.082746021305
219,original_image_full_caption,original,full_caption,219,34,1,CAP-V2_044-TPL_05,positivos,219,SCAP-DBE3E9729199A70D-TPL_05,STR-DBE3E9729199A70D,TPL_05,false,heldout_pattern,chevrons_diagonal,chevrones,diagonal,bandas,repetitiva,7,6,V2_012,0.359877884388,0.323930650949,0.359877884388,-0.035947233438,0.000000000000,0.000000000000,0.000000000000,0.166666666667,0.097912925350
220,original_image_full_caption,original,full_caption,220,30,2,CAP-V2_045-TPL_01,positivos,220,SCAP-DBE3E9729199A70D-TPL_01,STR-DBE3E9729199A70D,TPL_01,true,heldout_pattern,chevrons_diagonal,chevrones,diagonal,bandas,repetitiva,7,5,V2_008,0.349639713764,0.307526528835,0.349639713764,-0.042113184929,0.000000000000,1.000000000000,0.142857142857,0.200000000000,0.193050509524
221,original_image_full_caption,original,full_caption,221,31,2,CAP-V2_045-TPL_02,positivos,221,SCAP-DBE3E9729199A70D-TPL_02,STR-DBE3E9729199A70D,TPL_02,false,heldout_pattern,chevrons_diagonal,chevrones,diagonal,bandas,repetitiva,7,16,V2_013,0.307372301817,0.241510003805,0.307372301817,-0.065862298012,0.000000000000,0.000000000000,0.000000000000,0.062500000000,0.000000000000
222,original_image_full_caption,original,full_caption,222,32,2,CAP-V2_045-TPL_03,positivos,222,SCAP-DBE3E9729199A70D-TPL_03,STR-DBE3E9729199A70D,TPL_03,false,heldout_pattern,chevrons_diagonal,chevrones,diagonal,bandas,repetitiva,7,11,V2_028,0.338535428047,0.280418783426,0.338535428047,-0.058116644621,0.000000000000,0.000000000000,0.000000000000,0.090909090909,0.000000000000
223,original_image_full_caption,original,full_caption,223,33,2,CAP-V2_045-TPL_04,positivos,223,SCAP-DBE3E9729199A70D-TPL_04,STR-DBE3E9729199A70D,TPL_04,false,heldout_pattern,chevrons_diagonal,chevrones,diagonal,bandas,repetitiva,7,15,V2_003,0.331811785698,0.264347404242,0.331811785698,-0.067464381456,0.000000000000,0.000000000000,0.000000000000,0.066666666667,0.000000000000
224,original_image_full_caption,original,full_caption,224,34,2,CAP-V2_045-TPL_05,positivos,224,SCAP-DBE3E9729199A70D-TPL_05,STR-DBE3E9729199A70D,TPL_05,false,heldout_pattern,chevrons_diagonal,chevrones,diagonal,bandas,repetitiva,7,8,V2_008,0.299260258675,0.275905787945,0.299260258675,-0.023354470730,0.000000000000,0.000000000000,0.000000000000,0.125000000000,0.169459849799
225,original_image_full_caption,original,full_caption,225,30,3,CAP-V2_046-TPL_01,positivos,225,SCAP-DBE3E9729199A70D-TPL_01,STR-DBE3E9729199A70D,TPL_01,true,heldout_pattern,chevrons_diagonal,chevrones,diagonal,bandas,repetitiva,7,4,V2_014,0.333062827587,0.287164688110,0.333062827587,-0.045898139477,0.000000000000,1.000000000000,0.142857142857,0.250000000000,0.118382792955
226,original_image_full_caption,original,full_caption,226,31,3,CAP-V2_046-TPL_02,positivos,226,SCAP-DBE3E9729199A70D-TPL_02,STR-DBE3E9729199A70D,TPL_02,false,heldout_pattern,chevrons_diagonal,chevrones,diagonal,bandas,repetitiva,7,11,V2_014,0.299109786749,0.226365387440,0.299109786749,-0.072744399309,0.000000000000,0.000000000000,0.000000000000,0.090909090909,0.000000000000
227,original_image_full_caption,original,full_caption,227,32,3,CAP-V2_046-TPL_03,positivos,227,SCAP-DBE3E9729199A70D-TPL_03,STR-DBE3E9729199A70D,TPL_03,false,heldout_pattern,chevrons_diagonal,chevrones,diagonal,bandas,repetitiva,7,7,V2_029,0.315291643143,0.257575958967,0.315291643143,-0.057715684175,0.000000000000,0.000000000000,0.000000000000,0.142857142857,0.091625444305
228,original_image_full_caption,original,full_caption,228,33,3,CAP-V2_046-TPL_04,positivos,228,SCAP-DBE3E9729199A70D-TPL_04,STR-DBE3E9729199A70D,TPL_04,false,heldout_pattern,chevrons_diagonal,chevrones,diagonal,bandas,repetitiva,7,7,V2_004,0.297280907631,0.236629560590,0.297280907631,-0.060651347041,0.000000000000,0.000000000000,0.000000000000,0.142857142857,0.091625444305
229,original_image_full_caption,original,full_caption,229,34,3,CAP-V2_046-TPL_05,positivos,229,SCAP-DBE3E9729199A70D-TPL_05,STR-DBE3E9729199A70D,TPL_05,false,heldout_pattern,chevrons_diagonal,chevrones,diagonal,bandas,repetitiva,7,6,V2_004,0.321195483208,0.293294966221,0.321195483208,-0.027900516987,0.000000000000,0.000000000000,0.000000000000,0.166666666667,0.097912925350
230,original_image_full_caption,original,full_caption,230,30,4,CAP-V2_047-TPL_01,positivos,230,SCAP-DBE3E9729199A70D-TPL_01,STR-DBE3E9729199A70D,TPL_01,true,heldout_pattern,chevrons_diagonal,chevrones,diagonal,bandas,repetitiva,7,10,V2_015,0.367198765278,0.303817003965,0.367198765278,-0.063381761312,0.000000000000,0.000000000000,0.000000000000,0.100000000000,0.079457079433
231,original_image_full_caption,original,full_caption,231,31,4,CAP-V2_047-TPL_02,positivos,231,SCAP-DBE3E9729199A70D-TPL_02,STR-DBE3E9729199A70D,TPL_02,false,heldout_pattern,chevrons_diagonal,chevrones,diagonal,bandas,repetitiva,7,12,V2_030,0.339366465807,0.245536535978,0.339366465807,-0.093829929829,0.000000000000,0.000000000000,0.000000000000,0.083333333333,0.000000000000
232,original_image_full_caption,original,full_caption,232,32,4,CAP-V2_047-TPL_03,positivos,232,SCAP-DBE3E9729199A70D-TPL_03,STR-DBE3E9729199A70D,TPL_03,false,heldout_pattern,chevrons_diagonal,chevrones,diagonal,bandas,repetitiva,7,10,V2_030,0.364696472883,0.276385128498,0.364696472883,-0.088311344385,0.000000000000,0.000000000000,0.000000000000,0.100000000000,0.079457079433
233,original_image_full_caption,original,full_caption,233,33,4,CAP-V2_047-TPL_04,positivos,233,SCAP-DBE3E9729199A70D-TPL_04,STR-DBE3E9729199A70D,TPL_04,false,heldout_pattern,chevrons_diagonal,chevrones,diagonal,bandas,repetitiva,7,24,V2_015,0.342188954353,0.244435533881,0.342188954353,-0.097753420472,0.000000000000,0.000000000000,0.000000000000,0.041666666667,0.000000000000
234,original_image_full_caption,original,full_caption,234,34,4,CAP-V2_047-TPL_05,positivos,234,SCAP-DBE3E9729199A70D-TPL_05,STR-DBE3E9729199A70D,TPL_05,false,heldout_pattern,chevrons_diagonal,chevrones,diagonal,bandas,repetitiva,7,8,V2_015,0.364931881428,0.306630373001,0.364931881428,-0.058301508427,0.000000000000,0.000000000000,0.000000000000,0.125000000000,0.166170907927
235,original_image_full_caption,original,full_caption,235,35,0,CAP-V2_048-TPL_01,positivos,235,SCAP-74979A46916B9B50-TPL_01,STR-74979A46916B9B50,TPL_01,true,heldout_pattern,circles_concentric,círculos concéntricos,radial,central,radial,7,2,V2_011,0.330225765705,0.329175859690,0.330225765705,-0.001049906015,0.000000000000,1.000000000000,0.428571428571,0.500000000000,0.567606980773
236,original_image_full_caption,original,full_caption,236,36,0,CAP-V2_048-TPL_02,positivos,236,SCAP-74979A46916B9B50-TPL_02,STR-74979A46916B9B50,TPL_02,false,heldout_pattern,circles_concentric,círculos concéntricos,radial,central,radial,7,2,V2_011,0.313584983349,0.295366942883,0.313584983349,-0.018218040466,0.000000000000,1.000000000000,0.142857142857,0.500000000000,0.434512951092
237,original_image_full_caption,original,full_caption,237,37,0,CAP-V2_048-TPL_03,positivos,237,SCAP-74979A46916B9B50-TPL_03,STR-74979A46916B9B50,TPL_03,false,heldout_pattern,circles_concentric,círculos concéntricos,radial,central,radial,7,2,V2_011,0.311166107655,0.300570070744,0.311166107655,-0.010596036911,0.000000000000,1.000000000000,0.285714285714,0.500000000000,0.450846861756
238,original_image_full_caption,original,full_caption,238,38,0,CAP-V2_048-TPL_04,positivos,238,SCAP-74979A46916B9B50-TPL_04,STR-74979A46916B9B50,TPL_04,false,heldout_pattern,circles_concentric,círculos concéntricos,radial,central,radial,7,3,V2_021,0.296505868435,0.277583390474,0.296505868435,-0.018922477961,0.000000000000,1.000000000000,0.142857142857,0.333333333333,0.306898016257
239,original_image_full_caption,original,full_caption,239,39,0,CAP-V2_048-TPL_05,positivos,239,SCAP-74979A46916B9B50-TPL_05,STR-74979A46916B9B50,TPL_05,false,heldout_pattern,circles_concentric,círculos concéntricos,radial,central,radial,7,2,V2_011,0.314576089382,0.304516315460,0.314576089382,-0.010059773922,0.000000000000,1.000000000000,0.142857142857,0.500000000000,0.358054410832
240,original_image_full_caption,original,full_caption,240,35,1,CAP-V2_049-TPL_01,positivos,240,SCAP-74979A46916B9B50-TPL_01,STR-74979A46916B9B50,TPL_01,true,heldout_pattern,circles_concentric,círculos concéntricos,radial,central,radial,7,1,V2_049,0.354372024536,0.354372024536,0.333870649338,0.020501375198,1.000000000000,1.000000000000,0.428571428571,1.000000000000,0.689733704139
241,original_image_full_caption,original,full_caption,241,36,1,CAP-V2_049-TPL_02,positivos,241,SCAP-74979A46916B9B50-TPL_02,STR-74979A46916B9B50,TPL_02,false,heldout_pattern,circles_concentric,círculos concéntricos,radial,central,radial,7,1,V2_049,0.317841738462,0.317841738462,0.315911561251,0.001930177212,1.000000000000,1.000000000000,0.285714285714,1.000000000000,0.583397023109
242,original_image_full_caption,original,full_caption,242,37,1,CAP-V2_049-TPL_03,positivos,242,SCAP-74979A46916B9B50-TPL_03,STR-74979A46916B9B50,TPL_03,false,heldout_pattern,circles_concentric,círculos concéntricos,radial,central,radial,7,1,V2_049,0.336418986320,0.336418986320,0.324866771698,0.011552214622,1.000000000000,1.000000000000,0.428571428571,1.000000000000,0.605365008896
243,original_image_full_caption,original,full_caption,243,38,1,CAP-V2_049-TPL_04,positivos,243,SCAP-74979A46916B9B50-TPL_04,STR-74979A46916B9B50,TPL_04,false,heldout_pattern,circles_concentric,círculos concéntricos,radial,central,radial,7,1,V2_049,0.290834307671,0.290834307671,0.278834581375,0.011999726295,1.000000000000,1.000000000000,0.285714285714,1.000000000000,0.561871960600
244,original_image_full_caption,original,full_caption,244,39,1,CAP-V2_049-TPL_05,positivos,244,SCAP-74979A46916B9B50-TPL_05,STR-74979A46916B9B50,TPL_05,false,heldout_pattern,circles_concentric,círculos concéntricos,radial,central,radial,7,2,V2_012,0.324842274189,0.322835445404,0.324842274189,-0.002006828785,0.000000000000,1.000000000000,0.142857142857,0.500000000000,0.445712047948
245,original_image_full_caption,original,full_caption,245,35,2,CAP-V2_050-TPL_01,positivos,245,SCAP-74979A46916B9B50-TPL_01,STR-74979A46916B9B50,TPL_01,true,heldout_pattern,circles_concentric,círculos concéntricos,radial,central,radial,7,1,V2_050,0.300956934690,0.300956934690,0.294152855873,0.006804078817,1.000000000000,1.000000000000,0.428571428571,1.000000000000,0.646266115238
246,original_image_full_caption,original,full_caption,246,36,2,CAP-V2_050-TPL_02,positivos,246,SCAP-74979A46916B9B50-TPL_02,STR-74979A46916B9B50,TPL_02,false,heldout_pattern,circles_concentric,círculos concéntricos,radial,central,radial,7,3,V2_011,0.299203574657,0.275667488575,0.299203574657,-0.023536086082,0.000000000000,1.000000000000,0.285714285714,0.333333333333,0.353733884762
247,original_image_full_caption,original,full_caption,247,37,2,CAP-V2_050-TPL_03,positivos,247,SCAP-74979A46916B9B50-TPL_03,STR-74979A46916B9B50,TPL_03,false,heldout_pattern,circles_concentric,círculos concéntricos,radial,central,radial,7,6,V2_013,0.292651474476,0.273504734039,0.292651474476,-0.019146740437,0.000000000000,0.000000000000,0.000000000000,0.166666666667,0.267372775149
248,original_image_full_caption,original,full_caption,248,38,2,CAP-V2_050-TPL_04,positivos,248,SCAP-74979A46916B9B50-TPL_04,STR-74979A46916B9B50,TPL_04,false,heldout_pattern,circles_concentric,círculos concéntricos,radial,central,radial,7,3,V2_011,0.277869820595,0.266755700111,0.277869820595,-0.011114120483,0.000000000000,1.000000000000,0.285714285714,0.333333333333,0.255820959413
249,original_image_full_caption,original,full_caption,249,39,2,CAP-V2_050-TPL_05,positivos,249,SCAP-74979A46916B9B50-TPL_05,STR-74979A46916B9B50,TPL_05,false,heldout_pattern,circles_concentric,círculos concéntricos,radial,central,radial,7,2,V2_011,0.283355951309,0.277922421694,0.283355951309,-0.005433529615,0.000000000000,1.000000000000,0.285714285714,0.500000000000,0.450846861756
250,original_image_full_caption,original,full_caption,250,35,3,CAP-V2_051-TPL_01,positivos,250,SCAP-74979A46916B9B50-TPL_01,STR-74979A46916B9B50,TPL_01,true,heldout_pattern,circles_concentric,círculos concéntricos,radial,central,radial,7,1,V2_051,0.307164281607,0.307164281607,0.304317712784,0.002846568823,1.000000000000,1.000000000000,0.142857142857,1.000000000000,0.459503086758
251,original_image_full_caption,original,full_caption,251,36,3,CAP-V2_051-TPL_02,positivos,251,SCAP-74979A46916B9B50-TPL_02,STR-74979A46916B9B50,TPL_02,false,heldout_pattern,circles_concentric,círculos concéntricos,radial,central,radial,7,3,V2_024,0.291154026985,0.281404465437,0.291154026985,-0.009749561548,0.000000000000,1.000000000000,0.142857142857,0.333333333333,0.303609074384
252,original_image_full_caption,original,full_caption,252,37,3,CAP-V2_051-TPL_03,positivos,252,SCAP-74979A46916B9B50-TPL_03,STR-74979A46916B9B50,TPL_03,false,heldout_pattern,circles_concentric,círculos concéntricos,radial,central,radial,7,1,V2_051,0.286718845367,0.286718845367,0.276759147644,0.009959697723,1.000000000000,1.000000000000,0.142857142857,1.000000000000,0.441047240841
253,original_image_full_caption,original,full_caption,253,38,3,CAP-V2_051-TPL_04,positivos,253,SCAP-74979A46916B9B50-TPL_04,STR-74979A46916B9B50,TPL_04,false,heldout_pattern,circles_concentric,círculos concéntricos,radial,central,radial,7,2,V2_024,0.285623818636,0.277237474918,0.285623818636,-0.008386343718,0.000000000000,1.000000000000,0.142857142857,0.500000000000,0.260141485482
254,original_image_full_caption,original,full_caption,254,39,3,CAP-V2_051-TPL_05,positivos,254,SCAP-74979A46916B9B50-TPL_05,STR-74979A46916B9B50,TPL_05,false,heldout_pattern,circles_concentric,círculos concéntricos,radial,central,radial,7,3,V2_014,0.285645782948,0.276461720467,0.285645782948,-0.009184062481,0.000000000000,1.000000000000,0.142857142857,0.333333333333,0.216895245890
255,original_image_full_caption,original,full_caption,255,35,4,CAP-V2_052-TPL_01,positivos,255,SCAP-74979A46916B9B50-TPL_01,STR-74979A46916B9B50,TPL_01,true,heldout_pattern,circles_concentric,círculos concéntricos,radial,central,radial,7,2,V2_015,0.342561244965,0.333897471428,0.342561244965,-0.008663773537,0.000000000000,1.000000000000,0.428571428571,0.500000000000,0.527161541751
256,original_image_full_caption,original,full_caption,256,36,4,CAP-V2_052-TPL_02,positivos,256,SCAP-74979A46916B9B50-TPL_02,STR-74979A46916B9B50,TPL_02,false,heldout_pattern,circles_concentric,círculos concéntricos,radial,central,radial,7,2,V2_015,0.304800808430,0.295676469803,0.304800808430,-0.009124338627,0.000000000000,1.000000000000,0.285714285714,0.500000000000,0.552048728979
257,original_image_full_caption,original,full_caption,257,37,4,CAP-V2_052-TPL_03,positivos,257,SCAP-74979A46916B9B50-TPL_03,STR-74979A46916B9B50,TPL_03,false,heldout_pattern,circles_concentric,círculos concéntricos,radial,central,radial,7,3,V2_015,0.322682857513,0.304200351238,0.322682857513,-0.018482506275,0.000000000000,1.000000000000,0.285714285714,0.333333333333,0.445359329067
258,original_image_full_caption,original,full_caption,258,38,4,CAP-V2_052-TPL_04,positivos,258,SCAP-74979A46916B9B50-TPL_04,STR-74979A46916B9B50,TPL_04,false,heldout_pattern,circles_concentric,círculos concéntricos,radial,central,radial,7,4,V2_015,0.312009662390,0.282898366451,0.312009662390,-0.029111295938,0.000000000000,1.000000000000,0.285714285714,0.250000000000,0.402089478768
259,original_image_full_caption,original,full_caption,259,39,4,CAP-V2_052-TPL_05,positivos,259,SCAP-74979A46916B9B50-TPL_05,STR-74979A46916B9B50,TPL_05,false,heldout_pattern,circles_concentric,círculos concéntricos,radial,central,radial,7,2,V2_015,0.328088462353,0.317605286837,0.328088462353,-0.010483175516,0.000000000000,1.000000000000,0.285714285714,0.500000000000,0.469180454726
260,original_image_full_caption,original,full_caption,260,30,5,CAP-V2_053-TPL_01,positivos,260,SCAP-DBE3E9729199A70D-TPL_01,STR-DBE3E9729199A70D,TPL_01,true,heldout_pattern,chevrons_diagonal,chevrones,diagonal,bandas,repetitiva,7,4,V2_035,0.351198017597,0.338127553463,0.351198017597,-0.013070464134,0.000000000000,1.000000000000,0.142857142857,0.250000000000,0.118382792955
261,original_image_full_caption,original,full_caption,261,31,5,CAP-V2_053-TPL_02,positivos,261,SCAP-DBE3E9729199A70D-TPL_02,STR-DBE3E9729199A70D,TPL_02,false,heldout_pattern,chevrons_diagonal,chevrones,diagonal,bandas,repetitiva,7,7,V2_041,0.350341618061,0.274742454290,0.350341618061,-0.075599163771,0.000000000000,0.000000000000,0.000000000000,0.142857142857,0.091625444305
262,original_image_full_caption,original,full_caption,262,32,5,CAP-V2_053-TPL_03,positivos,262,SCAP-DBE3E9729199A70D-TPL_03,STR-DBE3E9729199A70D,TPL_03,false,heldout_pattern,chevrons_diagonal,chevrones,diagonal,bandas,repetitiva,7,4,V2_041,0.374577313662,0.317126452923,0.374577313662,-0.057450860739,0.000000000000,1.000000000000,0.142857142857,0.250000000000,0.118382792955
263,original_image_full_caption,original,full_caption,263,33,5,CAP-V2_053-TPL_04,positivos,263,SCAP-DBE3E9729199A70D-TPL_04,STR-DBE3E9729199A70D,TPL_04,false,heldout_pattern,chevrons_diagonal,chevrones,diagonal,bandas,repetitiva,7,4,V2_041,0.324654102325,0.293785631657,0.324654102325,-0.030868470669,0.000000000000,1.000000000000,0.142857142857,0.250000000000,0.118382792955
264,original_image_full_caption,original,full_caption,264,34,5,CAP-V2_053-TPL_05,positivos,264,SCAP-DBE3E9729199A70D-TPL_05,STR-DBE3E9729199A70D,TPL_05,false,heldout_pattern,chevrons_diagonal,chevrones,diagonal,bandas,repetitiva,7,4,V2_035,0.346079230309,0.340778529644,0.346079230309,-0.005300700665,0.000000000000,1.000000000000,0.142857142857,0.250000000000,0.118382792955
265,original_image_full_caption,original,full_caption,265,30,6,CAP-V2_054-TPL_01,positivos,265,SCAP-DBE3E9729199A70D-TPL_01,STR-DBE3E9729199A70D,TPL_01,true,heldout_pattern,chevrons_diagonal,chevrones,diagonal,bandas,repetitiva,7,5,V2_036,0.353700101376,0.314999639988,0.353700101376,-0.038700461388,0.000000000000,1.000000000000,0.142857142857,0.200000000000,0.106336681030
266,original_image_full_caption,original,full_caption,266,31,6,CAP-V2_054-TPL_02,positivos,266,SCAP-DBE3E9729199A70D-TPL_02,STR-DBE3E9729199A70D,TPL_02,false,heldout_pattern,chevrons_diagonal,chevrones,diagonal,bandas,repetitiva,7,6,V2_036,0.342112869024,0.264278113842,0.342112869024,-0.077834755182,0.000000000000,0.000000000000,0.000000000000,0.166666666667,0.097912925350
267,original_image_full_caption,original,full_caption,267,32,6,CAP-V2_054-TPL_03,positivos,267,SCAP-DBE3E9729199A70D-TPL_03,STR-DBE3E9729199A70D,TPL_03,false,heldout_pattern,chevrons_diagonal,chevrones,diagonal,bandas,repetitiva,7,6,V2_042,0.350639373064,0.300649344921,0.350639373064,-0.049990028143,0.000000000000,0.000000000000,0.000000000000,0.166666666667,0.097912925350
268,original_image_full_caption,original,full_caption,268,33,6,CAP-V2_054-TPL_04,positivos,268,SCAP-DBE3E9729199A70D-TPL_04,STR-DBE3E9729199A70D,TPL_04,false,heldout_pattern,chevrons_diagonal,chevrones,diagonal,bandas,repetitiva,7,6,V2_036,0.333063334227,0.281111866236,0.333063334227,-0.051951467991,0.000000000000,0.000000000000,0.000000000000,0.166666666667,0.097912925350
269,original_image_full_caption,original,full_caption,269,34,6,CAP-V2_054-TPL_05,positivos,269,SCAP-DBE3E9729199A70D-TPL_05,STR-DBE3E9729199A70D,TPL_05,false,heldout_pattern,chevrons_diagonal,chevrones,diagonal,bandas,repetitiva,7,5,V2_036,0.353218019009,0.323630839586,0.353218019009,-0.029587179422,0.000000000000,1.000000000000,0.142857142857,0.200000000000,0.106336681030
270,original_image_full_caption,original,full_caption,270,35,5,CAP-V2_055-TPL_01,positivos,270,SCAP-74979A46916B9B50-TPL_01,STR-74979A46916B9B50,TPL_01,true,heldout_pattern,circles_concentric,círculos concéntricos,radial,central,radial,7,1,V2_055,0.349800050259,0.349800050259,0.320949792862,0.028850257397,1.000000000000,1.000000000000,0.285714285714,1.000000000000,0.547383921871
271,original_image_full_caption,original,full_caption,271,36,5,CAP-V2_055-TPL_02,positivos,271,SCAP-74979A46916B9B50-TPL_02,STR-74979A46916B9B50,TPL_02,false,heldout_pattern,circles_concentric,círculos concéntricos,radial,central,radial,7,1,V2_055,0.326902806759,0.326902806759,0.309766471386,0.017136335373,1.000000000000,1.000000000000,0.142857142857,1.000000000000,0.459503086758
272,original_image_full_caption,original,full_caption,272,37,5,CAP-V2_055-TPL_03,positivos,272,SCAP-74979A46916B9B50-TPL_03,STR-74979A46916B9B50,TPL_03,false,heldout_pattern,circles_concentric,círculos concéntricos,radial,central,radial,7,1,V2_055,0.321671247482,0.321671247482,0.311314702034,0.010356545448,1.000000000000,1.000000000000,0.142857142857,1.000000000000,0.372789258264
273,original_image_full_caption,original,full_caption,273,38,5,CAP-V2_055-TPL_04,positivos,273,SCAP-74979A46916B9B50-TPL_04,STR-74979A46916B9B50,TPL_04,false,heldout_pattern,circles_concentric,círculos concéntricos,radial,central,radial,7,1,V2_055,0.294609069824,0.294609069824,0.288918465376,0.005690604448,1.000000000000,1.000000000000,0.142857142857,1.000000000000,0.357622354220
274,original_image_full_caption,original,full_caption,274,39,5,CAP-V2_055-TPL_05,positivos,274,SCAP-74979A46916B9B50-TPL_05,STR-74979A46916B9B50,TPL_05,false,heldout_pattern,circles_concentric,círculos concéntricos,radial,central,radial,7,1,V2_055,0.329168707132,0.329168707132,0.314294755459,0.014873951674,1.000000000000,1.000000000000,0.142857142857,1.000000000000,0.361590161408
275,original_image_full_caption,original,full_caption,275,35,6,CAP-V2_056-TPL_01,positivos,275,SCAP-74979A46916B9B50-TPL_01,STR-74979A46916B9B50,TPL_01,true,heldout_pattern,circles_concentric,círculos concéntricos,radial,central,radial,7,1,V2_056,0.348027378321,0.348027378321,0.324776887894,0.023250490427,1.000000000000,1.000000000000,0.142857142857,1.000000000000,0.523793262146
276,original_image_full_caption,original,full_caption,276,36,6,CAP-V2_056-TPL_02,positivos,276,SCAP-74979A46916B9B50-TPL_02,STR-74979A46916B9B50,TPL_02,false,heldout_pattern,circles_concentric,círculos concéntricos,radial,central,radial,7,1,V2_056,0.335076332092,0.335076332092,0.315365254879,0.019711077213,1.000000000000,1.000000000000,0.142857142857,1.000000000000,0.441047240841
277,original_image_full_caption,original,full_caption,277,37,6,CAP-V2_056-TPL_03,positivos,277,SCAP-74979A46916B9B50-TPL_03,STR-74979A46916B9B50,TPL_03,false,heldout_pattern,circles_concentric,círculos concéntricos,radial,central,radial,7,1,V2_056,0.335884332657,0.335884332657,0.311031401157,0.024852931499,1.000000000000,1.000000000000,0.142857142857,1.000000000000,0.441047240841
278,original_image_full_caption,original,full_caption,278,38,6,CAP-V2_056-TPL_04,positivos,278,SCAP-74979A46916B9B50-TPL_04,STR-74979A46916B9B50,TPL_04,false,heldout_pattern,circles_concentric,círculos concéntricos,radial,central,radial,7,1,V2_056,0.303581058979,0.303581058979,0.288784801960,0.014796257019,1.000000000000,1.000000000000,0.285714285714,1.000000000000,0.463959035250
279,original_image_full_caption,original,full_caption,279,39,6,CAP-V2_056-TPL_05,positivos,279,SCAP-74979A46916B9B50-TPL_05,STR-74979A46916B9B50,TPL_05,false,heldout_pattern,circles_concentric,círculos concéntricos,radial,central,radial,7,1,V2_056,0.332030206919,0.332030206919,0.313301533461,0.018728673458,1.000000000000,1.000000000000,0.142857142857,1.000000000000,0.357622354220
280,grayscale_image_full_caption,grayscale,full_caption,0,0,0,CAP-V2_001-TPL_01,positivos,0,SCAP-A3FE31524DCA0243-TPL_01,STR-A3FE31524DCA0243,TPL_01,true,base_pattern,bands_horizontal,bandas geométricas,horizontal,bandas,repetitiva,7,1,V2_004,0.258352905512,0.258352905512,0.246864899993,0.011488005519,1.000000000000,1.000000000000,0.571428571429,1.000000000000,0.881494954098
281,grayscale_image_full_caption,grayscale,full_caption,1,1,0,CAP-V2_001-TPL_02,positivos,1,SCAP-A3FE31524DCA0243-TPL_02,STR-A3FE31524DCA0243,TPL_02,false,base_pattern,bands_horizontal,bandas geométricas,horizontal,bandas,repetitiva,7,9,V2_030,0.234784394503,0.213711738586,0.234784394503,-0.021072655916,0.000000000000,0.000000000000,0.000000000000,0.111111111111,0.162203100738
282,grayscale_image_full_caption,grayscale,full_caption,2,2,0,CAP-V2_001-TPL_03,positivos,2,SCAP-A3FE31524DCA0243-TPL_03,STR-A3FE31524DCA0243,TPL_03,false,base_pattern,bands_horizontal,bandas geométricas,horizontal,bandas,repetitiva,7,6,V2_030,0.263959765434,0.245869040489,0.263959765434,-0.018090724945,0.000000000000,0.000000000000,0.000000000000,0.166666666667,0.260116026088
283,grayscale_image_full_caption,grayscale,full_caption,3,3,0,CAP-V2_001-TPL_04,positivos,3,SCAP-A3FE31524DCA0243-TPL_04,STR-A3FE31524DCA0243,TPL_04,false,base_pattern,bands_horizontal,bandas geométricas,horizontal,bandas,repetitiva,7,1,V2_004,0.264033973217,0.264033973217,0.239478200674,0.024555772543,1.000000000000,1.000000000000,0.714285714286,1.000000000000,0.897175458839
284,grayscale_image_full_caption,grayscale,full_caption,4,4,0,CAP-V2_001-TPL_05,positivos,4,SCAP-A3FE31524DCA0243-TPL_05,STR-A3FE31524DCA0243,TPL_05,false,base_pattern,bands_horizontal,bandas geométricas,horizontal,bandas,repetitiva,7,1,V2_004,0.276698052883,0.276698052883,0.258080661297,0.018617391586,1.000000000000,1.000000000000,0.714285714286,1.000000000000,0.908374555695
285,grayscale_image_full_caption,grayscale,full_caption,5,0,1,CAP-V2_002-TPL_01,positivos,5,SCAP-A3FE31524DCA0243-TPL_01,STR-A3FE31524DCA0243,TPL_01,true,base_pattern,bands_horizontal,bandas geométricas,horizontal,bandas,repetitiva,7,2,V2_042,0.215279623866,0.212363824248,0.215279623866,-0.002915799618,0.000000000000,1.000000000000,0.428571428571,0.500000000000,0.609907563056
286,grayscale_image_full_caption,grayscale,full_caption,6,1,1,CAP-V2_002-TPL_02,positivos,6,SCAP-A3FE31524DCA0243-TPL_02,STR-A3FE31524DCA0243,TPL_02,false,base_pattern,bands_horizontal,bandas geométricas,horizontal,bandas,repetitiva,7,7,V2_042,0.209362655878,0.180151045322,0.209362655878,-0.029211610556,0.000000000000,0.000000000000,0.000000000000,0.142857142857,0.261085294104
287,grayscale_image_full_caption,grayscale,full_caption,7,2,1,CAP-V2_002-TPL_03,positivos,7,SCAP-A3FE31524DCA0243-TPL_03,STR-A3FE31524DCA0243,TPL_03,false,base_pattern,bands_horizontal,bandas geométricas,horizontal,bandas,repetitiva,7,10,V2_042,0.218427911401,0.185913950205,0.218427911401,-0.032513961196,0.000000000000,0.000000000000,0.000000000000,0.100000000000,0.079457079433
288,grayscale_image_full_caption,grayscale,full_caption,8,3,1,CAP-V2_002-TPL_04,positivos,8,SCAP-A3FE31524DCA0243-TPL_04,STR-A3FE31524DCA0243,TPL_04,false,base_pattern,bands_horizontal,bandas geométricas,horizontal,bandas,repetitiva,7,1,V2_004,0.216301262379,0.216301262379,0.209818378091,0.006482884288,1.000000000000,1.000000000000,0.285714285714,1.000000000000,0.654344419974
289,grayscale_image_full_caption,grayscale,full_caption,9,4,1,CAP-V2_002-TPL_05,positivos,9,SCAP-A3FE31524DCA0243-TPL_05,STR-A3FE31524DCA0243,TPL_05,false,base_pattern,bands_horizontal,bandas geométricas,horizontal,bandas,repetitiva,7,1,V2_004,0.233751937747,0.233751937747,0.224706918001,0.009045019746,1.000000000000,1.000000000000,0.571428571429,1.000000000000,0.884783895970
290,grayscale_image_full_caption,grayscale,full_caption,10,0,2,CAP-V2_003-TPL_01,positivos,10,SCAP-A3FE31524DCA0243-TPL_01,STR-A3FE31524DCA0243,TPL_01,true,base_pattern,bands_horizontal,bandas geométricas,horizontal,bandas,repetitiva,7,2,V2_042,0.236189916730,0.232824727893,0.236189916730,-0.003365188837,0.000000000000,1.000000000000,0.428571428571,0.500000000000,0.515115429826
291,grayscale_image_full_caption,grayscale,full_caption,11,1,2,CAP-V2_003-TPL_02,positivos,11,SCAP-A3FE31524DCA0243-TPL_02,STR-A3FE31524DCA0243,TPL_02,false,base_pattern,bands_horizontal,bandas geométricas,horizontal,bandas,repetitiva,7,11,V2_042,0.237632632256,0.193703025579,0.237632632256,-0.043929606676,0.000000000000,0.000000000000,0.000000000000,0.090909090909,0.000000000000
292,grayscale_image_full_caption,grayscale,full_caption,12,2,2,CAP-V2_003-TPL_03,positivos,12,SCAP-A3FE31524DCA0243-TPL_03,STR-A3FE31524DCA0243,TPL_03,false,base_pattern,bands_horizontal,bandas geométricas,horizontal,bandas,repetitiva,7,8,V2_026,0.244339674711,0.221412122250,0.244339674711,-0.022927552462,0.000000000000,0.000000000000,0.000000000000,0.125000000000,0.166170907927
293,grayscale_image_full_caption,grayscale,full_caption,13,3,2,CAP-V2_003-TPL_04,positivos,13,SCAP-A3FE31524DCA0243-TPL_04,STR-A3FE31524DCA0243,TPL_04,false,base_pattern,bands_horizontal,bandas geométricas,horizontal,bandas,repetitiva,7,1,V2_004,0.243345215917,0.243345215917,0.236758738756,0.006586477160,1.000000000000,1.000000000000,0.428571428571,1.000000000000,0.684222560744
294,grayscale_image_full_caption,grayscale,full_caption,14,4,2,CAP-V2_003-TPL_05,positivos,14,SCAP-A3FE31524DCA0243-TPL_05,STR-A3FE31524DCA0243,TPL_05,false,base_pattern,bands_horizontal,bandas geométricas,horizontal,bandas,repetitiva,7,3,V2_026,0.254509389400,0.248809337616,0.254509389400,-0.005700051785,0.000000000000,1.000000000000,0.428571428571,0.333333333333,0.460070565793
295,grayscale_image_full_caption,grayscale,full_caption,15,0,3,CAP-V2_004-TPL_01,positivos,15,SCAP-A3FE31524DCA0243-TPL_01,STR-A3FE31524DCA0243,TPL_01,true,base_pattern,bands_horizontal,bandas geométricas,horizontal,bandas,repetitiva,7,2,V2_006,0.306394100189,0.305879950523,0.306394100189,-0.000514149666,0.000000000000,1.000000000000,0.142857142857,0.500000000000,0.347799122598
296,grayscale_image_full_caption,grayscale,full_caption,16,1,3,CAP-V2_004-TPL_02,positivos,16,SCAP-A3FE31524DCA0243-TPL_02,STR-A3FE31524DCA0243,TPL_02,false,base_pattern,bands_horizontal,bandas geométricas,horizontal,bandas,repetitiva,7,7,V2_024,0.302965044975,0.284598350525,0.302965044975,-0.018366694450,0.000000000000,0.000000000000,0.000000000000,0.142857142857,0.091625444305
297,grayscale_image_full_caption,grayscale,full_caption,17,2,3,CAP-V2_004-TPL_03,positivos,17,SCAP-A3FE31524DCA0243-TPL_03,STR-A3FE31524DCA0243,TPL_03,false,base_pattern,bands_horizontal,bandas geométricas,horizontal,bandas,repetitiva,7,8,V2_029,0.307836562395,0.284317195415,0.307836562395,-0.023519366980,0.000000000000,0.000000000000,0.000000000000,0.125000000000,0.086713828494
298,grayscale_image_full_caption,grayscale,full_caption,18,3,3,CAP-V2_004-TPL_04,positivos,18,SCAP-A3FE31524DCA0243-TPL_04,STR-A3FE31524DCA0243,TPL_04,false,base_pattern,bands_horizontal,bandas geométricas,horizontal,bandas,repetitiva,7,2,V2_024,0.295723229647,0.292888253927,0.295723229647,-0.002834975719,0.000000000000,1.000000000000,0.285714285714,0.500000000000,0.548759787106
299,grayscale_image_full_caption,grayscale,full_caption,19,4,3,CAP-V2_004-TPL_05,positivos,19,SCAP-A3FE31524DCA0243-TPL_05,STR-A3FE31524DCA0243,TPL_05,false,base_pattern,bands_horizontal,bandas geométricas,horizontal,bandas,repetitiva,7,1,V2_004,0.320823699236,0.320823699236,0.307426661253,0.013397037983,1.000000000000,1.000000000000,0.571428571429,1.000000000000,0.789991762740
300,grayscale_image_full_caption,grayscale,full_caption,20,0,4,CAP-V2_005-TPL_01,positivos,20,SCAP-A3FE31524DCA0243-TPL_01,STR-A3FE31524DCA0243,TPL_01,true,base_pattern,bands_horizontal,bandas geométricas,horizontal,bandas,repetitiva,7,2,V2_042,0.212354063988,0.210536330938,0.212354063988,-0.001817733049,0.000000000000,1.000000000000,0.571428571429,0.500000000000,0.615042376864
301,grayscale_image_full_caption,grayscale,full_caption,21,1,4,CAP-V2_005-TPL_02,positivos,21,SCAP-A3FE31524DCA0243-TPL_02,STR-A3FE31524DCA0243,TPL_02,false,base_pattern,bands_horizontal,bandas geométricas,horizontal,bandas,repetitiva,7,8,V2_042,0.209374025464,0.167332753539,0.209374025464,-0.042041271925,0.000000000000,0.000000000000,0.000000000000,0.125000000000,0.169459849799
302,grayscale_image_full_caption,grayscale,full_caption,22,2,4,CAP-V2_005-TPL_03,positivos,22,SCAP-A3FE31524DCA0243-TPL_03,STR-A3FE31524DCA0243,TPL_03,false,base_pattern,bands_horizontal,bandas geométricas,horizontal,bandas,repetitiva,7,8,V2_042,0.213356629014,0.181588992476,0.213356629014,-0.031767636538,0.000000000000,0.000000000000,0.000000000000,0.125000000000,0.248916929232
303,grayscale_image_full_caption,grayscale,full_caption,23,3,4,CAP-V2_005-TPL_04,positivos,23,SCAP-A3FE31524DCA0243-TPL_04,STR-A3FE31524DCA0243,TPL_04,false,base_pattern,bands_horizontal,bandas geométricas,horizontal,bandas,repetitiva,7,3,V2_042,0.218040212989,0.205499023199,0.218040212989,-0.012541189790,0.000000000000,1.000000000000,0.285714285714,0.333333333333,0.424433794143
304,grayscale_image_full_caption,grayscale,full_caption,24,4,4,CAP-V2_005-TPL_05,positivos,24,SCAP-A3FE31524DCA0243-TPL_05,STR-A3FE31524DCA0243,TPL_05,false,base_pattern,bands_horizontal,bandas geométricas,horizontal,bandas,repetitiva,7,1,V2_005,0.226425975561,0.226425975561,0.221452489495,0.004973486066,1.000000000000,1.000000000000,0.571428571429,1.000000000000,0.673023463888
305,grayscale_image_full_caption,grayscale,full_caption,25,5,0,CAP-V2_006-TPL_01,positivos,25,SCAP-390DD4719A974C7E-TPL_01,STR-390DD4719A974C7E,TPL_01,true,base_pattern,bands_vertical,bandas geométricas,vertical,bandas,repetitiva,7,2,V2_004,0.258617103100,0.250405132771,0.258617103100,-0.008211970329,0.000000000000,1.000000000000,0.142857142857,0.500000000000,0.362966026643
306,grayscale_image_full_caption,grayscale,full_caption,26,6,0,CAP-V2_006-TPL_02,positivos,26,SCAP-390DD4719A974C7E-TPL_02,STR-390DD4719A974C7E,TPL_02,false,base_pattern,bands_vertical,bandas geométricas,vertical,bandas,repetitiva,7,18,V2_030,0.233605816960,0.200565248728,0.233605816960,-0.033040568233,0.000000000000,0.000000000000,0.000000000000,0.055555555556,0.000000000000
307,grayscale_image_full_caption,grayscale,full_caption,27,7,0,CAP-V2_006-TPL_03,positivos,27,SCAP-390DD4719A974C7E-TPL_03,STR-390DD4719A974C7E,TPL_03,false,base_pattern,bands_vertical,bandas geométricas,vertical,bandas,repetitiva,7,16,V2_030,0.269977688789,0.237323805690,0.269977688789,-0.032653883100,0.000000000000,0.000000000000,0.000000000000,0.062500000000,0.000000000000
308,grayscale_image_full_caption,grayscale,full_caption,28,8,0,CAP-V2_006-TPL_04,positivos,28,SCAP-390DD4719A974C7E-TPL_04,STR-390DD4719A974C7E,TPL_04,false,base_pattern,bands_vertical,bandas geométricas,vertical,bandas,repetitiva,7,11,V2_004,0.272421121597,0.241767048836,0.272421121597,-0.030654072762,0.000000000000,0.000000000000,0.000000000000,0.090909090909,0.000000000000
309,grayscale_image_full_caption,grayscale,full_caption,29,9,0,CAP-V2_006-TPL_05,positivos,29,SCAP-390DD4719A974C7E-TPL_05,STR-390DD4719A974C7E,TPL_05,false,base_pattern,bands_vertical,bandas geométricas,vertical,bandas,repetitiva,7,6,V2_004,0.277195841074,0.258372485638,0.277195841074,-0.018823355436,0.000000000000,0.000000000000,0.000000000000,0.166666666667,0.180658946655
310,grayscale_image_full_caption,grayscale,full_caption,30,5,1,CAP-V2_007-TPL_01,positivos,30,SCAP-390DD4719A974C7E-TPL_01,STR-390DD4719A974C7E,TPL_01,true,base_pattern,bands_vertical,bandas geométricas,vertical,bandas,repetitiva,7,5,V2_042,0.215636715293,0.206940159202,0.215636715293,-0.008696556091,0.000000000000,1.000000000000,0.142857142857,0.200000000000,0.185793760463
311,grayscale_image_full_caption,grayscale,full_caption,31,6,1,CAP-V2_007-TPL_02,positivos,31,SCAP-390DD4719A974C7E-TPL_02,STR-390DD4719A974C7E,TPL_02,false,base_pattern,bands_vertical,bandas geométricas,vertical,bandas,repetitiva,7,22,V2_042,0.208435237408,0.164459973574,0.208435237408,-0.043975263834,0.000000000000,0.000000000000,0.000000000000,0.045454545455,0.000000000000
312,grayscale_image_full_caption,grayscale,full_caption,32,7,1,CAP-V2_007-TPL_03,positivos,32,SCAP-390DD4719A974C7E-TPL_03,STR-390DD4719A974C7E,TPL_03,false,base_pattern,bands_vertical,bandas geométricas,vertical,bandas,repetitiva,7,22,V2_042,0.225673407316,0.168919473886,0.225673407316,-0.056753933430,0.000000000000,0.000000000000,0.000000000000,0.045454545455,0.000000000000
313,grayscale_image_full_caption,grayscale,full_caption,33,8,1,CAP-V2_007-TPL_04,positivos,33,SCAP-390DD4719A974C7E-TPL_04,STR-390DD4719A974C7E,TPL_04,false,base_pattern,bands_vertical,bandas geométricas,vertical,bandas,repetitiva,7,19,V2_004,0.223310768604,0.194102734327,0.223310768604,-0.029208034277,0.000000000000,0.000000000000,0.000000000000,0.052631578947,0.000000000000
314,grayscale_image_full_caption,grayscale,full_caption,34,9,1,CAP-V2_007-TPL_05,positivos,34,SCAP-390DD4719A974C7E-TPL_05,STR-390DD4719A974C7E,TPL_05,false,base_pattern,bands_vertical,bandas geométricas,vertical,bandas,repetitiva,7,11,V2_004,0.232825770974,0.210515722632,0.232825770974,-0.022310048342,0.000000000000,0.000000000000,0.000000000000,0.090909090909,0.000000000000
315,grayscale_image_full_caption,grayscale,full_caption,35,5,2,CAP-V2_008-TPL_01,positivos,35,SCAP-390DD4719A974C7E-TPL_01,STR-390DD4719A974C7E,TPL_01,true,base_pattern,bands_vertical,bandas geométricas,vertical,bandas,repetitiva,7,7,V2_042,0.236446470022,0.223018348217,0.236446470022,-0.013428121805,0.000000000000,0.000000000000,0.000000000000,0.142857142857,0.091625444305
316,grayscale_image_full_caption,grayscale,full_caption,36,6,2,CAP-V2_008-TPL_02,positivos,36,SCAP-390DD4719A974C7E-TPL_02,STR-390DD4719A974C7E,TPL_02,false,base_pattern,bands_vertical,bandas geométricas,vertical,bandas,repetitiva,7,19,V2_042,0.237969011068,0.180593878031,0.237969011068,-0.057375133038,0.000000000000,0.000000000000,0.000000000000,0.052631578947,0.000000000000
317,grayscale_image_full_caption,grayscale,full_caption,37,7,2,CAP-V2_008-TPL_03,positivos,37,SCAP-390DD4719A974C7E-TPL_03,STR-390DD4719A974C7E,TPL_03,false,base_pattern,bands_vertical,bandas geométricas,vertical,bandas,repetitiva,7,18,V2_029,0.252368092537,0.212707370520,0.252368092537,-0.039660722017,0.000000000000,0.000000000000,0.000000000000,0.055555555556,0.000000000000
318,grayscale_image_full_caption,grayscale,full_caption,38,8,2,CAP-V2_008-TPL_04,positivos,38,SCAP-390DD4719A974C7E-TPL_04,STR-390DD4719A974C7E,TPL_04,false,base_pattern,bands_vertical,bandas geométricas,vertical,bandas,repetitiva,7,20,V2_004,0.252246737480,0.220409378409,0.252246737480,-0.031837359071,0.000000000000,0.000000000000,0.000000000000,0.050000000000,0.000000000000
319,grayscale_image_full_caption,grayscale,full_caption,39,9,2,CAP-V2_008-TPL_05,positivos,39,SCAP-390DD4719A974C7E-TPL_05,STR-390DD4719A974C7E,TPL_05,false,base_pattern,bands_vertical,bandas geométricas,vertical,bandas,repetitiva,7,16,V2_042,0.253687232733,0.229385107756,0.253687232733,-0.024302124977,0.000000000000,0.000000000000,0.000000000000,0.062500000000,0.000000000000
320,grayscale_image_full_caption,grayscale,full_caption,40,5,3,CAP-V2_009-TPL_01,positivos,40,SCAP-390DD4719A974C7E-TPL_01,STR-390DD4719A974C7E,TPL_01,true,base_pattern,bands_vertical,bandas geométricas,vertical,bandas,repetitiva,7,1,V2_006,0.321253329515,0.321253329515,0.309855103493,0.011398226023,1.000000000000,1.000000000000,0.428571428571,1.000000000000,0.937483626752
321,grayscale_image_full_caption,grayscale,full_caption,41,6,3,CAP-V2_009-TPL_02,positivos,41,SCAP-390DD4719A974C7E-TPL_02,STR-390DD4719A974C7E,TPL_02,false,base_pattern,bands_vertical,bandas geométricas,vertical,bandas,repetitiva,7,2,V2_024,0.304068207741,0.300573050976,0.304068207741,-0.003495156765,0.000000000000,1.000000000000,0.285714285714,0.500000000000,0.310865823445
322,grayscale_image_full_caption,grayscale,full_caption,42,7,3,CAP-V2_009-TPL_03,positivos,42,SCAP-390DD4719A974C7E-TPL_03,STR-390DD4719A974C7E,TPL_03,false,base_pattern,bands_vertical,bandas geométricas,vertical,bandas,repetitiva,7,5,V2_029,0.320192933083,0.306451976299,0.320192933083,-0.013740956783,0.000000000000,1.000000000000,0.142857142857,0.200000000000,0.189082702336
323,grayscale_image_full_caption,grayscale,full_caption,43,8,3,CAP-V2_009-TPL_04,positivos,43,SCAP-390DD4719A974C7E-TPL_04,STR-390DD4719A974C7E,TPL_04,false,base_pattern,bands_vertical,bandas geométricas,vertical,bandas,repetitiva,7,4,V2_024,0.304288297892,0.292712271214,0.304288297892,-0.011576026678,0.000000000000,1.000000000000,0.142857142857,0.250000000000,0.216295718305
324,grayscale_image_full_caption,grayscale,full_caption,44,9,3,CAP-V2_009-TPL_05,positivos,44,SCAP-390DD4719A974C7E-TPL_05,STR-390DD4719A974C7E,TPL_05,false,base_pattern,bands_vertical,bandas geométricas,vertical,bandas,repetitiva,7,2,V2_004,0.325534790754,0.319027751684,0.325534790754,-0.006507039070,0.000000000000,1.000000000000,0.428571428571,0.500000000000,0.511994637706
325,grayscale_image_full_caption,grayscale,full_caption,45,5,4,CAP-V2_010-TPL_01,positivos,45,SCAP-390DD4719A974C7E-TPL_01,STR-390DD4719A974C7E,TPL_01,true,base_pattern,bands_vertical,bandas geométricas,vertical,bandas,repetitiva,7,6,V2_042,0.214219242334,0.200261563063,0.214219242334,-0.013957679272,0.000000000000,0.000000000000,0.000000000000,0.166666666667,0.260116026088
326,grayscale_image_full_caption,grayscale,full_caption,46,6,4,CAP-V2_010-TPL_02,positivos,46,SCAP-390DD4719A974C7E-TPL_02,STR-390DD4719A974C7E,TPL_02,false,base_pattern,bands_vertical,bandas geométricas,vertical,bandas,repetitiva,7,18,V2_042,0.213518708944,0.154466971755,0.213518708944,-0.059051737189,0.000000000000,0.000000000000,0.000000000000,0.055555555556,0.000000000000
327,grayscale_image_full_caption,grayscale,full_caption,47,7,4,CAP-V2_010-TPL_03,positivos,47,SCAP-390DD4719A974C7E-TPL_03,STR-390DD4719A974C7E,TPL_03,false,base_pattern,bands_vertical,bandas geométricas,vertical,bandas,repetitiva,7,18,V2_042,0.222941339016,0.168978333473,0.222941339016,-0.053963005543,0.000000000000,0.000000000000,0.000000000000,0.055555555556,0.000000000000
328,grayscale_image_full_caption,grayscale,full_caption,48,8,4,CAP-V2_010-TPL_04,positivos,48,SCAP-390DD4719A974C7E-TPL_04,STR-390DD4719A974C7E,TPL_04,false,base_pattern,bands_vertical,bandas geométricas,vertical,bandas,repetitiva,7,24,V2_042,0.224799633026,0.183443516493,0.224799633026,-0.041356116533,0.000000000000,0.000000000000,0.000000000000,0.041666666667,0.000000000000
329,grayscale_image_full_caption,grayscale,full_caption,49,9,4,CAP-V2_010-TPL_05,positivos,49,SCAP-390DD4719A974C7E-TPL_05,STR-390DD4719A974C7E,TPL_05,false,base_pattern,bands_vertical,bandas geométricas,vertical,bandas,repetitiva,7,13,V2_005,0.224255681038,0.200313240290,0.224255681038,-0.023942440748,0.000000000000,0.000000000000,0.000000000000,0.076923076923,0.000000000000
330,grayscale_image_full_caption,grayscale,full_caption,50,10,0,CAP-V2_011-TPL_01,positivos,50,SCAP-83B17E3514D80A83-TPL_01,STR-83B17E3514D80A83,TPL_01,true,base_pattern,diamonds_central,rombos,diagonal,central,bilateral,7,1,V2_011,0.260401368141,0.260401368141,0.245860859752,0.014540508389,1.000000000000,1.000000000000,0.285714285714,1.000000000000,0.581774349171
331,grayscale_image_full_caption,grayscale,full_caption,51,11,0,CAP-V2_011-TPL_02,positivos,51,SCAP-83B17E3514D80A83-TPL_02,STR-83B17E3514D80A83,TPL_02,false,base_pattern,diamonds_central,rombos,diagonal,central,bilateral,7,2,V2_030,0.229996576905,0.225614860654,0.229996576905,-0.004381716251,0.000000000000,1.000000000000,0.285714285714,0.500000000000,0.539880364107
332,grayscale_image_full_caption,grayscale,full_caption,52,12,0,CAP-V2_011-TPL_03,positivos,52,SCAP-83B17E3514D80A83-TPL_03,STR-83B17E3514D80A83,TPL_03,false,base_pattern,diamonds_central,rombos,diagonal,central,bilateral,7,1,V2_011,0.261858999729,0.261858999729,0.260768711567,0.001090288162,1.000000000000,1.000000000000,0.142857142857,1.000000000000,0.615418706451
333,grayscale_image_full_caption,grayscale,full_caption,53,13,0,CAP-V2_011-TPL_04,positivos,53,SCAP-83B17E3514D80A83-TPL_04,STR-83B17E3514D80A83,TPL_04,false,base_pattern,diamonds_central,rombos,diagonal,central,bilateral,7,1,V2_011,0.261930406094,0.261930406094,0.255487710238,0.006442695856,1.000000000000,1.000000000000,0.285714285714,1.000000000000,0.503939943676
334,grayscale_image_full_caption,grayscale,full_caption,54,14,0,CAP-V2_011-TPL_05,positivos,54,SCAP-83B17E3514D80A83-TPL_05,STR-83B17E3514D80A83,TPL_05,false,base_pattern,diamonds_central,rombos,diagonal,central,bilateral,7,6,V2_003,0.268088936806,0.252385795116,0.268088936806,-0.015703141689,0.000000000000,0.000000000000,0.000000000000,0.166666666667,0.180658946655
335,grayscale_image_full_caption,grayscale,full_caption,55,10,1,CAP-V2_012-TPL_01,positivos,55,SCAP-83B17E3514D80A83-TPL_01,STR-83B17E3514D80A83,TPL_01,true,base_pattern,diamonds_central,rombos,diagonal,central,bilateral,7,1,V2_012,0.216520190239,0.216520190239,0.205592915416,0.010927274823,1.000000000000,1.000000000000,0.428571428571,1.000000000000,0.677367600664
336,grayscale_image_full_caption,grayscale,full_caption,56,11,1,CAP-V2_012-TPL_02,positivos,56,SCAP-83B17E3514D80A83-TPL_02,STR-83B17E3514D80A83,TPL_02,false,base_pattern,diamonds_central,rombos,diagonal,central,bilateral,7,5,V2_042,0.203386008739,0.188050180674,0.203386008739,-0.015335828066,0.000000000000,1.000000000000,0.142857142857,0.200000000000,0.272507588957
337,grayscale_image_full_caption,grayscale,full_caption,57,12,1,CAP-V2_012-TPL_03,positivos,57,SCAP-83B17E3514D80A83-TPL_03,STR-83B17E3514D80A83,TPL_03,false,base_pattern,diamonds_central,rombos,diagonal,central,bilateral,7,5,V2_042,0.227973759174,0.211315035820,0.227973759174,-0.016658723354,0.000000000000,1.000000000000,0.142857142857,0.200000000000,0.284675953829
338,grayscale_image_full_caption,grayscale,full_caption,58,13,1,CAP-V2_012-TPL_04,positivos,58,SCAP-83B17E3514D80A83-TPL_04,STR-83B17E3514D80A83,TPL_04,false,base_pattern,diamonds_central,rombos,diagonal,central,bilateral,7,1,V2_036,0.217871919274,0.217871919274,0.211219459772,0.006652459502,1.000000000000,1.000000000000,0.428571428571,1.000000000000,0.646143862291
339,grayscale_image_full_caption,grayscale,full_caption,59,14,1,CAP-V2_012-TPL_05,positivos,59,SCAP-83B17E3514D80A83-TPL_05,STR-83B17E3514D80A83,TPL_05,false,base_pattern,diamonds_central,rombos,diagonal,central,bilateral,7,4,V2_005,0.230894997716,0.227598756552,0.230894997716,-0.003296241164,0.000000000000,1.000000000000,0.285714285714,0.250000000000,0.311433302480
340,grayscale_image_full_caption,grayscale,full_caption,60,10,2,CAP-V2_013-TPL_01,positivos,60,SCAP-83B17E3514D80A83-TPL_01,STR-83B17E3514D80A83,TPL_01,true,base_pattern,diamonds_central,rombos,diagonal,central,bilateral,7,1,V2_036,0.234333455563,0.234333455563,0.223058462143,0.011274993420,1.000000000000,1.000000000000,0.714285714286,1.000000000000,0.810461630345
341,grayscale_image_full_caption,grayscale,full_caption,61,11,2,CAP-V2_013-TPL_02,positivos,61,SCAP-83B17E3514D80A83-TPL_02,STR-83B17E3514D80A83,TPL_02,false,base_pattern,diamonds_central,rombos,diagonal,central,bilateral,7,4,V2_042,0.231451302767,0.221914663911,0.231451302767,-0.009536638856,0.000000000000,1.000000000000,0.142857142857,0.250000000000,0.372211337998
342,grayscale_image_full_caption,grayscale,full_caption,62,12,2,CAP-V2_013-TPL_03,positivos,62,SCAP-83B17E3514D80A83-TPL_03,STR-83B17E3514D80A83,TPL_03,false,base_pattern,diamonds_central,rombos,diagonal,central,bilateral,7,4,V2_042,0.252960801125,0.248097926378,0.252960801125,-0.004862874746,0.000000000000,1.000000000000,0.142857142857,0.250000000000,0.382466626232
343,grayscale_image_full_caption,grayscale,full_caption,63,13,2,CAP-V2_013-TPL_04,positivos,63,SCAP-83B17E3514D80A83-TPL_04,STR-83B17E3514D80A83,TPL_04,false,base_pattern,diamonds_central,rombos,diagonal,central,bilateral,7,1,V2_011,0.251835644245,0.251835644245,0.242503106594,0.009332537651,1.000000000000,1.000000000000,0.571428571429,1.000000000000,0.790838777809
344,grayscale_image_full_caption,grayscale,full_caption,64,14,2,CAP-V2_013-TPL_05,positivos,64,SCAP-83B17E3514D80A83-TPL_05,STR-83B17E3514D80A83,TPL_05,false,base_pattern,diamonds_central,rombos,diagonal,central,bilateral,7,3,V2_005,0.246802315116,0.242961421609,0.246802315116,-0.003840893507,0.000000000000,1.000000000000,0.285714285714,0.333333333333,0.243774847487
345,grayscale_image_full_caption,grayscale,full_caption,65,10,3,CAP-V2_014-TPL_01,positivos,65,SCAP-83B17E3514D80A83-TPL_01,STR-83B17E3514D80A83,TPL_01,true,base_pattern,diamonds_central,rombos,diagonal,central,bilateral,7,1,V2_014,0.316671013832,0.316671013832,0.302588403225,0.014082610607,1.000000000000,1.000000000000,0.571428571429,1.000000000000,0.802037874665
346,grayscale_image_full_caption,grayscale,full_caption,66,11,3,CAP-V2_014-TPL_02,positivos,66,SCAP-83B17E3514D80A83-TPL_02,STR-83B17E3514D80A83,TPL_02,false,base_pattern,diamonds_central,rombos,diagonal,central,bilateral,7,1,V2_014,0.299108326435,0.299108326435,0.293166100979,0.005942225456,1.000000000000,1.000000000000,0.428571428571,1.000000000000,0.684822088329
347,grayscale_image_full_caption,grayscale,full_caption,67,12,3,CAP-V2_014-TPL_03,positivos,67,SCAP-83B17E3514D80A83-TPL_03,STR-83B17E3514D80A83,TPL_03,false,base_pattern,diamonds_central,rombos,diagonal,central,bilateral,7,2,V2_029,0.317148745060,0.313366651535,0.317148745060,-0.003782093525,0.000000000000,1.000000000000,0.285714285714,0.500000000000,0.549606802175
348,grayscale_image_full_caption,grayscale,full_caption,68,13,3,CAP-V2_014-TPL_04,positivos,68,SCAP-83B17E3514D80A83-TPL_04,STR-83B17E3514D80A83,TPL_04,false,base_pattern,diamonds_central,rombos,diagonal,central,bilateral,7,1,V2_011,0.292906641960,0.292906641960,0.289898931980,0.003007709980,1.000000000000,1.000000000000,0.571428571429,1.000000000000,0.755769485193
349,grayscale_image_full_caption,grayscale,full_caption,69,14,3,CAP-V2_014-TPL_05,positivos,69,SCAP-83B17E3514D80A83-TPL_05,STR-83B17E3514D80A83,TPL_05,false,base_pattern,diamonds_central,rombos,diagonal,central,bilateral,7,4,V2_004,0.319972515106,0.313872963190,0.319972515106,-0.006099551916,0.000000000000,1.000000000000,0.142857142857,0.250000000000,0.372211337998
350,grayscale_image_full_caption,grayscale,full_caption,70,10,4,CAP-V2_015-TPL_01,positivos,70,SCAP-83B17E3514D80A83-TPL_01,STR-83B17E3514D80A83,TPL_01,true,base_pattern,diamonds_central,rombos,diagonal,central,bilateral,7,1,V2_036,0.216102302074,0.216102302074,0.209379673004,0.006722629070,1.000000000000,1.000000000000,0.571428571429,1.000000000000,0.759737292382
351,grayscale_image_full_caption,grayscale,full_caption,71,11,4,CAP-V2_015-TPL_02,positivos,71,SCAP-83B17E3514D80A83-TPL_02,STR-83B17E3514D80A83,TPL_02,false,base_pattern,diamonds_central,rombos,diagonal,central,bilateral,7,7,V2_030,0.204778909683,0.177615135908,0.204778909683,-0.027163773775,0.000000000000,0.000000000000,0.000000000000,0.142857142857,0.253828545043
352,grayscale_image_full_caption,grayscale,full_caption,72,12,4,CAP-V2_015-TPL_03,positivos,72,SCAP-83B17E3514D80A83-TPL_03,STR-83B17E3514D80A83,TPL_03,false,base_pattern,diamonds_central,rombos,diagonal,central,bilateral,7,7,V2_042,0.231876403093,0.206206530333,0.231876403093,-0.025669872761,0.000000000000,0.000000000000,0.000000000000,0.142857142857,0.253828545043
353,grayscale_image_full_caption,grayscale,full_caption,73,13,4,CAP-V2_015-TPL_04,positivos,73,SCAP-83B17E3514D80A83-TPL_04,STR-83B17E3514D80A83,TPL_04,false,base_pattern,diamonds_central,rombos,diagonal,central,bilateral,7,1,V2_036,0.235342860222,0.235342860222,0.221776515245,0.013566344976,1.000000000000,1.000000000000,0.428571428571,1.000000000000,0.843538508591
354,grayscale_image_full_caption,grayscale,full_caption,74,14,4,CAP-V2_015-TPL_05,positivos,74,SCAP-83B17E3514D80A83-TPL_05,STR-83B17E3514D80A83,TPL_05,false,base_pattern,diamonds_central,rombos,diagonal,central,bilateral,7,4,V2_005,0.228206515312,0.219477504492,0.228206515312,-0.008729010820,0.000000000000,1.000000000000,0.142857142857,0.250000000000,0.295752797738
355,grayscale_image_full_caption,grayscale,full_caption,75,15,0,CAP-V2_016-TPL_01,positivos,75,SCAP-32D96D397FD7BD30-TPL_01,STR-32D96D397FD7BD30,TPL_01,true,base_pattern,grecas_modular,grecas escalonadas,horizontal,modular,repetitiva,7,12,V2_003,0.254468798637,0.239564761519,0.254468798637,-0.014904037118,0.000000000000,0.000000000000,0.000000000000,0.083333333333,0.000000000000
356,grayscale_image_full_caption,grayscale,full_caption,76,16,0,CAP-V2_016-TPL_02,positivos,76,SCAP-32D96D397FD7BD30-TPL_02,STR-32D96D397FD7BD30,TPL_02,false,base_pattern,grecas_modular,grecas escalonadas,horizontal,modular,repetitiva,7,14,V2_030,0.230784505606,0.189642697573,0.230784505606,-0.041141808033,0.000000000000,0.000000000000,0.000000000000,0.071428571429,0.000000000000
357,grayscale_image_full_caption,grayscale,full_caption,77,17,0,CAP-V2_016-TPL_03,positivos,77,SCAP-32D96D397FD7BD30-TPL_03,STR-32D96D397FD7BD30,TPL_03,false,base_pattern,grecas_modular,grecas escalonadas,horizontal,modular,repetitiva,7,3,V2_028,0.268962681293,0.242821410298,0.268962681293,-0.026141270995,0.000000000000,1.000000000000,0.142857142857,0.333333333333,0.220184187762
358,grayscale_image_full_caption,grayscale,full_caption,78,18,0,CAP-V2_016-TPL_04,positivos,78,SCAP-32D96D397FD7BD30-TPL_04,STR-32D96D397FD7BD30,TPL_04,false,base_pattern,grecas_modular,grecas escalonadas,horizontal,modular,repetitiva,7,14,V2_021,0.255358427763,0.221920117736,0.255358427763,-0.033438310027,0.000000000000,0.000000000000,0.000000000000,0.071428571429,0.000000000000
359,grayscale_image_full_caption,grayscale,full_caption,79,19,0,CAP-V2_016-TPL_05,positivos,79,SCAP-32D96D397FD7BD30-TPL_05,STR-32D96D397FD7BD30,TPL_05,false,base_pattern,grecas_modular,grecas escalonadas,horizontal,modular,repetitiva,7,3,V2_003,0.278691262007,0.272003620863,0.278691262007,-0.006687641144,0.000000000000,1.000000000000,0.142857142857,0.333333333333,0.216895245890
360,grayscale_image_full_caption,grayscale,full_caption,80,15,1,CAP-V2_017-TPL_01,positivos,80,SCAP-32D96D397FD7BD30-TPL_01,STR-32D96D397FD7BD30,TPL_01,true,base_pattern,grecas_modular,grecas escalonadas,horizontal,modular,repetitiva,7,19,V2_042,0.219127923250,0.183270365000,0.219127923250,-0.035857558250,0.000000000000,0.000000000000,0.000000000000,0.052631578947,0.000000000000
361,grayscale_image_full_caption,grayscale,full_caption,81,16,1,CAP-V2_017-TPL_02,positivos,81,SCAP-32D96D397FD7BD30-TPL_02,STR-32D96D397FD7BD30,TPL_02,false,base_pattern,grecas_modular,grecas escalonadas,horizontal,modular,repetitiva,7,10,V2_042,0.208954542875,0.167002260685,0.208954542875,-0.041952282190,0.000000000000,0.000000000000,0.000000000000,0.100000000000,0.079457079433
362,grayscale_image_full_caption,grayscale,full_caption,82,17,1,CAP-V2_017-TPL_03,positivos,82,SCAP-32D96D397FD7BD30-TPL_03,STR-32D96D397FD7BD30,TPL_03,false,base_pattern,grecas_modular,grecas escalonadas,horizontal,modular,repetitiva,7,10,V2_042,0.232062295079,0.181100621819,0.232062295079,-0.050961673260,0.000000000000,0.000000000000,0.000000000000,0.100000000000,0.079457079433
363,grayscale_image_full_caption,grayscale,full_caption,83,18,1,CAP-V2_017-TPL_04,positivos,83,SCAP-32D96D397FD7BD30-TPL_04,STR-32D96D397FD7BD30,TPL_04,false,base_pattern,grecas_modular,grecas escalonadas,horizontal,modular,repetitiva,7,22,V2_021,0.226208478212,0.177718728781,0.226208478212,-0.048489749432,0.000000000000,0.000000000000,0.000000000000,0.045454545455,0.000000000000
364,grayscale_image_full_caption,grayscale,full_caption,84,19,1,CAP-V2_017-TPL_05,positivos,84,SCAP-32D96D397FD7BD30-TPL_05,STR-32D96D397FD7BD30,TPL_05,false,base_pattern,grecas_modular,grecas escalonadas,horizontal,modular,repetitiva,7,10,V2_032,0.233373224735,0.220240339637,0.233373224735,-0.013132885098,0.000000000000,0.000000000000,0.000000000000,0.100000000000,0.079457079433
365,grayscale_image_full_caption,grayscale,full_caption,85,15,2,CAP-V2_018-TPL_01,positivos,85,SCAP-32D96D397FD7BD30-TPL_01,STR-32D96D397FD7BD30,TPL_01,true,base_pattern,grecas_modular,grecas escalonadas,horizontal,modular,repetitiva,7,18,V2_042,0.232934921980,0.199122801423,0.232934921980,-0.033812120557,0.000000000000,0.000000000000,0.000000000000,0.055555555556,0.000000000000
366,grayscale_image_full_caption,grayscale,full_caption,86,16,2,CAP-V2_018-TPL_02,positivos,86,SCAP-32D96D397FD7BD30-TPL_02,STR-32D96D397FD7BD30,TPL_02,false,base_pattern,grecas_modular,grecas escalonadas,horizontal,modular,repetitiva,7,13,V2_042,0.228744804859,0.169842481613,0.228744804859,-0.058902323246,0.000000000000,0.000000000000,0.000000000000,0.076923076923,0.000000000000
367,grayscale_image_full_caption,grayscale,full_caption,87,17,2,CAP-V2_018-TPL_03,positivos,87,SCAP-32D96D397FD7BD30-TPL_03,STR-32D96D397FD7BD30,TPL_03,false,base_pattern,grecas_modular,grecas escalonadas,horizontal,modular,repetitiva,7,8,V2_042,0.247919738293,0.199208214879,0.247919738293,-0.048711523414,0.000000000000,0.000000000000,0.000000000000,0.125000000000,0.248916929232
368,grayscale_image_full_caption,grayscale,full_caption,88,18,2,CAP-V2_018-TPL_04,positivos,88,SCAP-32D96D397FD7BD30-TPL_04,STR-32D96D397FD7BD30,TPL_04,false,base_pattern,grecas_modular,grecas escalonadas,horizontal,modular,repetitiva,7,23,V2_004,0.230051726103,0.202696159482,0.230051726103,-0.027355566621,0.000000000000,0.000000000000,0.000000000000,0.043478260870,0.000000000000
369,grayscale_image_full_caption,grayscale,full_caption,89,19,2,CAP-V2_018-TPL_05,positivos,89,SCAP-32D96D397FD7BD30-TPL_05,STR-32D96D397FD7BD30,TPL_05,false,base_pattern,grecas_modular,grecas escalonadas,horizontal,modular,repetitiva,7,13,V2_042,0.236681431532,0.211990505457,0.236681431532,-0.024690926075,0.000000000000,0.000000000000,0.000000000000,0.076923076923,0.000000000000
370,grayscale_image_full_caption,grayscale,full_caption,90,15,3,CAP-V2_019-TPL_01,positivos,90,SCAP-32D96D397FD7BD30-TPL_01,STR-32D96D397FD7BD30,TPL_01,true,base_pattern,grecas_modular,grecas escalonadas,horizontal,modular,repetitiva,7,6,V2_024,0.314633667469,0.290372014046,0.314633667469,-0.024261653423,0.000000000000,0.000000000000,0.000000000000,0.166666666667,0.097912925350
371,grayscale_image_full_caption,grayscale,full_caption,91,16,3,CAP-V2_019-TPL_02,positivos,91,SCAP-32D96D397FD7BD30-TPL_02,STR-32D96D397FD7BD30,TPL_02,false,base_pattern,grecas_modular,grecas escalonadas,horizontal,modular,repetitiva,7,10,V2_024,0.310204327106,0.281526267529,0.310204327106,-0.028678059578,0.000000000000,0.000000000000,0.000000000000,0.100000000000,0.079457079433
372,grayscale_image_full_caption,grayscale,full_caption,92,17,3,CAP-V2_019-TPL_03,positivos,92,SCAP-32D96D397FD7BD30-TPL_03,STR-32D96D397FD7BD30,TPL_03,false,base_pattern,grecas_modular,grecas escalonadas,horizontal,modular,repetitiva,7,9,V2_024,0.305583685637,0.284195661545,0.305583685637,-0.021388024092,0.000000000000,0.000000000000,0.000000000000,0.111111111111,0.082746021305
373,grayscale_image_full_caption,grayscale,full_caption,93,18,3,CAP-V2_019-TPL_04,positivos,93,SCAP-32D96D397FD7BD30-TPL_04,STR-32D96D397FD7BD30,TPL_04,false,base_pattern,grecas_modular,grecas escalonadas,horizontal,modular,repetitiva,7,13,V2_021,0.318596512079,0.264322042465,0.318596512079,-0.054274469614,0.000000000000,0.000000000000,0.000000000000,0.076923076923,0.000000000000
374,grayscale_image_full_caption,grayscale,full_caption,94,19,3,CAP-V2_019-TPL_05,positivos,94,SCAP-32D96D397FD7BD30-TPL_05,STR-32D96D397FD7BD30,TPL_05,false,base_pattern,grecas_modular,grecas escalonadas,horizontal,modular,repetitiva,7,4,V2_004,0.324747383595,0.316255033016,0.324747383595,-0.008492350578,0.000000000000,1.000000000000,0.142857142857,0.250000000000,0.280585893693
375,grayscale_image_full_caption,grayscale,full_caption,95,15,4,CAP-V2_020-TPL_01,positivos,95,SCAP-32D96D397FD7BD30-TPL_01,STR-32D96D397FD7BD30,TPL_01,true,base_pattern,grecas_modular,grecas escalonadas,horizontal,modular,repetitiva,7,20,V2_042,0.212350398302,0.174665510654,0.212350398302,-0.037684887648,0.000000000000,0.000000000000,0.000000000000,0.050000000000,0.000000000000
376,grayscale_image_full_caption,grayscale,full_caption,96,16,4,CAP-V2_020-TPL_02,positivos,96,SCAP-32D96D397FD7BD30-TPL_02,STR-32D96D397FD7BD30,TPL_02,false,base_pattern,grecas_modular,grecas escalonadas,horizontal,modular,repetitiva,7,16,V2_042,0.207919701934,0.144036427140,0.207919701934,-0.063883274794,0.000000000000,0.000000000000,0.000000000000,0.062500000000,0.000000000000
377,grayscale_image_full_caption,grayscale,full_caption,97,17,4,CAP-V2_020-TPL_03,positivos,97,SCAP-32D96D397FD7BD30-TPL_03,STR-32D96D397FD7BD30,TPL_03,false,base_pattern,grecas_modular,grecas escalonadas,horizontal,modular,repetitiva,7,8,V2_042,0.231878802180,0.173123970628,0.231878802180,-0.058754831553,0.000000000000,0.000000000000,0.000000000000,0.125000000000,0.169459849799
378,grayscale_image_full_caption,grayscale,full_caption,98,18,4,CAP-V2_020-TPL_04,positivos,98,SCAP-32D96D397FD7BD30-TPL_04,STR-32D96D397FD7BD30,TPL_04,false,base_pattern,grecas_modular,grecas escalonadas,horizontal,modular,repetitiva,7,27,V2_042,0.214039593935,0.171122699976,0.214039593935,-0.042916893959,0.000000000000,0.000000000000,0.000000000000,0.037037037037,0.000000000000
379,grayscale_image_full_caption,grayscale,full_caption,99,19,4,CAP-V2_020-TPL_05,positivos,99,SCAP-32D96D397FD7BD30-TPL_05,STR-32D96D397FD7BD30,TPL_05,false,base_pattern,grecas_modular,grecas escalonadas,horizontal,modular,repetitiva,7,15,V2_005,0.226472109556,0.196486651897,0.226472109556,-0.029985457659,0.000000000000,0.000000000000,0.000000000000,0.066666666667,0.000000000000
380,grayscale_image_full_caption,grayscale,full_caption,100,20,0,CAP-V2_021-TPL_01,positivos,100,SCAP-EFDC071AF166C8C3-TPL_01,STR-EFDC071AF166C8C3,TPL_01,true,base_pattern,grid_reticular,cuadrícula geométrica,bidireccional,reticular,repetitiva,7,5,V2_011,0.257569432259,0.236521214247,0.257569432259,-0.021048218012,0.000000000000,1.000000000000,0.142857142857,0.200000000000,0.106336681030
381,grayscale_image_full_caption,grayscale,full_caption,101,21,0,CAP-V2_021-TPL_02,positivos,101,SCAP-EFDC071AF166C8C3-TPL_02,STR-EFDC071AF166C8C3,TPL_02,false,base_pattern,grid_reticular,cuadrícula geométrica,bidireccional,reticular,repetitiva,7,15,V2_030,0.238362014294,0.206381917000,0.238362014294,-0.031980097294,0.000000000000,0.000000000000,0.000000000000,0.066666666667,0.000000000000
382,grayscale_image_full_caption,grayscale,full_caption,102,22,0,CAP-V2_021-TPL_03,positivos,102,SCAP-EFDC071AF166C8C3-TPL_03,STR-EFDC071AF166C8C3,TPL_03,false,base_pattern,grid_reticular,cuadrícula geométrica,bidireccional,reticular,repetitiva,7,18,V2_030,0.272276222706,0.231332689524,0.272276222706,-0.040943533182,0.000000000000,0.000000000000,0.000000000000,0.055555555556,0.000000000000
383,grayscale_image_full_caption,grayscale,full_caption,103,23,0,CAP-V2_021-TPL_04,positivos,103,SCAP-EFDC071AF166C8C3-TPL_04,STR-EFDC071AF166C8C3,TPL_04,false,base_pattern,grid_reticular,cuadrícula geométrica,bidireccional,reticular,repetitiva,7,1,V2_021,0.267845094204,0.267845094204,0.265117973089,0.002727121115,1.000000000000,1.000000000000,0.285714285714,1.000000000000,0.555462226608
384,grayscale_image_full_caption,grayscale,full_caption,104,24,0,CAP-V2_021-TPL_05,positivos,104,SCAP-EFDC071AF166C8C3-TPL_05,STR-EFDC071AF166C8C3,TPL_05,false,base_pattern,grid_reticular,cuadrícula geométrica,bidireccional,reticular,repetitiva,7,12,V2_003,0.260125100613,0.241245344281,0.260125100613,-0.018879756331,0.000000000000,0.000000000000,0.000000000000,0.083333333333,0.000000000000
385,grayscale_image_full_caption,grayscale,full_caption,105,20,1,CAP-V2_022-TPL_01,positivos,105,SCAP-EFDC071AF166C8C3-TPL_01,STR-EFDC071AF166C8C3,TPL_01,true,base_pattern,grid_reticular,cuadrícula geométrica,bidireccional,reticular,repetitiva,7,10,V2_012,0.207663714886,0.186628699303,0.207663714886,-0.021035015583,0.000000000000,0.000000000000,0.000000000000,0.100000000000,0.079457079433
386,grayscale_image_full_caption,grayscale,full_caption,106,21,1,CAP-V2_022-TPL_02,positivos,106,SCAP-EFDC071AF166C8C3-TPL_02,STR-EFDC071AF166C8C3,TPL_02,false,base_pattern,grid_reticular,cuadrícula geométrica,bidireccional,reticular,repetitiva,7,12,V2_042,0.203114718199,0.181017071009,0.203114718199,-0.022097647190,0.000000000000,0.000000000000,0.000000000000,0.083333333333,0.000000000000
387,grayscale_image_full_caption,grayscale,full_caption,107,22,1,CAP-V2_022-TPL_03,positivos,107,SCAP-EFDC071AF166C8C3-TPL_03,STR-EFDC071AF166C8C3,TPL_03,false,base_pattern,grid_reticular,cuadrícula geométrica,bidireccional,reticular,repetitiva,7,15,V2_041,0.229887530208,0.188694477081,0.229887530208,-0.041193053126,0.000000000000,0.000000000000,0.000000000000,0.066666666667,0.000000000000
388,grayscale_image_full_caption,grayscale,full_caption,108,23,1,CAP-V2_022-TPL_04,positivos,108,SCAP-EFDC071AF166C8C3-TPL_04,STR-EFDC071AF166C8C3,TPL_04,false,base_pattern,grid_reticular,cuadrícula geométrica,bidireccional,reticular,repetitiva,7,1,V2_021,0.222344517708,0.222344517708,0.214119598269,0.008224919438,1.000000000000,1.000000000000,0.571428571429,1.000000000000,0.795750393620
389,grayscale_image_full_caption,grayscale,full_caption,109,24,1,CAP-V2_022-TPL_05,positivos,109,SCAP-EFDC071AF166C8C3-TPL_05,STR-EFDC071AF166C8C3,TPL_05,false,base_pattern,grid_reticular,cuadrícula geométrica,bidireccional,reticular,repetitiva,7,3,V2_036,0.224068105221,0.216279208660,0.224068105221,-0.007788896561,0.000000000000,1.000000000000,0.142857142857,0.333333333333,0.137438166457
390,grayscale_image_full_caption,grayscale,full_caption,110,20,2,CAP-V2_023-TPL_01,positivos,110,SCAP-EFDC071AF166C8C3-TPL_01,STR-EFDC071AF166C8C3,TPL_01,true,base_pattern,grid_reticular,cuadrícula geométrica,bidireccional,reticular,repetitiva,7,19,V2_036,0.226868063211,0.194399803877,0.226868063211,-0.032468259335,0.000000000000,0.000000000000,0.000000000000,0.052631578947,0.000000000000
391,grayscale_image_full_caption,grayscale,full_caption,111,21,2,CAP-V2_023-TPL_02,positivos,111,SCAP-EFDC071AF166C8C3-TPL_02,STR-EFDC071AF166C8C3,TPL_02,false,base_pattern,grid_reticular,cuadrícula geométrica,bidireccional,reticular,repetitiva,7,18,V2_030,0.237972721457,0.183779329062,0.237972721457,-0.054193392396,0.000000000000,0.000000000000,0.000000000000,0.055555555556,0.000000000000
392,grayscale_image_full_caption,grayscale,full_caption,112,22,2,CAP-V2_023-TPL_03,positivos,112,SCAP-EFDC071AF166C8C3-TPL_03,STR-EFDC071AF166C8C3,TPL_03,false,base_pattern,grid_reticular,cuadrícula geométrica,bidireccional,reticular,repetitiva,7,19,V2_029,0.258037149906,0.206249609590,0.258037149906,-0.051787540317,0.000000000000,0.000000000000,0.000000000000,0.052631578947,0.000000000000
393,grayscale_image_full_caption,grayscale,full_caption,113,23,2,CAP-V2_023-TPL_04,positivos,113,SCAP-EFDC071AF166C8C3-TPL_04,STR-EFDC071AF166C8C3,TPL_04,false,base_pattern,grid_reticular,cuadrícula geométrica,bidireccional,reticular,repetitiva,7,9,V2_011,0.244673147798,0.235180586576,0.244673147798,-0.009492561221,0.000000000000,0.000000000000,0.000000000000,0.111111111111,0.162203100738
394,grayscale_image_full_caption,grayscale,full_caption,114,24,2,CAP-V2_023-TPL_05,positivos,114,SCAP-EFDC071AF166C8C3-TPL_05,STR-EFDC071AF166C8C3,TPL_05,false,base_pattern,grid_reticular,cuadrícula geométrica,bidireccional,reticular,repetitiva,7,23,V2_026,0.241682276130,0.206038966775,0.241682276130,-0.035643309355,0.000000000000,0.000000000000,0.000000000000,0.043478260870,0.000000000000
395,grayscale_image_full_caption,grayscale,full_caption,115,20,3,CAP-V2_024-TPL_01,positivos,115,SCAP-EFDC071AF166C8C3-TPL_01,STR-EFDC071AF166C8C3,TPL_01,true,base_pattern,grid_reticular,cuadrícula geométrica,bidireccional,reticular,repetitiva,7,2,V2_014,0.311697423458,0.310801327229,0.311697423458,-0.000896096230,0.000000000000,1.000000000000,0.428571428571,0.500000000000,0.569229654711
396,grayscale_image_full_caption,grayscale,full_caption,116,21,3,CAP-V2_024-TPL_02,positivos,116,SCAP-EFDC071AF166C8C3-TPL_02,STR-EFDC071AF166C8C3,TPL_02,false,base_pattern,grid_reticular,cuadrícula geométrica,bidireccional,reticular,repetitiva,7,1,V2_024,0.316115230322,0.316115230322,0.314688563347,0.001426666975,1.000000000000,1.000000000000,0.142857142857,1.000000000000,0.464414702569
397,grayscale_image_full_caption,grayscale,full_caption,117,22,3,CAP-V2_024-TPL_03,positivos,117,SCAP-EFDC071AF166C8C3-TPL_03,STR-EFDC071AF166C8C3,TPL_03,false,base_pattern,grid_reticular,cuadrícula geométrica,bidireccional,reticular,repetitiva,7,4,V2_029,0.324075043201,0.312688380480,0.324075043201,-0.011386662722,0.000000000000,1.000000000000,0.142857142857,0.250000000000,0.118382792955
398,grayscale_image_full_caption,grayscale,full_caption,118,23,3,CAP-V2_024-TPL_04,positivos,118,SCAP-EFDC071AF166C8C3-TPL_04,STR-EFDC071AF166C8C3,TPL_04,false,base_pattern,grid_reticular,cuadrícula geométrica,bidireccional,reticular,repetitiva,7,1,V2_021,0.320083081722,0.320083081722,0.297219872475,0.022863209248,1.000000000000,1.000000000000,0.571428571429,1.000000000000,0.790838777809
399,grayscale_image_full_caption,grayscale,full_caption,119,24,3,CAP-V2_024-TPL_05,positivos,119,SCAP-EFDC071AF166C8C3-TPL_05,STR-EFDC071AF166C8C3,TPL_05,false,base_pattern,grid_reticular,cuadrícula geométrica,bidireccional,reticular,repetitiva,7,3,V2_004,0.307285606861,0.306056052446,0.307285606861,-0.001229554415,0.000000000000,1.000000000000,0.285714285714,0.333333333333,0.323231926920
400,grayscale_image_full_caption,grayscale,full_caption,120,20,4,CAP-V2_025-TPL_01,positivos,120,SCAP-EFDC071AF166C8C3-TPL_01,STR-EFDC071AF166C8C3,TPL_01,true,base_pattern,grid_reticular,cuadrícula geométrica,bidireccional,reticular,repetitiva,7,15,V2_036,0.214620098472,0.182956263423,0.214620098472,-0.031663835049,0.000000000000,0.000000000000,0.000000000000,0.066666666667,0.000000000000
401,grayscale_image_full_caption,grayscale,full_caption,121,21,4,CAP-V2_025-TPL_02,positivos,121,SCAP-EFDC071AF166C8C3-TPL_02,STR-EFDC071AF166C8C3,TPL_02,false,base_pattern,grid_reticular,cuadrícula geométrica,bidireccional,reticular,repetitiva,7,18,V2_030,0.215863615274,0.156850427389,0.215863615274,-0.059013187885,0.000000000000,0.000000000000,0.000000000000,0.055555555556,0.000000000000
402,grayscale_image_full_caption,grayscale,full_caption,122,22,4,CAP-V2_025-TPL_03,positivos,122,SCAP-EFDC071AF166C8C3-TPL_03,STR-EFDC071AF166C8C3,TPL_03,false,base_pattern,grid_reticular,cuadrícula geométrica,bidireccional,reticular,repetitiva,7,18,V2_030,0.232167512178,0.165669754148,0.232167512178,-0.066497758031,0.000000000000,0.000000000000,0.000000000000,0.055555555556,0.000000000000
403,grayscale_image_full_caption,grayscale,full_caption,123,23,4,CAP-V2_025-TPL_04,positivos,123,SCAP-EFDC071AF166C8C3-TPL_04,STR-EFDC071AF166C8C3,TPL_04,false,base_pattern,grid_reticular,cuadrícula geométrica,bidireccional,reticular,repetitiva,7,16,V2_036,0.223397955298,0.202594861388,0.223397955298,-0.020803093910,0.000000000000,0.000000000000,0.000000000000,0.062500000000,0.000000000000
404,grayscale_image_full_caption,grayscale,full_caption,124,24,4,CAP-V2_025-TPL_05,positivos,124,SCAP-EFDC071AF166C8C3-TPL_05,STR-EFDC071AF166C8C3,TPL_05,false,base_pattern,grid_reticular,cuadrícula geométrica,bidireccional,reticular,repetitiva,7,20,V2_036,0.221583336592,0.183115631342,0.221583336592,-0.038467705250,0.000000000000,0.000000000000,0.000000000000,0.050000000000,0.000000000000
405,grayscale_image_full_caption,grayscale,full_caption,125,25,0,CAP-V2_026-TPL_01,positivos,125,SCAP-7193EBD1DE12399C-TPL_01,STR-7193EBD1DE12399C,TPL_01,true,base_pattern,mixed_asymmetric,motivos geométricos combinados,mixta,mixta,asimétrica,7,11,V2_011,0.249742180109,0.239750832319,0.249742180109,-0.009991347790,0.000000000000,0.000000000000,0.000000000000,0.090909090909,0.000000000000
406,grayscale_image_full_caption,grayscale,full_caption,126,26,0,CAP-V2_026-TPL_02,positivos,126,SCAP-7193EBD1DE12399C-TPL_02,STR-7193EBD1DE12399C,TPL_02,false,base_pattern,mixed_asymmetric,motivos geométricos combinados,mixta,mixta,asimétrica,7,1,V2_030,0.238482475281,0.238482475281,0.226324737072,0.012157738209,1.000000000000,1.000000000000,0.571428571429,1.000000000000,0.949275662037
407,grayscale_image_full_caption,grayscale,full_caption,127,27,0,CAP-V2_026-TPL_03,positivos,127,SCAP-7193EBD1DE12399C-TPL_03,STR-7193EBD1DE12399C,TPL_03,false,base_pattern,mixed_asymmetric,motivos geométricos combinados,mixta,mixta,asimétrica,7,1,V2_030,0.256176292896,0.256176292896,0.248382925987,0.007793366909,1.000000000000,1.000000000000,0.571428571429,1.000000000000,0.839194371815
408,grayscale_image_full_caption,grayscale,full_caption,128,28,0,CAP-V2_026-TPL_04,positivos,128,SCAP-7193EBD1DE12399C-TPL_04,STR-7193EBD1DE12399C,TPL_04,false,base_pattern,mixed_asymmetric,motivos geométricos combinados,mixta,mixta,asimétrica,7,14,V2_021,0.258023560047,0.233646497130,0.258023560047,-0.024377062917,0.000000000000,0.000000000000,0.000000000000,0.071428571429,0.000000000000
409,grayscale_image_full_caption,grayscale,full_caption,129,29,0,CAP-V2_026-TPL_05,positivos,129,SCAP-7193EBD1DE12399C-TPL_05,STR-7193EBD1DE12399C,TPL_05,false,base_pattern,mixed_asymmetric,motivos geométricos combinados,mixta,mixta,asimétrica,7,10,V2_005,0.260133445263,0.241452872753,0.260133445263,-0.018680572510,0.000000000000,0.000000000000,0.000000000000,0.100000000000,0.079457079433
410,grayscale_image_full_caption,grayscale,full_caption,130,25,1,CAP-V2_027-TPL_01,positivos,130,SCAP-7193EBD1DE12399C-TPL_01,STR-7193EBD1DE12399C,TPL_01,true,base_pattern,mixed_asymmetric,motivos geométricos combinados,mixta,mixta,asimétrica,7,1,V2_042,0.205133646727,0.205133646727,0.202089101076,0.003044545650,1.000000000000,1.000000000000,0.142857142857,1.000000000000,0.274876332914
411,grayscale_image_full_caption,grayscale,full_caption,131,26,1,CAP-V2_027-TPL_02,positivos,131,SCAP-7193EBD1DE12399C-TPL_02,STR-7193EBD1DE12399C,TPL_02,false,base_pattern,mixed_asymmetric,motivos geométricos combinados,mixta,mixta,asimétrica,7,1,V2_042,0.201137036085,0.201137036085,0.183556944132,0.017580091953,1.000000000000,1.000000000000,0.714285714286,1.000000000000,0.908374555695
412,grayscale_image_full_caption,grayscale,full_caption,132,27,1,CAP-V2_027-TPL_03,positivos,132,SCAP-7193EBD1DE12399C-TPL_03,STR-7193EBD1DE12399C,TPL_03,false,base_pattern,mixed_asymmetric,motivos geométricos combinados,mixta,mixta,asimétrica,7,1,V2_041,0.207786902785,0.207786902785,0.200815469027,0.006971433759,1.000000000000,1.000000000000,0.571428571429,1.000000000000,0.862561833543
413,grayscale_image_full_caption,grayscale,full_caption,133,28,1,CAP-V2_027-TPL_04,positivos,133,SCAP-7193EBD1DE12399C-TPL_04,STR-7193EBD1DE12399C,TPL_04,false,base_pattern,mixed_asymmetric,motivos geométricos combinados,mixta,mixta,asimétrica,7,8,V2_024,0.211121529341,0.195378422737,0.211121529341,-0.015743106604,0.000000000000,0.000000000000,0.000000000000,0.125000000000,0.166170907927
414,grayscale_image_full_caption,grayscale,full_caption,134,29,1,CAP-V2_027-TPL_05,positivos,134,SCAP-7193EBD1DE12399C-TPL_05,STR-7193EBD1DE12399C,TPL_05,false,base_pattern,mixed_asymmetric,motivos geométricos combinados,mixta,mixta,asimétrica,7,5,V2_036,0.220292538404,0.217286854982,0.220292538404,-0.003005683422,0.000000000000,1.000000000000,0.142857142857,0.200000000000,0.106336681030
415,grayscale_image_full_caption,grayscale,full_caption,135,25,2,CAP-V2_028-TPL_01,positivos,135,SCAP-7193EBD1DE12399C-TPL_01,STR-7193EBD1DE12399C,TPL_01,true,base_pattern,mixed_asymmetric,motivos geométricos combinados,mixta,mixta,asimétrica,7,1,V2_042,0.223251998425,0.223251998425,0.219666987658,0.003585010767,1.000000000000,1.000000000000,0.285714285714,1.000000000000,0.491172051220
416,grayscale_image_full_caption,grayscale,full_caption,136,26,2,CAP-V2_028-TPL_02,positivos,136,SCAP-7193EBD1DE12399C-TPL_02,STR-7193EBD1DE12399C,TPL_02,false,base_pattern,mixed_asymmetric,motivos geométricos combinados,mixta,mixta,asimétrica,7,1,V2_030,0.234863653779,0.234863653779,0.222094804049,0.012768849730,1.000000000000,1.000000000000,0.714285714286,1.000000000000,0.981544154083
417,grayscale_image_full_caption,grayscale,full_caption,137,27,2,CAP-V2_028-TPL_03,positivos,137,SCAP-7193EBD1DE12399C-TPL_03,STR-7193EBD1DE12399C,TPL_03,false,base_pattern,mixed_asymmetric,motivos geométricos combinados,mixta,mixta,asimétrica,7,1,V2_029,0.235071629286,0.235071629286,0.222775906324,0.012295722961,1.000000000000,1.000000000000,0.714285714286,1.000000000000,0.902087074650
418,grayscale_image_full_caption,grayscale,full_caption,138,28,2,CAP-V2_028-TPL_04,positivos,138,SCAP-7193EBD1DE12399C-TPL_04,STR-7193EBD1DE12399C,TPL_04,false,base_pattern,mixed_asymmetric,motivos geométricos combinados,mixta,mixta,asimétrica,7,4,V2_004,0.228102743626,0.226970672607,0.228102743626,-0.001132071018,0.000000000000,1.000000000000,0.285714285714,0.250000000000,0.307465495291
419,grayscale_image_full_caption,grayscale,full_caption,139,29,2,CAP-V2_028-TPL_05,positivos,139,SCAP-7193EBD1DE12399C-TPL_05,STR-7193EBD1DE12399C,TPL_05,false,base_pattern,mixed_asymmetric,motivos geométricos combinados,mixta,mixta,asimétrica,7,3,V2_036,0.236587613821,0.232151955366,0.236587613821,-0.004435658455,0.000000000000,1.000000000000,0.285714285714,0.333333333333,0.255820959413
420,grayscale_image_full_caption,grayscale,full_caption,140,25,3,CAP-V2_029-TPL_01,positivos,140,SCAP-7193EBD1DE12399C-TPL_01,STR-7193EBD1DE12399C,TPL_01,true,base_pattern,mixed_asymmetric,motivos geométricos combinados,mixta,mixta,asimétrica,7,17,V2_024,0.325291574001,0.290068507195,0.325291574001,-0.035223066807,0.000000000000,0.000000000000,0.000000000000,0.058823529412,0.000000000000
421,grayscale_image_full_caption,grayscale,full_caption,141,26,3,CAP-V2_029-TPL_02,positivos,141,SCAP-7193EBD1DE12399C-TPL_02,STR-7193EBD1DE12399C,TPL_02,false,base_pattern,mixed_asymmetric,motivos geométricos combinados,mixta,mixta,asimétrica,7,2,V2_024,0.317317366600,0.307795345783,0.317317366600,-0.009522020817,0.000000000000,1.000000000000,0.142857142857,0.500000000000,0.339598564915
422,grayscale_image_full_caption,grayscale,full_caption,142,27,3,CAP-V2_029-TPL_03,positivos,142,SCAP-7193EBD1DE12399C-TPL_03,STR-7193EBD1DE12399C,TPL_03,false,base_pattern,mixed_asymmetric,motivos geométricos combinados,mixta,mixta,asimétrica,7,2,V2_024,0.318580567837,0.316096037626,0.318580567837,-0.002484530210,0.000000000000,1.000000000000,0.142857142857,0.500000000000,0.362966026643
423,grayscale_image_full_caption,grayscale,full_caption,143,28,3,CAP-V2_029-TPL_04,positivos,143,SCAP-7193EBD1DE12399C-TPL_04,STR-7193EBD1DE12399C,TPL_04,false,base_pattern,mixed_asymmetric,motivos geométricos combinados,mixta,mixta,asimétrica,7,9,V2_024,0.320713937283,0.283772766590,0.320713937283,-0.036941170692,0.000000000000,0.000000000000,0.000000000000,0.111111111111,0.082746021305
424,grayscale_image_full_caption,grayscale,full_caption,144,29,3,CAP-V2_029-TPL_05,positivos,144,SCAP-7193EBD1DE12399C-TPL_05,STR-7193EBD1DE12399C,TPL_05,false,base_pattern,mixed_asymmetric,motivos geométricos combinados,mixta,mixta,asimétrica,7,21,V2_024,0.321205139160,0.298781692982,0.321205139160,-0.022423446178,0.000000000000,0.000000000000,0.000000000000,0.047619047619,0.000000000000
425,grayscale_image_full_caption,grayscale,full_caption,145,25,4,CAP-V2_030-TPL_01,positivos,145,SCAP-7193EBD1DE12399C-TPL_01,STR-7193EBD1DE12399C,TPL_01,true,base_pattern,mixed_asymmetric,motivos geométricos combinados,mixta,mixta,asimétrica,7,2,V2_036,0.204744666815,0.202685028315,0.204744666815,-0.002059638500,0.000000000000,1.000000000000,0.285714285714,0.500000000000,0.279764338018
426,grayscale_image_full_caption,grayscale,full_caption,146,26,4,CAP-V2_030-TPL_02,positivos,146,SCAP-7193EBD1DE12399C-TPL_02,STR-7193EBD1DE12399C,TPL_02,false,base_pattern,mixed_asymmetric,motivos geométricos combinados,mixta,mixta,asimétrica,7,1,V2_030,0.210405021906,0.210405021906,0.185445129871,0.024959892035,1.000000000000,1.000000000000,0.714285714286,1.000000000000,0.995088384189
427,grayscale_image_full_caption,grayscale,full_caption,147,27,4,CAP-V2_030-TPL_03,positivos,147,SCAP-7193EBD1DE12399C-TPL_03,STR-7193EBD1DE12399C,TPL_03,false,base_pattern,mixed_asymmetric,motivos geométricos combinados,mixta,mixta,asimétrica,7,1,V2_030,0.213528603315,0.213528603315,0.187485218048,0.026043385267,1.000000000000,1.000000000000,0.714285714286,1.000000000000,0.991120577001
428,grayscale_image_full_caption,grayscale,full_caption,148,28,4,CAP-V2_030-TPL_04,positivos,148,SCAP-7193EBD1DE12399C-TPL_04,STR-7193EBD1DE12399C,TPL_04,false,base_pattern,mixed_asymmetric,motivos geométricos combinados,mixta,mixta,asimétrica,7,1,V2_042,0.213037908077,0.213037908077,0.208907842636,0.004130065441,1.000000000000,1.000000000000,0.571428571429,1.000000000000,0.803204881284
429,grayscale_image_full_caption,grayscale,full_caption,149,29,4,CAP-V2_030-TPL_05,positivos,149,SCAP-7193EBD1DE12399C-TPL_05,STR-7193EBD1DE12399C,TPL_05,false,base_pattern,mixed_asymmetric,motivos geométricos combinados,mixta,mixta,asimétrica,7,1,V2_042,0.214131385088,0.214131385088,0.212893277407,0.001238107681,1.000000000000,1.000000000000,0.285714285714,1.000000000000,0.651055478101
430,grayscale_image_full_caption,grayscale,full_caption,150,0,5,CAP-V2_031-TPL_01,positivos,150,SCAP-A3FE31524DCA0243-TPL_01,STR-A3FE31524DCA0243,TPL_01,true,base_pattern,bands_horizontal,bandas geométricas,horizontal,bandas,repetitiva,7,4,V2_042,0.233799502254,0.216597497463,0.233799502254,-0.017202004790,0.000000000000,1.000000000000,0.285714285714,0.250000000000,0.395801997723
431,grayscale_image_full_caption,grayscale,full_caption,151,1,5,CAP-V2_031-TPL_02,positivos,151,SCAP-A3FE31524DCA0243-TPL_02,STR-A3FE31524DCA0243,TPL_02,false,base_pattern,bands_horizontal,bandas geométricas,horizontal,bandas,repetitiva,7,11,V2_042,0.223230063915,0.171496272087,0.223230063915,-0.051733791828,0.000000000000,0.000000000000,0.000000000000,0.090909090909,0.000000000000
432,grayscale_image_full_caption,grayscale,full_caption,152,2,5,CAP-V2_031-TPL_03,positivos,152,SCAP-A3FE31524DCA0243-TPL_03,STR-A3FE31524DCA0243,TPL_03,false,base_pattern,bands_horizontal,bandas geométricas,horizontal,bandas,repetitiva,7,10,V2_041,0.250477254391,0.198930501938,0.250477254391,-0.051546752453,0.000000000000,0.000000000000,0.000000000000,0.100000000000,0.079457079433
433,grayscale_image_full_caption,grayscale,full_caption,153,3,5,CAP-V2_031-TPL_04,positivos,153,SCAP-A3FE31524DCA0243-TPL_04,STR-A3FE31524DCA0243,TPL_04,false,base_pattern,bands_horizontal,bandas geométricas,horizontal,bandas,repetitiva,7,3,V2_042,0.224745213985,0.215102016926,0.224745213985,-0.009643197060,0.000000000000,1.000000000000,0.142857142857,0.333333333333,0.306898016257
434,grayscale_image_full_caption,grayscale,full_caption,154,4,5,CAP-V2_031-TPL_05,positivos,154,SCAP-A3FE31524DCA0243-TPL_05,STR-A3FE31524DCA0243,TPL_05,false,base_pattern,bands_horizontal,bandas geométricas,horizontal,bandas,repetitiva,7,3,V2_042,0.248206198215,0.241333901882,0.248206198215,-0.006872296333,0.000000000000,1.000000000000,0.142857142857,0.333333333333,0.326976536112
435,grayscale_image_full_caption,grayscale,full_caption,155,0,6,CAP-V2_032-TPL_01,positivos,155,SCAP-A3FE31524DCA0243-TPL_01,STR-A3FE31524DCA0243,TPL_01,true,base_pattern,bands_horizontal,bandas geométricas,horizontal,bandas,repetitiva,7,3,V2_034,0.235536813736,0.234789699316,0.235536813736,-0.000747114420,0.000000000000,1.000000000000,0.142857142857,0.333333333333,0.224151994951
436,grayscale_image_full_caption,grayscale,full_caption,156,1,6,CAP-V2_032-TPL_02,positivos,156,SCAP-A3FE31524DCA0243-TPL_02,STR-A3FE31524DCA0243,TPL_02,false,base_pattern,bands_horizontal,bandas geométricas,horizontal,bandas,repetitiva,7,11,V2_042,0.235106527805,0.203619495034,0.235106527805,-0.031487032771,0.000000000000,0.000000000000,0.000000000000,0.090909090909,0.000000000000
437,grayscale_image_full_caption,grayscale,full_caption,157,2,6,CAP-V2_032-TPL_03,positivos,157,SCAP-A3FE31524DCA0243-TPL_03,STR-A3FE31524DCA0243,TPL_03,false,base_pattern,bands_horizontal,bandas geométricas,horizontal,bandas,repetitiva,7,11,V2_042,0.240680783987,0.216076850891,0.240680783987,-0.024603933096,0.000000000000,0.000000000000,0.000000000000,0.090909090909,0.000000000000
438,grayscale_image_full_caption,grayscale,full_caption,158,3,6,CAP-V2_032-TPL_04,positivos,158,SCAP-A3FE31524DCA0243-TPL_04,STR-A3FE31524DCA0243,TPL_04,false,base_pattern,bands_horizontal,bandas geométricas,horizontal,bandas,repetitiva,7,4,V2_024,0.252641737461,0.245151400566,0.252641737461,-0.007490336895,0.000000000000,1.000000000000,0.285714285714,0.250000000000,0.224719473986
439,grayscale_image_full_caption,grayscale,full_caption,159,4,6,CAP-V2_032-TPL_05,positivos,159,SCAP-A3FE31524DCA0243-TPL_05,STR-A3FE31524DCA0243,TPL_05,false,base_pattern,bands_horizontal,bandas geométricas,horizontal,bandas,repetitiva,7,1,V2_032,0.261276543140,0.261276543140,0.248527020216,0.012749522924,1.000000000000,1.000000000000,0.285714285714,1.000000000000,0.531050011208
440,grayscale_image_full_caption,grayscale,full_caption,160,5,5,CAP-V2_033-TPL_01,positivos,160,SCAP-390DD4719A974C7E-TPL_01,STR-390DD4719A974C7E,TPL_01,true,base_pattern,bands_vertical,bandas geométricas,vertical,bandas,repetitiva,7,11,V2_042,0.235042676330,0.205515623093,0.235042676330,-0.029527053237,0.000000000000,0.000000000000,0.000000000000,0.090909090909,0.000000000000
441,grayscale_image_full_caption,grayscale,full_caption,161,6,5,CAP-V2_033-TPL_02,positivos,161,SCAP-390DD4719A974C7E-TPL_02,STR-390DD4719A974C7E,TPL_02,false,base_pattern,bands_vertical,bandas geométricas,vertical,bandas,repetitiva,7,29,V2_042,0.224662005901,0.145759671926,0.224662005901,-0.078902333975,0.000000000000,0.000000000000,0.000000000000,0.034482758621,0.000000000000
442,grayscale_image_full_caption,grayscale,full_caption,162,7,5,CAP-V2_033-TPL_03,positivos,162,SCAP-390DD4719A974C7E-TPL_03,STR-390DD4719A974C7E,TPL_03,false,base_pattern,bands_vertical,bandas geométricas,vertical,bandas,repetitiva,7,28,V2_041,0.256936639547,0.183529496193,0.256936639547,-0.073407143354,0.000000000000,0.000000000000,0.000000000000,0.035714285714,0.000000000000
443,grayscale_image_full_caption,grayscale,full_caption,163,8,5,CAP-V2_033-TPL_04,positivos,163,SCAP-390DD4719A974C7E-TPL_04,STR-390DD4719A974C7E,TPL_04,false,base_pattern,bands_vertical,bandas geométricas,vertical,bandas,repetitiva,7,29,V2_042,0.229905471206,0.182112023234,0.229905471206,-0.047793447971,0.000000000000,0.000000000000,0.000000000000,0.034482758621,0.000000000000
444,grayscale_image_full_caption,grayscale,full_caption,164,9,5,CAP-V2_033-TPL_05,positivos,164,SCAP-390DD4719A974C7E-TPL_05,STR-390DD4719A974C7E,TPL_05,false,base_pattern,bands_vertical,bandas geométricas,vertical,bandas,repetitiva,7,24,V2_042,0.247886240482,0.216611042619,0.247886240482,-0.031275197864,0.000000000000,0.000000000000,0.000000000000,0.041666666667,0.000000000000
445,grayscale_image_full_caption,grayscale,full_caption,165,5,6,CAP-V2_034-TPL_01,positivos,165,SCAP-390DD4719A974C7E-TPL_01,STR-390DD4719A974C7E,TPL_01,true,base_pattern,bands_vertical,bandas geométricas,vertical,bandas,repetitiva,7,1,V2_034,0.244898363948,0.244898363948,0.239184439182,0.005713924766,1.000000000000,1.000000000000,0.428571428571,1.000000000000,0.803557600165
446,grayscale_image_full_caption,grayscale,full_caption,166,6,6,CAP-V2_034-TPL_02,positivos,166,SCAP-390DD4719A974C7E-TPL_02,STR-390DD4719A974C7E,TPL_02,false,base_pattern,bands_vertical,bandas geométricas,vertical,bandas,repetitiva,7,11,V2_042,0.235416203737,0.206864506006,0.235416203737,-0.028551697731,0.000000000000,0.000000000000,0.000000000000,0.090909090909,0.000000000000
447,grayscale_image_full_caption,grayscale,full_caption,167,7,6,CAP-V2_034-TPL_03,positivos,167,SCAP-390DD4719A974C7E-TPL_03,STR-390DD4719A974C7E,TPL_03,false,base_pattern,bands_vertical,bandas geométricas,vertical,bandas,repetitiva,7,10,V2_042,0.249784752727,0.225693911314,0.249784752727,-0.024090841413,0.000000000000,0.000000000000,0.000000000000,0.100000000000,0.079457079433
448,grayscale_image_full_caption,grayscale,full_caption,168,8,6,CAP-V2_034-TPL_04,positivos,168,SCAP-390DD4719A974C7E-TPL_04,STR-390DD4719A974C7E,TPL_04,false,base_pattern,bands_vertical,bandas geométricas,vertical,bandas,repetitiva,7,11,V2_024,0.258477628231,0.242737233639,0.258477628231,-0.015740394592,0.000000000000,0.000000000000,0.000000000000,0.090909090909,0.000000000000
449,grayscale_image_full_caption,grayscale,full_caption,169,9,6,CAP-V2_034-TPL_05,positivos,169,SCAP-390DD4719A974C7E-TPL_05,STR-390DD4719A974C7E,TPL_05,false,base_pattern,bands_vertical,bandas geométricas,vertical,bandas,repetitiva,7,2,V2_032,0.260711103678,0.259818196297,0.260711103678,-0.000892907381,0.000000000000,1.000000000000,0.428571428571,0.500000000000,0.398147130974
450,grayscale_image_full_caption,grayscale,full_caption,170,10,5,CAP-V2_035-TPL_01,positivos,170,SCAP-83B17E3514D80A83-TPL_01,STR-83B17E3514D80A83,TPL_01,true,base_pattern,diamonds_central,rombos,diagonal,central,bilateral,7,1,V2_036,0.213038459420,0.213038459420,0.212209179997,0.000829279423,1.000000000000,1.000000000000,0.428571428571,1.000000000000,0.530697292327
451,grayscale_image_full_caption,grayscale,full_caption,171,11,5,CAP-V2_035-TPL_02,positivos,171,SCAP-83B17E3514D80A83-TPL_02,STR-83B17E3514D80A83,TPL_02,false,base_pattern,diamonds_central,rombos,diagonal,central,bilateral,7,7,V2_042,0.209713876247,0.181912779808,0.209713876247,-0.027801096439,0.000000000000,0.000000000000,0.000000000000,0.142857142857,0.261085294104
452,grayscale_image_full_caption,grayscale,full_caption,172,12,5,CAP-V2_035-TPL_03,positivos,172,SCAP-83B17E3514D80A83-TPL_03,STR-83B17E3514D80A83,TPL_03,false,base_pattern,diamonds_central,rombos,diagonal,central,bilateral,7,8,V2_042,0.253053575754,0.221541538835,0.253053575754,-0.031512036920,0.000000000000,0.000000000000,0.000000000000,0.125000000000,0.248916929232
453,grayscale_image_full_caption,grayscale,full_caption,173,13,5,CAP-V2_035-TPL_04,positivos,173,SCAP-83B17E3514D80A83-TPL_04,STR-83B17E3514D80A83,TPL_04,false,base_pattern,diamonds_central,rombos,diagonal,central,bilateral,7,3,V2_029,0.224321618676,0.222877591848,0.224321618676,-0.001444026828,0.000000000000,1.000000000000,0.285714285714,0.333333333333,0.414857371225
454,grayscale_image_full_caption,grayscale,full_caption,174,14,5,CAP-V2_035-TPL_05,positivos,174,SCAP-83B17E3514D80A83-TPL_05,STR-83B17E3514D80A83,TPL_05,false,base_pattern,diamonds_central,rombos,diagonal,central,bilateral,7,4,V2_042,0.238307967782,0.230877712369,0.238307967782,-0.007430255413,0.000000000000,1.000000000000,0.142857142857,0.250000000000,0.197839872388
455,grayscale_image_full_caption,grayscale,full_caption,175,10,6,CAP-V2_036-TPL_01,positivos,175,SCAP-83B17E3514D80A83-TPL_01,STR-83B17E3514D80A83,TPL_01,true,base_pattern,diamonds_central,rombos,diagonal,central,bilateral,7,1,V2_035,0.246610507369,0.246610507369,0.231648355722,0.014962151647,1.000000000000,1.000000000000,0.428571428571,1.000000000000,0.664599708208
456,grayscale_image_full_caption,grayscale,full_caption,176,11,6,CAP-V2_036-TPL_02,positivos,176,SCAP-83B17E3514D80A83-TPL_02,STR-83B17E3514D80A83,TPL_02,false,base_pattern,diamonds_central,rombos,diagonal,central,bilateral,7,3,V2_042,0.230092853308,0.222742632031,0.230092853308,-0.007350221276,0.000000000000,1.000000000000,0.285714285714,0.333333333333,0.434160232211
457,grayscale_image_full_caption,grayscale,full_caption,177,12,6,CAP-V2_036-TPL_03,positivos,177,SCAP-83B17E3514D80A83-TPL_03,STR-83B17E3514D80A83,TPL_03,false,base_pattern,diamonds_central,rombos,diagonal,central,bilateral,7,2,V2_042,0.249065056443,0.239431917667,0.249065056443,-0.009633138776,0.000000000000,1.000000000000,0.285714285714,0.500000000000,0.362510359324
458,grayscale_image_full_caption,grayscale,full_caption,178,13,6,CAP-V2_036-TPL_04,positivos,178,SCAP-83B17E3514D80A83-TPL_04,STR-83B17E3514D80A83,TPL_04,false,base_pattern,diamonds_central,rombos,diagonal,central,bilateral,7,1,V2_036,0.264479517937,0.264479517937,0.249017789960,0.015461727977,1.000000000000,1.000000000000,0.428571428571,1.000000000000,0.720811578860
459,grayscale_image_full_caption,grayscale,full_caption,179,14,6,CAP-V2_036-TPL_05,positivos,179,SCAP-83B17E3514D80A83-TPL_05,STR-83B17E3514D80A83,TPL_05,false,base_pattern,diamonds_central,rombos,diagonal,central,bilateral,7,2,V2_032,0.258510351181,0.255887925625,0.258510351181,-0.002622425556,0.000000000000,1.000000000000,0.285714285714,0.500000000000,0.402491267750
460,grayscale_image_full_caption,grayscale,full_caption,180,15,5,CAP-V2_037-TPL_01,positivos,180,SCAP-32D96D397FD7BD30-TPL_01,STR-32D96D397FD7BD30,TPL_01,true,base_pattern,grecas_modular,grecas escalonadas,horizontal,modular,repetitiva,7,15,V2_042,0.235259294510,0.192627683282,0.235259294510,-0.042631611228,0.000000000000,0.000000000000,0.000000000000,0.066666666667,0.000000000000
461,grayscale_image_full_caption,grayscale,full_caption,181,16,5,CAP-V2_037-TPL_02,positivos,181,SCAP-32D96D397FD7BD30-TPL_02,STR-32D96D397FD7BD30,TPL_02,false,base_pattern,grecas_modular,grecas escalonadas,horizontal,modular,repetitiva,7,8,V2_042,0.218105942011,0.168372794986,0.218105942011,-0.049733147025,0.000000000000,0.000000000000,0.000000000000,0.125000000000,0.166170907927
462,grayscale_image_full_caption,grayscale,full_caption,182,17,5,CAP-V2_037-TPL_03,positivos,182,SCAP-32D96D397FD7BD30-TPL_03,STR-32D96D397FD7BD30,TPL_03,false,base_pattern,grecas_modular,grecas escalonadas,horizontal,modular,repetitiva,7,8,V2_042,0.253749310970,0.200053513050,0.253749310970,-0.053695797920,0.000000000000,0.000000000000,0.000000000000,0.125000000000,0.248916929232
463,grayscale_image_full_caption,grayscale,full_caption,183,18,5,CAP-V2_037-TPL_04,positivos,183,SCAP-32D96D397FD7BD30-TPL_04,STR-32D96D397FD7BD30,TPL_04,false,base_pattern,grecas_modular,grecas escalonadas,horizontal,modular,repetitiva,7,17,V2_042,0.217326566577,0.183717101812,0.217326566577,-0.033609464765,0.000000000000,0.000000000000,0.000000000000,0.058823529412,0.000000000000
464,grayscale_image_full_caption,grayscale,full_caption,184,19,5,CAP-V2_037-TPL_05,positivos,184,SCAP-32D96D397FD7BD30-TPL_05,STR-32D96D397FD7BD30,TPL_05,false,base_pattern,grecas_modular,grecas escalonadas,horizontal,modular,repetitiva,7,14,V2_042,0.246960163116,0.221683859825,0.246960163116,-0.025276303291,0.000000000000,0.000000000000,0.000000000000,0.071428571429,0.000000000000
465,grayscale_image_full_caption,grayscale,full_caption,185,15,6,CAP-V2_038-TPL_01,positivos,185,SCAP-32D96D397FD7BD30-TPL_01,STR-32D96D397FD7BD30,TPL_01,true,base_pattern,grecas_modular,grecas escalonadas,horizontal,modular,repetitiva,7,20,V2_042,0.242145627737,0.220034956932,0.242145627737,-0.022110670805,0.000000000000,0.000000000000,0.000000000000,0.050000000000,0.000000000000
466,grayscale_image_full_caption,grayscale,full_caption,186,16,6,CAP-V2_038-TPL_02,positivos,186,SCAP-32D96D397FD7BD30-TPL_02,STR-32D96D397FD7BD30,TPL_02,false,base_pattern,grecas_modular,grecas escalonadas,horizontal,modular,repetitiva,7,15,V2_042,0.229117348790,0.184889346361,0.229117348790,-0.044228002429,0.000000000000,0.000000000000,0.000000000000,0.066666666667,0.000000000000
467,grayscale_image_full_caption,grayscale,full_caption,187,17,6,CAP-V2_038-TPL_03,positivos,187,SCAP-32D96D397FD7BD30-TPL_03,STR-32D96D397FD7BD30,TPL_03,false,base_pattern,grecas_modular,grecas escalonadas,horizontal,modular,repetitiva,7,10,V2_042,0.247662812471,0.212249994278,0.247662812471,-0.035412818193,0.000000000000,0.000000000000,0.000000000000,0.100000000000,0.079457079433
468,grayscale_image_full_caption,grayscale,full_caption,188,18,6,CAP-V2_038-TPL_04,positivos,188,SCAP-32D96D397FD7BD30-TPL_04,STR-32D96D397FD7BD30,TPL_04,false,base_pattern,grecas_modular,grecas escalonadas,horizontal,modular,repetitiva,7,22,V2_039,0.261529624462,0.212158203125,0.261529624462,-0.049371421337,0.000000000000,0.000000000000,0.000000000000,0.045454545455,0.000000000000
469,grayscale_image_full_caption,grayscale,full_caption,189,19,6,CAP-V2_038-TPL_05,positivos,189,SCAP-32D96D397FD7BD30-TPL_05,STR-32D96D397FD7BD30,TPL_05,false,base_pattern,grecas_modular,grecas escalonadas,horizontal,modular,repetitiva,7,4,V2_032,0.264828294516,0.253150343895,0.264828294516,-0.011677950621,0.000000000000,1.000000000000,0.142857142857,0.250000000000,0.197839872388
470,grayscale_image_full_caption,grayscale,full_caption,190,20,5,CAP-V2_039-TPL_01,positivos,190,SCAP-EFDC071AF166C8C3-TPL_01,STR-EFDC071AF166C8C3,TPL_01,true,base_pattern,grid_reticular,cuadrícula geométrica,bidireccional,reticular,repetitiva,7,9,V2_042,0.220010757446,0.197727397084,0.220010757446,-0.022283360362,0.000000000000,0.000000000000,0.000000000000,0.111111111111,0.082746021305
471,grayscale_image_full_caption,grayscale,full_caption,191,21,5,CAP-V2_039-TPL_02,positivos,191,SCAP-EFDC071AF166C8C3-TPL_02,STR-EFDC071AF166C8C3,TPL_02,false,base_pattern,grid_reticular,cuadrícula geométrica,bidireccional,reticular,repetitiva,7,15,V2_030,0.224163115025,0.179496675730,0.224163115025,-0.044666439295,0.000000000000,0.000000000000,0.000000000000,0.066666666667,0.000000000000
472,grayscale_image_full_caption,grayscale,full_caption,192,22,5,CAP-V2_039-TPL_03,positivos,192,SCAP-EFDC071AF166C8C3-TPL_03,STR-EFDC071AF166C8C3,TPL_03,false,base_pattern,grid_reticular,cuadrícula geométrica,bidireccional,reticular,repetitiva,7,14,V2_041,0.254719406366,0.200652793050,0.254719406366,-0.054066613317,0.000000000000,0.000000000000,0.000000000000,0.071428571429,0.000000000000
473,grayscale_image_full_caption,grayscale,full_caption,193,23,5,CAP-V2_039-TPL_04,positivos,193,SCAP-EFDC071AF166C8C3-TPL_04,STR-EFDC071AF166C8C3,TPL_04,false,base_pattern,grid_reticular,cuadrícula geométrica,bidireccional,reticular,repetitiva,7,2,V2_042,0.219852656126,0.213336706161,0.219852656126,-0.006515949965,0.000000000000,1.000000000000,0.142857142857,0.500000000000,0.431224009220
474,grayscale_image_full_caption,grayscale,full_caption,194,24,5,CAP-V2_039-TPL_05,positivos,194,SCAP-EFDC071AF166C8C3-TPL_05,STR-EFDC071AF166C8C3,TPL_05,false,base_pattern,grid_reticular,cuadrícula geométrica,bidireccional,reticular,repetitiva,7,14,V2_042,0.234355241060,0.212942585349,0.234355241060,-0.021412655711,0.000000000000,0.000000000000,0.000000000000,0.071428571429,0.000000000000
475,grayscale_image_full_caption,grayscale,full_caption,195,20,6,CAP-V2_040-TPL_01,positivos,195,SCAP-EFDC071AF166C8C3-TPL_01,STR-EFDC071AF166C8C3,TPL_01,true,base_pattern,grid_reticular,cuadrícula geométrica,bidireccional,reticular,repetitiva,7,3,V2_036,0.250880122185,0.235116302967,0.250880122185,-0.015763819218,0.000000000000,1.000000000000,0.285714285714,0.333333333333,0.335400291792
476,grayscale_image_full_caption,grayscale,full_caption,196,21,6,CAP-V2_040-TPL_02,positivos,196,SCAP-EFDC071AF166C8C3-TPL_02,STR-EFDC071AF166C8C3,TPL_02,false,base_pattern,grid_reticular,cuadrícula geométrica,bidireccional,reticular,repetitiva,7,13,V2_035,0.239288568497,0.211199283600,0.239288568497,-0.028089284897,0.000000000000,0.000000000000,0.000000000000,0.076923076923,0.000000000000
477,grayscale_image_full_caption,grayscale,full_caption,197,22,6,CAP-V2_040-TPL_03,positivos,197,SCAP-EFDC071AF166C8C3-TPL_03,STR-EFDC071AF166C8C3,TPL_03,false,base_pattern,grid_reticular,cuadrícula geométrica,bidireccional,reticular,repetitiva,7,10,V2_036,0.259189277887,0.242000967264,0.259189277887,-0.017188310623,0.000000000000,0.000000000000,0.000000000000,0.100000000000,0.079457079433
478,grayscale_image_full_caption,grayscale,full_caption,198,23,6,CAP-V2_040-TPL_04,positivos,198,SCAP-EFDC071AF166C8C3-TPL_04,STR-EFDC071AF166C8C3,TPL_04,false,base_pattern,grid_reticular,cuadrícula geométrica,bidireccional,reticular,repetitiva,7,1,V2_039,0.274701863527,0.274701863527,0.259346663952,0.015355199575,1.000000000000,1.000000000000,0.571428571429,1.000000000000,0.795750393620
479,grayscale_image_full_caption,grayscale,full_caption,199,24,6,CAP-V2_040-TPL_05,positivos,199,SCAP-EFDC071AF166C8C3-TPL_05,STR-EFDC071AF166C8C3,TPL_05,false,base_pattern,grid_reticular,cuadrícula geométrica,bidireccional,reticular,repetitiva,7,4,V2_036,0.276665180922,0.259005874395,0.276665180922,-0.017659306526,0.000000000000,1.000000000000,0.142857142857,0.250000000000,0.284553700882
480,grayscale_image_full_caption,grayscale,full_caption,200,25,5,CAP-V2_041-TPL_01,positivos,200,SCAP-7193EBD1DE12399C-TPL_01,STR-7193EBD1DE12399C,TPL_01,true,base_pattern,mixed_asymmetric,motivos geométricos combinados,mixta,mixta,asimétrica,7,1,V2_042,0.222003310919,0.222003310919,0.208152294159,0.013851016760,1.000000000000,1.000000000000,0.571428571429,1.000000000000,0.858249745317
481,grayscale_image_full_caption,grayscale,full_caption,201,26,5,CAP-V2_041-TPL_02,positivos,201,SCAP-7193EBD1DE12399C-TPL_02,STR-7193EBD1DE12399C,TPL_02,false,base_pattern,mixed_asymmetric,motivos geométricos combinados,mixta,mixta,asimétrica,7,1,V2_041,0.222598314285,0.222598314285,0.191377282143,0.031221032143,1.000000000000,1.000000000000,0.714285714286,1.000000000000,0.995088384189
482,grayscale_image_full_caption,grayscale,full_caption,202,27,5,CAP-V2_041-TPL_03,positivos,202,SCAP-7193EBD1DE12399C-TPL_03,STR-7193EBD1DE12399C,TPL_03,false,base_pattern,mixed_asymmetric,motivos geométricos combinados,mixta,mixta,asimétrica,7,1,V2_041,0.230226844549,0.230226844549,0.201389789581,0.028837054968,1.000000000000,1.000000000000,0.714285714286,1.000000000000,0.987831635128
483,grayscale_image_full_caption,grayscale,full_caption,203,28,5,CAP-V2_041-TPL_04,positivos,203,SCAP-7193EBD1DE12399C-TPL_04,STR-7193EBD1DE12399C,TPL_04,false,base_pattern,mixed_asymmetric,motivos geométricos combinados,mixta,mixta,asimétrica,7,1,V2_042,0.215915083885,0.215915083885,0.208502531052,0.007412552834,1.000000000000,1.000000000000,0.428571428571,1.000000000000,0.756824680097
484,grayscale_image_full_caption,grayscale,full_caption,204,29,5,CAP-V2_041-TPL_05,positivos,204,SCAP-7193EBD1DE12399C-TPL_05,STR-7193EBD1DE12399C,TPL_05,false,base_pattern,mixed_asymmetric,motivos geométricos combinados,mixta,mixta,asimétrica,7,1,V2_042,0.235439792275,0.235439792275,0.225889891386,0.009549900889,1.000000000000,1.000000000000,0.571428571429,1.000000000000,0.853682410543
485,grayscale_image_full_caption,grayscale,full_caption,205,25,6,CAP-V2_042-TPL_01,positivos,205,SCAP-7193EBD1DE12399C-TPL_01,STR-7193EBD1DE12399C,TPL_01,true,base_pattern,mixed_asymmetric,motivos geométricos combinados,mixta,mixta,asimétrica,7,9,V2_036,0.242960959673,0.226502865553,0.242960959673,-0.016458094120,0.000000000000,0.000000000000,0.000000000000,0.111111111111,0.082746021305
486,grayscale_image_full_caption,grayscale,full_caption,206,26,6,CAP-V2_042-TPL_02,positivos,206,SCAP-7193EBD1DE12399C-TPL_02,STR-7193EBD1DE12399C,TPL_02,false,base_pattern,mixed_asymmetric,motivos geométricos combinados,mixta,mixta,asimétrica,7,1,V2_042,0.231062680483,0.231062680483,0.227960184216,0.003102496266,1.000000000000,1.000000000000,0.428571428571,1.000000000000,0.830892869082
487,grayscale_image_full_caption,grayscale,full_caption,207,27,6,CAP-V2_042-TPL_03,positivos,207,SCAP-7193EBD1DE12399C-TPL_03,STR-7193EBD1DE12399C,TPL_03,false,base_pattern,mixed_asymmetric,motivos geométricos combinados,mixta,mixta,asimétrica,7,1,V2_042,0.237564414740,0.237564414740,0.237121567130,0.000442847610,1.000000000000,1.000000000000,0.428571428571,1.000000000000,0.757392159132
488,grayscale_image_full_caption,grayscale,full_caption,208,28,6,CAP-V2_042-TPL_04,positivos,208,SCAP-7193EBD1DE12399C-TPL_04,STR-7193EBD1DE12399C,TPL_04,false,base_pattern,mixed_asymmetric,motivos geométricos combinados,mixta,mixta,asimétrica,7,10,V2_039,0.270408898592,0.240024521947,0.270408898592,-0.030384376645,0.000000000000,0.000000000000,0.000000000000,0.100000000000,0.079457079433
489,grayscale_image_full_caption,grayscale,full_caption,209,29,6,CAP-V2_042-TPL_05,positivos,209,SCAP-7193EBD1DE12399C-TPL_05,STR-7193EBD1DE12399C,TPL_05,false,base_pattern,mixed_asymmetric,motivos geométricos combinados,mixta,mixta,asimétrica,7,16,V2_036,0.262836515903,0.237620845437,0.262836515903,-0.025215670466,0.000000000000,0.000000000000,0.000000000000,0.062500000000,0.000000000000
490,grayscale_image_full_caption,grayscale,full_caption,210,30,0,CAP-V2_043-TPL_01,positivos,210,SCAP-DBE3E9729199A70D-TPL_01,STR-DBE3E9729199A70D,TPL_01,true,heldout_pattern,chevrons_diagonal,chevrones,diagonal,bandas,repetitiva,7,13,V2_011,0.249964505434,0.233894437551,0.249964505434,-0.016070067883,0.000000000000,0.000000000000,0.000000000000,0.076923076923,0.000000000000
491,grayscale_image_full_caption,grayscale,full_caption,211,31,0,CAP-V2_043-TPL_02,positivos,211,SCAP-DBE3E9729199A70D-TPL_02,STR-DBE3E9729199A70D,TPL_02,false,heldout_pattern,chevrons_diagonal,chevrones,diagonal,bandas,repetitiva,7,34,V2_030,0.221658363938,0.151739388704,0.221658363938,-0.069918975234,0.000000000000,0.000000000000,0.000000000000,0.029411764706,0.000000000000
492,grayscale_image_full_caption,grayscale,full_caption,212,32,0,CAP-V2_043-TPL_03,positivos,212,SCAP-DBE3E9729199A70D-TPL_03,STR-DBE3E9729199A70D,TPL_03,false,heldout_pattern,chevrons_diagonal,chevrones,diagonal,bandas,repetitiva,7,13,V2_030,0.261843323708,0.219780102372,0.261843323708,-0.042063221335,0.000000000000,0.000000000000,0.000000000000,0.076923076923,0.000000000000
493,grayscale_image_full_caption,grayscale,full_caption,213,33,0,CAP-V2_043-TPL_04,positivos,213,SCAP-DBE3E9729199A70D-TPL_04,STR-DBE3E9729199A70D,TPL_04,false,heldout_pattern,chevrons_diagonal,chevrones,diagonal,bandas,repetitiva,7,33,V2_004,0.265519738197,0.208227545023,0.265519738197,-0.057292193174,0.000000000000,0.000000000000,0.000000000000,0.030303030303,0.000000000000
494,grayscale_image_full_caption,grayscale,full_caption,214,34,0,CAP-V2_043-TPL_05,positivos,214,SCAP-DBE3E9729199A70D-TPL_05,STR-DBE3E9729199A70D,TPL_05,false,heldout_pattern,chevrons_diagonal,chevrones,diagonal,bandas,repetitiva,7,1,V2_045,0.265091270208,0.265091270208,0.262114226818,0.002977043390,1.000000000000,1.000000000000,0.142857142857,1.000000000000,0.366501777219
495,grayscale_image_full_caption,grayscale,full_caption,215,30,1,CAP-V2_044-TPL_01,positivos,215,SCAP-DBE3E9729199A70D-TPL_01,STR-DBE3E9729199A70D,TPL_01,true,heldout_pattern,chevrons_diagonal,chevrones,diagonal,bandas,repetitiva,7,7,V2_012,0.209709405899,0.199284866452,0.209709405899,-0.010424539447,0.000000000000,0.000000000000,0.000000000000,0.142857142857,0.091625444305
496,grayscale_image_full_caption,grayscale,full_caption,216,31,1,CAP-V2_044-TPL_02,positivos,216,SCAP-DBE3E9729199A70D-TPL_02,STR-DBE3E9729199A70D,TPL_02,false,heldout_pattern,chevrons_diagonal,chevrones,diagonal,bandas,repetitiva,7,30,V2_042,0.193501561880,0.125038325787,0.193501561880,-0.068463236094,0.000000000000,0.000000000000,0.000000000000,0.033333333333,0.000000000000
497,grayscale_image_full_caption,grayscale,full_caption,217,32,1,CAP-V2_044-TPL_03,positivos,217,SCAP-DBE3E9729199A70D-TPL_03,STR-DBE3E9729199A70D,TPL_03,false,heldout_pattern,chevrons_diagonal,chevrones,diagonal,bandas,repetitiva,7,17,V2_042,0.222287207842,0.164263278246,0.222287207842,-0.058023929596,0.000000000000,0.000000000000,0.000000000000,0.058823529412,0.000000000000
498,grayscale_image_full_caption,grayscale,full_caption,218,33,1,CAP-V2_044-TPL_04,positivos,218,SCAP-DBE3E9729199A70D-TPL_04,STR-DBE3E9729199A70D,TPL_04,false,heldout_pattern,chevrons_diagonal,chevrones,diagonal,bandas,repetitiva,7,25,V2_004,0.222924560308,0.177890330553,0.222924560308,-0.045034229755,0.000000000000,0.000000000000,0.000000000000,0.040000000000,0.000000000000
499,grayscale_image_full_caption,grayscale,full_caption,219,34,1,CAP-V2_044-TPL_05,positivos,219,SCAP-DBE3E9729199A70D-TPL_05,STR-DBE3E9729199A70D,TPL_05,false,heldout_pattern,chevrons_diagonal,chevrones,diagonal,bandas,repetitiva,7,1,V2_054,0.221418321133,0.221418321133,0.220402225852,0.001016095281,1.000000000000,1.000000000000,0.142857142857,1.000000000000,0.354333412347
500,grayscale_image_full_caption,grayscale,full_caption,220,30,2,CAP-V2_045-TPL_01,positivos,220,SCAP-DBE3E9729199A70D-TPL_01,STR-DBE3E9729199A70D,TPL_01,true,heldout_pattern,chevrons_diagonal,chevrones,diagonal,bandas,repetitiva,7,7,V2_042,0.224838167429,0.218584612012,0.224838167429,-0.006253555417,0.000000000000,0.000000000000,0.000000000000,0.142857142857,0.091625444305
501,grayscale_image_full_caption,grayscale,full_caption,221,31,2,CAP-V2_045-TPL_02,positivos,221,SCAP-DBE3E9729199A70D-TPL_02,STR-DBE3E9729199A70D,TPL_02,false,heldout_pattern,chevrons_diagonal,chevrones,diagonal,bandas,repetitiva,7,27,V2_042,0.227156847715,0.145038112998,0.227156847715,-0.082118734717,0.000000000000,0.000000000000,0.000000000000,0.037037037037,0.000000000000
502,grayscale_image_full_caption,grayscale,full_caption,222,32,2,CAP-V2_045-TPL_03,positivos,222,SCAP-DBE3E9729199A70D-TPL_03,STR-DBE3E9729199A70D,TPL_03,false,heldout_pattern,chevrons_diagonal,chevrones,diagonal,bandas,repetitiva,7,18,V2_042,0.251747548580,0.195198059082,0.251747548580,-0.056549489498,0.000000000000,0.000000000000,0.000000000000,0.055555555556,0.000000000000
503,grayscale_image_full_caption,grayscale,full_caption,223,33,2,CAP-V2_045-TPL_04,positivos,223,SCAP-DBE3E9729199A70D-TPL_04,STR-DBE3E9729199A70D,TPL_04,false,heldout_pattern,chevrons_diagonal,chevrones,diagonal,bandas,repetitiva,7,21,V2_004,0.248401626945,0.211224585772,0.248401626945,-0.037177041173,0.000000000000,0.000000000000,0.000000000000,0.047619047619,0.000000000000
504,grayscale_image_full_caption,grayscale,full_caption,224,34,2,CAP-V2_045-TPL_05,positivos,224,SCAP-DBE3E9729199A70D-TPL_05,STR-DBE3E9729199A70D,TPL_05,false,heldout_pattern,chevrons_diagonal,chevrones,diagonal,bandas,repetitiva,7,3,V2_026,0.241675511003,0.228199258447,0.241675511003,-0.013476252556,0.000000000000,1.000000000000,0.142857142857,0.333333333333,0.137438166457
505,grayscale_image_full_caption,grayscale,full_caption,225,30,3,CAP-V2_046-TPL_01,positivos,225,SCAP-DBE3E9729199A70D-TPL_01,STR-DBE3E9729199A70D,TPL_01,true,heldout_pattern,chevrons_diagonal,chevrones,diagonal,bandas,repetitiva,7,14,V2_014,0.311760187149,0.290321499109,0.311760187149,-0.021438688040,0.000000000000,0.000000000000,0.000000000000,0.071428571429,0.000000000000
506,grayscale_image_full_caption,grayscale,full_caption,226,31,3,CAP-V2_046-TPL_02,positivos,226,SCAP-DBE3E9729199A70D-TPL_02,STR-DBE3E9729199A70D,TPL_02,false,heldout_pattern,chevrons_diagonal,chevrones,diagonal,bandas,repetitiva,7,40,V2_029,0.285389661789,0.228853225708,0.285389661789,-0.056536436081,0.000000000000,0.000000000000,0.000000000000,0.025000000000,0.000000000000
507,grayscale_image_full_caption,grayscale,full_caption,227,32,3,CAP-V2_046-TPL_03,positivos,227,SCAP-DBE3E9729199A70D-TPL_03,STR-DBE3E9729199A70D,TPL_03,false,heldout_pattern,chevrons_diagonal,chevrones,diagonal,bandas,repetitiva,7,23,V2_029,0.314404815435,0.267501473427,0.314404815435,-0.046903342009,0.000000000000,0.000000000000,0.000000000000,0.043478260870,0.000000000000
508,grayscale_image_full_caption,grayscale,full_caption,228,33,3,CAP-V2_046-TPL_04,positivos,228,SCAP-DBE3E9729199A70D-TPL_04,STR-DBE3E9729199A70D,TPL_04,false,heldout_pattern,chevrons_diagonal,chevrones,diagonal,bandas,repetitiva,7,28,V2_004,0.308722764254,0.263275593519,0.308722764254,-0.045447170734,0.000000000000,0.000000000000,0.000000000000,0.035714285714,0.000000000000
509,grayscale_image_full_caption,grayscale,full_caption,229,34,3,CAP-V2_046-TPL_05,positivos,229,SCAP-DBE3E9729199A70D-TPL_05,STR-DBE3E9729199A70D,TPL_05,false,heldout_pattern,chevrons_diagonal,chevrones,diagonal,bandas,repetitiva,7,3,V2_032,0.313633322716,0.307788431644,0.313633322716,-0.005844891071,0.000000000000,1.000000000000,0.142857142857,0.333333333333,0.229063610762
510,grayscale_image_full_caption,grayscale,full_caption,230,30,4,CAP-V2_047-TPL_01,positivos,230,SCAP-DBE3E9729199A70D-TPL_01,STR-DBE3E9729199A70D,TPL_01,true,heldout_pattern,chevrons_diagonal,chevrones,diagonal,bandas,repetitiva,7,11,V2_032,0.206614702940,0.191116452217,0.206614702940,-0.015498250723,0.000000000000,0.000000000000,0.000000000000,0.090909090909,0.000000000000
511,grayscale_image_full_caption,grayscale,full_caption,231,31,4,CAP-V2_047-TPL_02,positivos,231,SCAP-DBE3E9729199A70D-TPL_02,STR-DBE3E9729199A70D,TPL_02,false,heldout_pattern,chevrons_diagonal,chevrones,diagonal,bandas,repetitiva,7,34,V2_042,0.207486122847,0.115829624236,0.207486122847,-0.091656498611,0.000000000000,0.000000000000,0.000000000000,0.029411764706,0.000000000000
512,grayscale_image_full_caption,grayscale,full_caption,232,32,4,CAP-V2_047-TPL_03,positivos,232,SCAP-DBE3E9729199A70D-TPL_03,STR-DBE3E9729199A70D,TPL_03,false,heldout_pattern,chevrons_diagonal,chevrones,diagonal,bandas,repetitiva,7,19,V2_042,0.224037766457,0.149905890226,0.224037766457,-0.074131876230,0.000000000000,0.000000000000,0.000000000000,0.052631578947,0.000000000000
513,grayscale_image_full_caption,grayscale,full_caption,233,33,4,CAP-V2_047-TPL_04,positivos,233,SCAP-DBE3E9729199A70D-TPL_04,STR-DBE3E9729199A70D,TPL_04,false,heldout_pattern,chevrons_diagonal,chevrones,diagonal,bandas,repetitiva,7,28,V2_042,0.214455783367,0.163839280605,0.214455783367,-0.050616502762,0.000000000000,0.000000000000,0.000000000000,0.035714285714,0.000000000000
514,grayscale_image_full_caption,grayscale,full_caption,234,34,4,CAP-V2_047-TPL_05,positivos,234,SCAP-DBE3E9729199A70D-TPL_05,STR-DBE3E9729199A70D,TPL_05,false,heldout_pattern,chevrons_diagonal,chevrones,diagonal,bandas,repetitiva,7,8,V2_042,0.214326083660,0.198561847210,0.214326083660,-0.015764236450,0.000000000000,0.000000000000,0.000000000000,0.125000000000,0.086713828494
515,grayscale_image_full_caption,grayscale,full_caption,235,35,0,CAP-V2_048-TPL_01,positivos,235,SCAP-74979A46916B9B50-TPL_01,STR-74979A46916B9B50,TPL_01,true,heldout_pattern,circles_concentric,círculos concéntricos,radial,central,radial,7,1,V2_048,0.275582671165,0.275582671165,0.244469612837,0.031113058329,1.000000000000,1.000000000000,0.714285714286,1.000000000000,1.000000000000
516,grayscale_image_full_caption,grayscale,full_caption,236,36,0,CAP-V2_048-TPL_02,positivos,236,SCAP-74979A46916B9B50-TPL_02,STR-74979A46916B9B50,TPL_02,false,heldout_pattern,circles_concentric,círculos concéntricos,radial,central,radial,7,1,V2_052,0.231442376971,0.231442376971,0.206181913614,0.025260463357,1.000000000000,1.000000000000,0.714285714286,1.000000000000,0.984833095955
517,grayscale_image_full_caption,grayscale,full_caption,237,37,0,CAP-V2_048-TPL_03,positivos,237,SCAP-74979A46916B9B50-TPL_03,STR-74979A46916B9B50,TPL_03,false,heldout_pattern,circles_concentric,círculos concéntricos,radial,central,radial,7,1,V2_052,0.257041901350,0.257041901350,0.220691263676,0.036350637674,1.000000000000,1.000000000000,0.714285714286,1.000000000000,1.000000000000
518,grayscale_image_full_caption,grayscale,full_caption,238,38,0,CAP-V2_048-TPL_04,positivos,238,SCAP-74979A46916B9B50-TPL_04,STR-74979A46916B9B50,TPL_04,false,heldout_pattern,circles_concentric,círculos concéntricos,radial,central,radial,7,3,V2_021,0.243987023830,0.235651835799,0.243987023830,-0.008335188031,0.000000000000,1.000000000000,0.142857142857,0.333333333333,0.137438166457
519,grayscale_image_full_caption,grayscale,full_caption,239,39,0,CAP-V2_048-TPL_05,positivos,239,SCAP-74979A46916B9B50-TPL_05,STR-74979A46916B9B50,TPL_05,false,heldout_pattern,circles_concentric,círculos concéntricos,radial,central,radial,7,1,V2_050,0.260502189398,0.260502189398,0.234835654497,0.025666534901,1.000000000000,1.000000000000,0.714285714286,1.000000000000,1.000000000000
520,grayscale_image_full_caption,grayscale,full_caption,240,35,1,CAP-V2_049-TPL_01,positivos,240,SCAP-74979A46916B9B50-TPL_01,STR-74979A46916B9B50,TPL_01,true,heldout_pattern,circles_concentric,círculos concéntricos,radial,central,radial,7,1,V2_056,0.257818192244,0.257818192244,0.204115778208,0.053702414036,1.000000000000,1.000000000000,0.714285714286,1.000000000000,1.000000000000
521,grayscale_image_full_caption,grayscale,full_caption,241,36,1,CAP-V2_049-TPL_02,positivos,241,SCAP-74979A46916B9B50-TPL_02,STR-74979A46916B9B50,TPL_02,false,heldout_pattern,circles_concentric,círculos concéntricos,radial,central,radial,7,1,V2_056,0.208872109652,0.208872109652,0.178660869598,0.030211240053,1.000000000000,1.000000000000,0.714285714286,1.000000000000,1.000000000000
522,grayscale_image_full_caption,grayscale,full_caption,242,37,1,CAP-V2_049-TPL_03,positivos,242,SCAP-74979A46916B9B50-TPL_03,STR-74979A46916B9B50,TPL_03,false,heldout_pattern,circles_concentric,círculos concéntricos,radial,central,radial,7,1,V2_056,0.231742888689,0.231742888689,0.185893893242,0.045848995447,1.000000000000,1.000000000000,0.714285714286,1.000000000000,1.000000000000
523,grayscale_image_full_caption,grayscale,full_caption,243,38,1,CAP-V2_049-TPL_04,positivos,243,SCAP-74979A46916B9B50-TPL_04,STR-74979A46916B9B50,TPL_04,false,heldout_pattern,circles_concentric,círculos concéntricos,radial,central,radial,7,1,V2_051,0.211330622435,0.211330622435,0.206855386496,0.004475235939,1.000000000000,1.000000000000,0.285714285714,1.000000000000,0.527761069335
524,grayscale_image_full_caption,grayscale,full_caption,244,39,1,CAP-V2_049-TPL_05,positivos,244,SCAP-74979A46916B9B50-TPL_05,STR-74979A46916B9B50,TPL_05,false,heldout_pattern,circles_concentric,círculos concéntricos,radial,central,radial,7,1,V2_056,0.242599695921,0.242599695921,0.211449980736,0.031149715185,1.000000000000,1.000000000000,0.714285714286,1.000000000000,0.995088384189
525,grayscale_image_full_caption,grayscale,full_caption,245,35,2,CAP-V2_050-TPL_01,positivos,245,SCAP-74979A46916B9B50-TPL_01,STR-74979A46916B9B50,TPL_01,true,heldout_pattern,circles_concentric,círculos concéntricos,radial,central,radial,7,1,V2_056,0.257335424423,0.257335424423,0.227880716324,0.029454708099,1.000000000000,1.000000000000,0.714285714286,1.000000000000,0.995088384189
526,grayscale_image_full_caption,grayscale,full_caption,246,36,2,CAP-V2_050-TPL_02,positivos,246,SCAP-74979A46916B9B50-TPL_02,STR-74979A46916B9B50,TPL_02,false,heldout_pattern,circles_concentric,círculos concéntricos,radial,central,radial,7,1,V2_051,0.221202656627,0.221202656627,0.217760533094,0.003442123532,1.000000000000,1.000000000000,0.428571428571,1.000000000000,0.830770616135
527,grayscale_image_full_caption,grayscale,full_caption,247,37,2,CAP-V2_050-TPL_03,positivos,247,SCAP-74979A46916B9B50-TPL_03,STR-74979A46916B9B50,TPL_03,false,heldout_pattern,circles_concentric,círculos concéntricos,radial,central,radial,7,1,V2_049,0.234991848469,0.234991848469,0.221188664436,0.013803184032,1.000000000000,1.000000000000,0.571428571429,1.000000000000,0.980377147464
528,grayscale_image_full_caption,grayscale,full_caption,248,38,2,CAP-V2_050-TPL_04,positivos,248,SCAP-74979A46916B9B50-TPL_04,STR-74979A46916B9B50,TPL_04,false,heldout_pattern,circles_concentric,círculos concéntricos,radial,central,radial,7,1,V2_051,0.225848317146,0.225848317146,0.219002917409,0.006845399737,1.000000000000,1.000000000000,0.285714285714,1.000000000000,0.393259125870
529,grayscale_image_full_caption,grayscale,full_caption,249,39,2,CAP-V2_050-TPL_05,positivos,249,SCAP-74979A46916B9B50-TPL_05,STR-74979A46916B9B50,TPL_05,false,heldout_pattern,circles_concentric,círculos concéntricos,radial,central,radial,7,1,V2_056,0.243761956692,0.243761956692,0.233369410038,0.010392546654,1.000000000000,1.000000000000,0.428571428571,1.000000000000,0.925685002312
530,grayscale_image_full_caption,grayscale,full_caption,250,35,3,CAP-V2_051-TPL_01,positivos,250,SCAP-74979A46916B9B50-TPL_01,STR-74979A46916B9B50,TPL_01,true,heldout_pattern,circles_concentric,círculos concéntricos,radial,central,radial,7,1,V2_048,0.315596461296,0.315596461296,0.293515443802,0.022081017494,1.000000000000,1.000000000000,0.714285714286,1.000000000000,0.908374555695
531,grayscale_image_full_caption,grayscale,full_caption,251,36,3,CAP-V2_051-TPL_02,positivos,251,SCAP-74979A46916B9B50-TPL_02,STR-74979A46916B9B50,TPL_02,false,heldout_pattern,circles_concentric,círculos concéntricos,radial,central,radial,7,2,V2_024,0.288006633520,0.281564116478,0.288006633520,-0.006442517042,0.000000000000,1.000000000000,0.428571428571,0.500000000000,0.575517135757
532,grayscale_image_full_caption,grayscale,full_caption,252,37,3,CAP-V2_051-TPL_03,positivos,252,SCAP-74979A46916B9B50-TPL_03,STR-74979A46916B9B50,TPL_03,false,heldout_pattern,circles_concentric,círculos concéntricos,radial,central,radial,7,1,V2_049,0.305105656385,0.305105656385,0.283809721470,0.021295934916,1.000000000000,1.000000000000,0.714285714286,1.000000000000,0.991120577001
533,grayscale_image_full_caption,grayscale,full_caption,253,38,3,CAP-V2_051-TPL_04,positivos,253,SCAP-74979A46916B9B50-TPL_04,STR-74979A46916B9B50,TPL_04,false,heldout_pattern,circles_concentric,círculos concéntricos,radial,central,radial,7,5,V2_021,0.301207482815,0.276988267899,0.301207482815,-0.024219214916,0.000000000000,1.000000000000,0.142857142857,0.200000000000,0.197962125335
534,grayscale_image_full_caption,grayscale,full_caption,254,39,3,CAP-V2_051-TPL_05,positivos,254,SCAP-74979A46916B9B50-TPL_05,STR-74979A46916B9B50,TPL_05,false,heldout_pattern,circles_concentric,círculos concéntricos,radial,central,radial,7,1,V2_048,0.292617082596,0.292617082596,0.288608521223,0.004008561373,1.000000000000,1.000000000000,0.428571428571,1.000000000000,0.725723194670
535,grayscale_image_full_caption,grayscale,full_caption,255,35,4,CAP-V2_052-TPL_01,positivos,255,SCAP-74979A46916B9B50-TPL_01,STR-74979A46916B9B50,TPL_01,true,heldout_pattern,circles_concentric,círculos concéntricos,radial,central,radial,7,1,V2_056,0.253720492125,0.253720492125,0.203884691000,0.049835801125,1.000000000000,1.000000000000,0.714285714286,1.000000000000,1.000000000000
536,grayscale_image_full_caption,grayscale,full_caption,256,36,4,CAP-V2_052-TPL_02,positivos,256,SCAP-74979A46916B9B50-TPL_02,STR-74979A46916B9B50,TPL_02,false,heldout_pattern,circles_concentric,círculos concéntricos,radial,central,radial,7,1,V2_056,0.200954377651,0.200954377651,0.174005821347,0.026948556304,1.000000000000,1.000000000000,0.714285714286,1.000000000000,1.000000000000
537,grayscale_image_full_caption,grayscale,full_caption,257,37,4,CAP-V2_052-TPL_03,positivos,257,SCAP-74979A46916B9B50-TPL_03,STR-74979A46916B9B50,TPL_03,false,heldout_pattern,circles_concentric,círculos concéntricos,radial,central,radial,7,1,V2_056,0.220031172037,0.220031172037,0.189235240221,0.030795931816,1.000000000000,1.000000000000,0.714285714286,1.000000000000,1.000000000000
538,grayscale_image_full_caption,grayscale,full_caption,258,38,4,CAP-V2_052-TPL_04,positivos,258,SCAP-74979A46916B9B50-TPL_04,STR-74979A46916B9B50,TPL_04,false,heldout_pattern,circles_concentric,círculos concéntricos,radial,central,radial,7,1,V2_051,0.206721499562,0.206721499562,0.199548393488,0.007173106074,1.000000000000,1.000000000000,0.285714285714,1.000000000000,0.619386513640
539,grayscale_image_full_caption,grayscale,full_caption,259,39,4,CAP-V2_052-TPL_05,positivos,259,SCAP-74979A46916B9B50-TPL_05,STR-74979A46916B9B50,TPL_05,false,heldout_pattern,circles_concentric,círculos concéntricos,radial,central,radial,7,1,V2_056,0.232944995165,0.232944995165,0.205236583948,0.027708411217,1.000000000000,1.000000000000,0.714285714286,1.000000000000,0.995088384189
540,grayscale_image_full_caption,grayscale,full_caption,260,30,5,CAP-V2_053-TPL_01,positivos,260,SCAP-DBE3E9729199A70D-TPL_01,STR-DBE3E9729199A70D,TPL_01,true,heldout_pattern,chevrons_diagonal,chevrones,diagonal,bandas,repetitiva,7,7,V2_042,0.221401453018,0.205754935741,0.221401453018,-0.015646517277,0.000000000000,0.000000000000,0.000000000000,0.142857142857,0.091625444305
541,grayscale_image_full_caption,grayscale,full_caption,261,31,5,CAP-V2_053-TPL_02,positivos,261,SCAP-DBE3E9729199A70D-TPL_02,STR-DBE3E9729199A70D,TPL_02,false,heldout_pattern,chevrons_diagonal,chevrones,diagonal,bandas,repetitiva,7,25,V2_042,0.207070425153,0.120582118630,0.207070425153,-0.086488306522,0.000000000000,0.000000000000,0.000000000000,0.040000000000,0.000000000000
542,grayscale_image_full_caption,grayscale,full_caption,262,32,5,CAP-V2_053-TPL_03,positivos,262,SCAP-DBE3E9729199A70D-TPL_03,STR-DBE3E9729199A70D,TPL_03,false,heldout_pattern,chevrons_diagonal,chevrones,diagonal,bandas,repetitiva,7,11,V2_042,0.245681315660,0.184315711260,0.245681315660,-0.061365604401,0.000000000000,0.000000000000,0.000000000000,0.090909090909,0.000000000000
543,grayscale_image_full_caption,grayscale,full_caption,263,33,5,CAP-V2_053-TPL_04,positivos,263,SCAP-DBE3E9729199A70D-TPL_04,STR-DBE3E9729199A70D,TPL_04,false,heldout_pattern,chevrons_diagonal,chevrones,diagonal,bandas,repetitiva,7,17,V2_042,0.218590110540,0.185189351439,0.218590110540,-0.033400759101,0.000000000000,0.000000000000,0.000000000000,0.058823529412,0.000000000000
544,grayscale_image_full_caption,grayscale,full_caption,264,34,5,CAP-V2_053-TPL_05,positivos,264,SCAP-DBE3E9729199A70D-TPL_05,STR-DBE3E9729199A70D,TPL_05,false,heldout_pattern,chevrons_diagonal,chevrones,diagonal,bandas,repetitiva,7,2,V2_042,0.235701113939,0.232461839914,0.235701113939,-0.003239274025,0.000000000000,1.000000000000,0.142857142857,0.500000000000,0.173427656988
545,grayscale_image_full_caption,grayscale,full_caption,265,30,6,CAP-V2_054-TPL_01,positivos,265,SCAP-DBE3E9729199A70D-TPL_01,STR-DBE3E9729199A70D,TPL_01,true,heldout_pattern,chevrons_diagonal,chevrones,diagonal,bandas,repetitiva,7,9,V2_034,0.237882211804,0.226358443499,0.237882211804,-0.011523768306,0.000000000000,0.000000000000,0.000000000000,0.111111111111,0.082746021305
546,grayscale_image_full_caption,grayscale,full_caption,266,31,6,CAP-V2_054-TPL_02,positivos,266,SCAP-DBE3E9729199A70D-TPL_02,STR-DBE3E9729199A70D,TPL_02,false,heldout_pattern,chevrons_diagonal,chevrones,diagonal,bandas,repetitiva,7,32,V2_042,0.227783113718,0.162336140871,0.227783113718,-0.065446972847,0.000000000000,0.000000000000,0.000000000000,0.031250000000,0.000000000000
547,grayscale_image_full_caption,grayscale,full_caption,267,32,6,CAP-V2_054-TPL_03,positivos,267,SCAP-DBE3E9729199A70D-TPL_03,STR-DBE3E9729199A70D,TPL_03,false,heldout_pattern,chevrons_diagonal,chevrones,diagonal,bandas,repetitiva,7,13,V2_042,0.249827146530,0.207233399153,0.249827146530,-0.042593747377,0.000000000000,0.000000000000,0.000000000000,0.076923076923,0.000000000000
548,grayscale_image_full_caption,grayscale,full_caption,268,33,6,CAP-V2_054-TPL_04,positivos,268,SCAP-DBE3E9729199A70D-TPL_04,STR-DBE3E9729199A70D,TPL_04,false,heldout_pattern,chevrons_diagonal,chevrones,diagonal,bandas,repetitiva,7,17,V2_039,0.247735366225,0.228976428509,0.247735366225,-0.018758937716,0.000000000000,0.000000000000,0.000000000000,0.058823529412,0.000000000000
549,grayscale_image_full_caption,grayscale,full_caption,269,34,6,CAP-V2_054-TPL_05,positivos,269,SCAP-DBE3E9729199A70D-TPL_05,STR-DBE3E9729199A70D,TPL_05,false,heldout_pattern,chevrons_diagonal,chevrones,diagonal,bandas,repetitiva,7,2,V2_032,0.251062810421,0.249093368649,0.251062810421,-0.001969441772,0.000000000000,1.000000000000,0.142857142857,0.500000000000,0.173427656988
550,grayscale_image_full_caption,grayscale,full_caption,270,35,5,CAP-V2_055-TPL_01,positivos,270,SCAP-74979A46916B9B50-TPL_01,STR-74979A46916B9B50,TPL_01,true,heldout_pattern,circles_concentric,círculos concéntricos,radial,central,radial,7,1,V2_056,0.255761742592,0.255761742592,0.212314605713,0.043447136879,1.000000000000,1.000000000000,0.714285714286,1.000000000000,0.995088384189
551,grayscale_image_full_caption,grayscale,full_caption,271,36,5,CAP-V2_055-TPL_02,positivos,271,SCAP-74979A46916B9B50-TPL_02,STR-74979A46916B9B50,TPL_02,false,heldout_pattern,circles_concentric,círculos concéntricos,radial,central,radial,7,1,V2_056,0.202714473009,0.202714473009,0.183051466942,0.019663006067,1.000000000000,1.000000000000,0.714285714286,1.000000000000,0.984833095955
552,grayscale_image_full_caption,grayscale,full_caption,272,37,5,CAP-V2_055-TPL_03,positivos,272,SCAP-74979A46916B9B50-TPL_03,STR-74979A46916B9B50,TPL_03,false,heldout_pattern,circles_concentric,círculos concéntricos,radial,central,radial,7,1,V2_056,0.223551511765,0.223551511765,0.213658168912,0.009893342853,1.000000000000,1.000000000000,0.428571428571,1.000000000000,0.846827450464
553,grayscale_image_full_caption,grayscale,full_caption,273,38,5,CAP-V2_055-TPL_04,positivos,273,SCAP-74979A46916B9B50-TPL_04,STR-74979A46916B9B50,TPL_04,false,heldout_pattern,circles_concentric,círculos concéntricos,radial,central,radial,7,2,V2_042,0.199604883790,0.197899073362,0.199604883790,-0.001705810428,0.000000000000,1.000000000000,0.142857142857,0.500000000000,0.271340582338
554,grayscale_image_full_caption,grayscale,full_caption,274,39,5,CAP-V2_055-TPL_05,positivos,274,SCAP-74979A46916B9B50-TPL_05,STR-74979A46916B9B50,TPL_05,false,heldout_pattern,circles_concentric,círculos concéntricos,radial,central,radial,7,1,V2_056,0.236026257277,0.236026257277,0.219569802284,0.016456454992,1.000000000000,1.000000000000,0.571428571429,1.000000000000,0.959451612539
555,grayscale_image_full_caption,grayscale,full_caption,275,35,6,CAP-V2_056-TPL_01,positivos,275,SCAP-74979A46916B9B50-TPL_01,STR-74979A46916B9B50,TPL_01,true,heldout_pattern,circles_concentric,círculos concéntricos,radial,central,radial,7,1,V2_056,0.264063388109,0.264063388109,0.239847108722,0.024216279387,1.000000000000,1.000000000000,0.571428571429,1.000000000000,0.888751703159
556,grayscale_image_full_caption,grayscale,full_caption,276,36,6,CAP-V2_056-TPL_02,positivos,276,SCAP-74979A46916B9B50-TPL_02,STR-74979A46916B9B50,TPL_02,false,heldout_pattern,circles_concentric,círculos concéntricos,radial,central,radial,7,1,V2_056,0.220460653305,0.220460653305,0.207216531038,0.013244122267,1.000000000000,1.000000000000,0.428571428571,1.000000000000,0.775848005049
557,grayscale_image_full_caption,grayscale,full_caption,277,37,6,CAP-V2_056-TPL_03,positivos,277,SCAP-74979A46916B9B50-TPL_03,STR-74979A46916B9B50,TPL_03,false,heldout_pattern,circles_concentric,círculos concéntricos,radial,central,radial,7,1,V2_056,0.247180938721,0.247180938721,0.213102757931,0.034078180790,1.000000000000,1.000000000000,0.714285714286,1.000000000000,0.908374555695
558,grayscale_image_full_caption,grayscale,full_caption,278,38,6,CAP-V2_056-TPL_04,positivos,278,SCAP-74979A46916B9B50-TPL_04,STR-74979A46916B9B50,TPL_04,false,heldout_pattern,circles_concentric,círculos concéntricos,radial,central,radial,7,2,V2_024,0.258469730616,0.258160561323,0.258469730616,-0.000309169292,0.000000000000,1.000000000000,0.142857142857,0.500000000000,0.354086603644
559,grayscale_image_full_caption,grayscale,full_caption,279,39,6,CAP-V2_056-TPL_05,positivos,279,SCAP-74979A46916B9B50-TPL_05,STR-74979A46916B9B50,TPL_05,false,heldout_pattern,circles_concentric,círculos concéntricos,radial,central,radial,7,1,V2_056,0.266356527805,0.266356527805,0.254941731691,0.011414796114,1.000000000000,1.000000000000,0.428571428571,1.000000000000,0.794903378551
560,original_image_caption_without_color,original,caption_without_color,0,0,0,SCAP-A3FE31524DCA0243-TPL_01,sin_color,280,SCAP-A3FE31524DCA0243-TPL_01,STR-A3FE31524DCA0243,TPL_01,true,base_pattern,bands_horizontal,bandas geométricas,horizontal,bandas,repetitiva,7,7,V2_035,0.239389866590,0.230812326074,0.239389866590,-0.008577540517,0.000000000000,0.000000000000,0.000000000000,0.142857142857,0.178339272799
561,original_image_caption_without_color,original,caption_without_color,1,1,0,SCAP-A3FE31524DCA0243-TPL_02,sin_color,281,SCAP-A3FE31524DCA0243-TPL_02,STR-A3FE31524DCA0243,TPL_02,false,base_pattern,bands_horizontal,bandas geométricas,horizontal,bandas,repetitiva,7,21,V2_030,0.311487436295,0.249354705215,0.311487436295,-0.062132731080,0.000000000000,0.000000000000,0.000000000000,0.047619047619,0.000000000000
562,original_image_caption_without_color,original,caption_without_color,2,2,0,SCAP-A3FE31524DCA0243-TPL_03,sin_color,282,SCAP-A3FE31524DCA0243-TPL_03,STR-A3FE31524DCA0243,TPL_03,false,base_pattern,bands_horizontal,bandas geométricas,horizontal,bandas,repetitiva,7,17,V2_030,0.261587977409,0.225718006492,0.261587977409,-0.035869970918,0.000000000000,0.000000000000,0.000000000000,0.058823529412,0.000000000000
563,original_image_caption_without_color,original,caption_without_color,3,3,0,SCAP-A3FE31524DCA0243-TPL_04,sin_color,283,SCAP-A3FE31524DCA0243-TPL_04,STR-A3FE31524DCA0243,TPL_04,false,base_pattern,bands_horizontal,bandas geométricas,horizontal,bandas,repetitiva,7,7,V2_030,0.218913152814,0.203376546502,0.218913152814,-0.015536606312,0.000000000000,0.000000000000,0.000000000000,0.142857142857,0.091625444305
564,original_image_caption_without_color,original,caption_without_color,4,4,0,SCAP-A3FE31524DCA0243-TPL_05,sin_color,284,SCAP-A3FE31524DCA0243-TPL_05,STR-A3FE31524DCA0243,TPL_05,false,base_pattern,bands_horizontal,bandas geométricas,horizontal,bandas,repetitiva,7,2,V2_030,0.257082730532,0.254971325397,0.257082730532,-0.002111405134,0.000000000000,1.000000000000,0.285714285714,0.500000000000,0.552048728979
565,original_image_caption_without_color,original,caption_without_color,5,5,0,SCAP-390DD4719A974C7E-TPL_01,sin_color,285,SCAP-390DD4719A974C7E-TPL_01,STR-390DD4719A974C7E,TPL_01,true,base_pattern,bands_vertical,bandas geométricas,vertical,bandas,repetitiva,7,15,V2_035,0.246305197477,0.221796542406,0.246305197477,-0.024508655071,0.000000000000,0.000000000000,0.000000000000,0.066666666667,0.000000000000
566,original_image_caption_without_color,original,caption_without_color,6,6,0,SCAP-390DD4719A974C7E-TPL_02,sin_color,286,SCAP-390DD4719A974C7E-TPL_02,STR-390DD4719A974C7E,TPL_02,false,base_pattern,bands_vertical,bandas geométricas,vertical,bandas,repetitiva,7,23,V2_030,0.312983512878,0.247179925442,0.312983512878,-0.065803587437,0.000000000000,0.000000000000,0.000000000000,0.043478260870,0.000000000000
567,original_image_caption_without_color,original,caption_without_color,7,7,0,SCAP-390DD4719A974C7E-TPL_03,sin_color,287,SCAP-390DD4719A974C7E-TPL_03,STR-390DD4719A974C7E,TPL_03,false,base_pattern,bands_vertical,bandas geométricas,vertical,bandas,repetitiva,7,18,V2_030,0.272020339966,0.229387968779,0.272020339966,-0.042632371187,0.000000000000,0.000000000000,0.000000000000,0.055555555556,0.000000000000
568,original_image_caption_without_color,original,caption_without_color,8,8,0,SCAP-390DD4719A974C7E-TPL_04,sin_color,288,SCAP-390DD4719A974C7E-TPL_04,STR-390DD4719A974C7E,TPL_04,false,base_pattern,bands_vertical,bandas geométricas,vertical,bandas,repetitiva,7,31,V2_030,0.222028240561,0.178463667631,0.222028240561,-0.043564572930,0.000000000000,0.000000000000,0.000000000000,0.032258064516,0.000000000000
569,original_image_caption_without_color,original,caption_without_color,9,9,0,SCAP-390DD4719A974C7E-TPL_05,sin_color,289,SCAP-390DD4719A974C7E-TPL_05,STR-390DD4719A974C7E,TPL_05,false,base_pattern,bands_vertical,bandas geométricas,vertical,bandas,repetitiva,7,6,V2_030,0.262268066406,0.254179805517,0.262268066406,-0.008088260889,0.000000000000,0.000000000000,0.000000000000,0.166666666667,0.177370004783
570,original_image_caption_without_color,original,caption_without_color,10,10,0,SCAP-83B17E3514D80A83-TPL_01,sin_color,290,SCAP-83B17E3514D80A83-TPL_01,STR-83B17E3514D80A83,TPL_01,true,base_pattern,diamonds_central,rombos,diagonal,central,bilateral,7,1,V2_035,0.252523511648,0.252523511648,0.223642140627,0.028881371021,1.000000000000,1.000000000000,0.714285714286,1.000000000000,1.000000000000
571,original_image_caption_without_color,original,caption_without_color,11,11,0,SCAP-83B17E3514D80A83-TPL_02,sin_color,291,SCAP-83B17E3514D80A83-TPL_02,STR-83B17E3514D80A83,TPL_02,false,base_pattern,diamonds_central,rombos,diagonal,central,bilateral,7,3,V2_030,0.304754853249,0.293225228786,0.304754853249,-0.011529624462,0.000000000000,1.000000000000,0.285714285714,0.333333333333,0.523193734562
572,original_image_caption_without_color,original,caption_without_color,12,12,0,SCAP-83B17E3514D80A83-TPL_03,sin_color,292,SCAP-83B17E3514D80A83-TPL_03,STR-83B17E3514D80A83,TPL_03,false,base_pattern,diamonds_central,rombos,diagonal,central,bilateral,7,4,V2_029,0.269238322973,0.258516609669,0.269238322973,-0.010721713305,0.000000000000,1.000000000000,0.285714285714,0.250000000000,0.492092249135
573,original_image_caption_without_color,original,caption_without_color,13,13,0,SCAP-83B17E3514D80A83-TPL_04,sin_color,293,SCAP-83B17E3514D80A83-TPL_04,STR-83B17E3514D80A83,TPL_04,false,base_pattern,diamonds_central,rombos,diagonal,central,bilateral,7,2,V2_029,0.236845314503,0.230550214648,0.236845314503,-0.006295099854,0.000000000000,1.000000000000,0.428571428571,0.500000000000,0.601829258320
574,original_image_caption_without_color,original,caption_without_color,14,14,0,SCAP-83B17E3514D80A83-TPL_05,sin_color,294,SCAP-83B17E3514D80A83-TPL_05,STR-83B17E3514D80A83,TPL_05,false,base_pattern,diamonds_central,rombos,diagonal,central,bilateral,7,1,V2_015,0.248708739877,0.248708739877,0.239730820060,0.008977919817,1.000000000000,1.000000000000,0.714285714286,1.000000000000,0.893207651651
575,original_image_caption_without_color,original,caption_without_color,15,15,0,SCAP-32D96D397FD7BD30-TPL_01,sin_color,295,SCAP-32D96D397FD7BD30-TPL_01,STR-32D96D397FD7BD30,TPL_01,true,base_pattern,grecas_modular,grecas escalonadas,horizontal,modular,repetitiva,7,2,V2_041,0.235825628042,0.227879539132,0.235825628042,-0.007946088910,0.000000000000,1.000000000000,0.142857142857,0.500000000000,0.173427656988
576,original_image_caption_without_color,original,caption_without_color,16,16,0,SCAP-32D96D397FD7BD30-TPL_02,sin_color,296,SCAP-32D96D397FD7BD30-TPL_02,STR-32D96D397FD7BD30,TPL_02,false,base_pattern,grecas_modular,grecas escalonadas,horizontal,modular,repetitiva,7,8,V2_030,0.311059057713,0.265462517738,0.311059057713,-0.045596539974,0.000000000000,0.000000000000,0.000000000000,0.125000000000,0.248916929232
577,original_image_caption_without_color,original,caption_without_color,17,17,0,SCAP-32D96D397FD7BD30-TPL_03,sin_color,297,SCAP-32D96D397FD7BD30-TPL_03,STR-32D96D397FD7BD30,TPL_03,false,base_pattern,grecas_modular,grecas escalonadas,horizontal,modular,repetitiva,7,8,V2_041,0.259705215693,0.232892662287,0.259705215693,-0.026812553406,0.000000000000,0.000000000000,0.000000000000,0.125000000000,0.248916929232
578,original_image_caption_without_color,original,caption_without_color,18,18,0,SCAP-32D96D397FD7BD30-TPL_04,sin_color,298,SCAP-32D96D397FD7BD30-TPL_04,STR-32D96D397FD7BD30,TPL_04,false,base_pattern,grecas_modular,grecas escalonadas,horizontal,modular,repetitiva,7,2,V2_041,0.201747998595,0.199691861868,0.201747998595,-0.002056136727,0.000000000000,1.000000000000,0.428571428571,0.500000000000,0.429248616401
579,original_image_caption_without_color,original,caption_without_color,19,19,0,SCAP-32D96D397FD7BD30-TPL_05,sin_color,299,SCAP-32D96D397FD7BD30-TPL_05,STR-32D96D397FD7BD30,TPL_05,false,base_pattern,grecas_modular,grecas escalonadas,horizontal,modular,repetitiva,7,2,V2_041,0.274880886078,0.274390280247,0.274880886078,-0.000490605831,0.000000000000,1.000000000000,0.142857142857,0.500000000000,0.427256202031
580,original_image_caption_without_color,original,caption_without_color,20,20,0,SCAP-EFDC071AF166C8C3-TPL_01,sin_color,300,SCAP-EFDC071AF166C8C3-TPL_01,STR-EFDC071AF166C8C3,TPL_01,true,base_pattern,grid_reticular,cuadrícula geométrica,bidireccional,reticular,repetitiva,7,15,V2_035,0.232971385121,0.201009303331,0.232971385121,-0.031962081790,0.000000000000,0.000000000000,0.000000000000,0.066666666667,0.000000000000
581,original_image_caption_without_color,original,caption_without_color,21,21,0,SCAP-EFDC071AF166C8C3-TPL_02,sin_color,301,SCAP-EFDC071AF166C8C3-TPL_02,STR-EFDC071AF166C8C3,TPL_02,false,base_pattern,grid_reticular,cuadrícula geométrica,bidireccional,reticular,repetitiva,7,15,V2_030,0.292974531651,0.253113955259,0.292974531651,-0.039860576391,0.000000000000,0.000000000000,0.000000000000,0.066666666667,0.000000000000
582,original_image_caption_without_color,original,caption_without_color,22,22,0,SCAP-EFDC071AF166C8C3-TPL_03,sin_color,302,SCAP-EFDC071AF166C8C3-TPL_03,STR-EFDC071AF166C8C3,TPL_03,false,base_pattern,grid_reticular,cuadrícula geométrica,bidireccional,reticular,repetitiva,7,17,V2_029,0.254192233086,0.215300947428,0.254192233086,-0.038891285658,0.000000000000,0.000000000000,0.000000000000,0.058823529412,0.000000000000
583,original_image_caption_without_color,original,caption_without_color,23,23,0,SCAP-EFDC071AF166C8C3-TPL_04,sin_color,303,SCAP-EFDC071AF166C8C3-TPL_04,STR-EFDC071AF166C8C3,TPL_04,false,base_pattern,grid_reticular,cuadrícula geométrica,bidireccional,reticular,repetitiva,7,7,V2_030,0.221344724298,0.213140666485,0.221344724298,-0.008204057813,0.000000000000,0.000000000000,0.000000000000,0.142857142857,0.091625444305
584,original_image_caption_without_color,original,caption_without_color,24,24,0,SCAP-EFDC071AF166C8C3-TPL_05,sin_color,304,SCAP-EFDC071AF166C8C3-TPL_05,STR-EFDC071AF166C8C3,TPL_05,false,base_pattern,grid_reticular,cuadrícula geométrica,bidireccional,reticular,repetitiva,7,17,V2_030,0.241081148386,0.220736905932,0.241081148386,-0.020344242454,0.000000000000,0.000000000000,0.000000000000,0.058823529412,0.000000000000
585,original_image_caption_without_color,original,caption_without_color,25,25,0,SCAP-7193EBD1DE12399C-TPL_01,sin_color,305,SCAP-7193EBD1DE12399C-TPL_01,STR-7193EBD1DE12399C,TPL_01,true,base_pattern,mixed_asymmetric,motivos geométricos combinados,mixta,mixta,asimétrica,7,5,V2_015,0.251402676105,0.243299663067,0.251402676105,-0.008103013039,0.000000000000,1.000000000000,0.142857142857,0.200000000000,0.197962125335
586,original_image_caption_without_color,original,caption_without_color,26,26,0,SCAP-7193EBD1DE12399C-TPL_02,sin_color,306,SCAP-7193EBD1DE12399C-TPL_02,STR-7193EBD1DE12399C,TPL_02,false,base_pattern,mixed_asymmetric,motivos geométricos combinados,mixta,mixta,asimétrica,7,1,V2_030,0.308978915215,0.308978915215,0.284996926785,0.023981988430,1.000000000000,1.000000000000,0.714285714286,1.000000000000,0.897175458839
587,original_image_caption_without_color,original,caption_without_color,27,27,0,SCAP-7193EBD1DE12399C-TPL_03,sin_color,307,SCAP-7193EBD1DE12399C-TPL_03,STR-7193EBD1DE12399C,TPL_03,false,base_pattern,mixed_asymmetric,motivos geométricos combinados,mixta,mixta,asimétrica,7,1,V2_041,0.266696959734,0.266696959734,0.257005870342,0.009691089392,1.000000000000,1.000000000000,0.571428571429,1.000000000000,0.789991762740
588,original_image_caption_without_color,original,caption_without_color,28,28,0,SCAP-7193EBD1DE12399C-TPL_04,sin_color,308,SCAP-7193EBD1DE12399C-TPL_04,STR-7193EBD1DE12399C,TPL_04,false,base_pattern,mixed_asymmetric,motivos geométricos combinados,mixta,mixta,asimétrica,7,1,V2_030,0.216144472361,0.216144472361,0.208529129624,0.007615342736,1.000000000000,1.000000000000,0.428571428571,1.000000000000,0.775280526014
589,original_image_caption_without_color,original,caption_without_color,29,29,0,SCAP-7193EBD1DE12399C-TPL_05,sin_color,309,SCAP-7193EBD1DE12399C-TPL_05,STR-7193EBD1DE12399C,TPL_05,false,base_pattern,mixed_asymmetric,motivos geométricos combinados,mixta,mixta,asimétrica,7,1,V2_041,0.259588330984,0.259588330984,0.252515673637,0.007072657347,1.000000000000,1.000000000000,0.428571428571,1.000000000000,0.677367600664
590,original_image_caption_without_color,original,caption_without_color,30,30,0,SCAP-DBE3E9729199A70D-TPL_01,sin_color,310,SCAP-DBE3E9729199A70D-TPL_01,STR-DBE3E9729199A70D,TPL_01,true,heldout_pattern,chevrons_diagonal,chevrones,diagonal,bandas,repetitiva,7,9,V2_035,0.271499752998,0.253312319517,0.271499752998,-0.018187433481,0.000000000000,0.000000000000,0.000000000000,0.111111111111,0.082746021305
591,original_image_caption_without_color,original,caption_without_color,31,31,0,SCAP-DBE3E9729199A70D-TPL_02,sin_color,311,SCAP-DBE3E9729199A70D-TPL_02,STR-DBE3E9729199A70D,TPL_02,false,heldout_pattern,chevrons_diagonal,chevrones,diagonal,bandas,repetitiva,7,31,V2_030,0.313679039478,0.229628071189,0.313679039478,-0.084050968289,0.000000000000,0.000000000000,0.000000000000,0.032258064516,0.000000000000
592,original_image_caption_without_color,original,caption_without_color,32,32,0,SCAP-DBE3E9729199A70D-TPL_03,sin_color,312,SCAP-DBE3E9729199A70D-TPL_03,STR-DBE3E9729199A70D,TPL_03,false,heldout_pattern,chevrons_diagonal,chevrones,diagonal,bandas,repetitiva,7,20,V2_030,0.275676012039,0.232737392187,0.275676012039,-0.042938619852,0.000000000000,0.000000000000,0.000000000000,0.050000000000,0.000000000000
593,original_image_caption_without_color,original,caption_without_color,33,33,0,SCAP-DBE3E9729199A70D-TPL_04,sin_color,313,SCAP-DBE3E9729199A70D-TPL_04,STR-DBE3E9729199A70D,TPL_04,false,heldout_pattern,chevrons_diagonal,chevrones,diagonal,bandas,repetitiva,7,30,V2_004,0.222016379237,0.183857128024,0.222016379237,-0.038159251213,0.000000000000,0.000000000000,0.000000000000,0.033333333333,0.000000000000
594,original_image_caption_without_color,original,caption_without_color,34,34,0,SCAP-DBE3E9729199A70D-TPL_05,sin_color,314,SCAP-DBE3E9729199A70D-TPL_05,STR-DBE3E9729199A70D,TPL_05,false,heldout_pattern,chevrons_diagonal,chevrones,diagonal,bandas,repetitiva,7,2,V2_030,0.277112931013,0.275240838528,0.277112931013,-0.001872092485,0.000000000000,1.000000000000,0.142857142857,0.500000000000,0.265053101293
595,original_image_caption_without_color,original,caption_without_color,35,35,0,SCAP-74979A46916B9B50-TPL_01,sin_color,315,SCAP-74979A46916B9B50-TPL_01,STR-74979A46916B9B50,TPL_01,true,heldout_pattern,circles_concentric,círculos concéntricos,radial,central,radial,7,1,V2_055,0.262770861387,0.262770861387,0.217828616500,0.044942244887,1.000000000000,1.000000000000,0.714285714286,1.000000000000,1.000000000000
596,original_image_caption_without_color,original,caption_without_color,36,36,0,SCAP-74979A46916B9B50-TPL_02,sin_color,316,SCAP-74979A46916B9B50-TPL_02,STR-74979A46916B9B50,TPL_02,false,heldout_pattern,circles_concentric,círculos concéntricos,radial,central,radial,7,1,V2_056,0.270589858294,0.270589858294,0.217690616846,0.052899241447,1.000000000000,1.000000000000,0.714285714286,1.000000000000,1.000000000000
597,original_image_caption_without_color,original,caption_without_color,37,37,0,SCAP-74979A46916B9B50-TPL_03,sin_color,317,SCAP-74979A46916B9B50-TPL_03,STR-74979A46916B9B50,TPL_03,false,heldout_pattern,circles_concentric,círculos concéntricos,radial,central,radial,7,1,V2_051,0.263587385416,0.263587385416,0.195508629084,0.068078756332,1.000000000000,1.000000000000,0.714285714286,1.000000000000,1.000000000000
598,original_image_caption_without_color,original,caption_without_color,38,38,0,SCAP-74979A46916B9B50-TPL_04,sin_color,318,SCAP-74979A46916B9B50-TPL_04,STR-74979A46916B9B50,TPL_04,false,heldout_pattern,circles_concentric,círculos concéntricos,radial,central,radial,7,1,V2_051,0.238452255726,0.238452255726,0.183154195547,0.055298060179,1.000000000000,1.000000000000,0.714285714286,1.000000000000,1.000000000000
599,original_image_caption_without_color,original,caption_without_color,39,39,0,SCAP-74979A46916B9B50-TPL_05,sin_color,319,SCAP-74979A46916B9B50-TPL_05,STR-74979A46916B9B50,TPL_05,false,heldout_pattern,circles_concentric,círculos concéntricos,radial,central,radial,7,1,V2_055,0.267493307590,0.267493307590,0.213966429234,0.053526878357,1.000000000000,1.000000000000,0.714285714286,1.000000000000,1.000000000000
600,grayscale_image_caption_without_color,grayscale,caption_without_color,0,0,0,SCAP-A3FE31524DCA0243-TPL_01,sin_color,280,SCAP-A3FE31524DCA0243-TPL_01,STR-A3FE31524DCA0243,TPL_01,true,base_pattern,bands_horizontal,bandas geométricas,horizontal,bandas,repetitiva,7,1,V2_004,0.251390367746,0.251390367746,0.241659894586,0.009730473161,1.000000000000,1.000000000000,0.428571428571,1.000000000000,0.680254753555
601,grayscale_image_caption_without_color,grayscale,caption_without_color,1,1,0,SCAP-A3FE31524DCA0243-TPL_02,sin_color,281,SCAP-A3FE31524DCA0243-TPL_02,STR-A3FE31524DCA0243,TPL_02,false,base_pattern,bands_horizontal,bandas geométricas,horizontal,bandas,repetitiva,7,9,V2_041,0.295364022255,0.271046042442,0.295364022255,-0.024317979813,0.000000000000,0.000000000000,0.000000000000,0.111111111111,0.082746021305
602,grayscale_image_caption_without_color,grayscale,caption_without_color,2,2,0,SCAP-A3FE31524DCA0243-TPL_03,sin_color,282,SCAP-A3FE31524DCA0243-TPL_03,STR-A3FE31524DCA0243,TPL_03,false,base_pattern,bands_horizontal,bandas geométricas,horizontal,bandas,repetitiva,7,3,V2_041,0.252747058868,0.246739074588,0.252747058868,-0.006007984281,0.000000000000,1.000000000000,0.142857142857,0.333333333333,0.216895245890
603,grayscale_image_caption_without_color,grayscale,caption_without_color,3,3,0,SCAP-A3FE31524DCA0243-TPL_04,sin_color,283,SCAP-A3FE31524DCA0243-TPL_04,STR-A3FE31524DCA0243,TPL_04,false,base_pattern,bands_horizontal,bandas geométricas,horizontal,bandas,repetitiva,7,1,V2_004,0.234872788191,0.234872788191,0.216756328940,0.018116459250,1.000000000000,1.000000000000,0.571428571429,1.000000000000,0.953164131494
604,grayscale_image_caption_without_color,grayscale,caption_without_color,4,4,0,SCAP-A3FE31524DCA0243-TPL_05,sin_color,284,SCAP-A3FE31524DCA0243-TPL_05,STR-A3FE31524DCA0243,TPL_05,false,base_pattern,bands_horizontal,bandas geométricas,horizontal,bandas,repetitiva,7,1,V2_004,0.268452793360,0.268452793360,0.262167453766,0.006285339594,1.000000000000,1.000000000000,0.571428571429,1.000000000000,0.853682410543
605,grayscale_image_caption_without_color,grayscale,caption_without_color,5,5,0,SCAP-390DD4719A974C7E-TPL_01,sin_color,285,SCAP-390DD4719A974C7E-TPL_01,STR-390DD4719A974C7E,TPL_01,true,base_pattern,bands_vertical,bandas geométricas,vertical,bandas,repetitiva,7,14,V2_004,0.262836962938,0.233657345176,0.262836962938,-0.029179617763,0.000000000000,0.000000000000,0.000000000000,0.071428571429,0.000000000000
606,grayscale_image_caption_without_color,grayscale,caption_without_color,6,6,0,SCAP-390DD4719A974C7E-TPL_02,sin_color,286,SCAP-390DD4719A974C7E-TPL_02,STR-390DD4719A974C7E,TPL_02,false,base_pattern,bands_vertical,bandas geométricas,vertical,bandas,repetitiva,7,28,V2_041,0.297701179981,0.256784260273,0.297701179981,-0.040916919708,0.000000000000,0.000000000000,0.000000000000,0.035714285714,0.000000000000
607,grayscale_image_caption_without_color,grayscale,caption_without_color,7,7,0,SCAP-390DD4719A974C7E-TPL_03,sin_color,287,SCAP-390DD4719A974C7E-TPL_03,STR-390DD4719A974C7E,TPL_03,false,base_pattern,bands_vertical,bandas geométricas,vertical,bandas,repetitiva,7,20,V2_041,0.267733693123,0.242030322552,0.267733693123,-0.025703370571,0.000000000000,0.000000000000,0.000000000000,0.050000000000,0.000000000000
608,grayscale_image_caption_without_color,grayscale,caption_without_color,8,8,0,SCAP-390DD4719A974C7E-TPL_04,sin_color,288,SCAP-390DD4719A974C7E-TPL_04,STR-390DD4719A974C7E,TPL_04,false,base_pattern,bands_vertical,bandas geométricas,vertical,bandas,repetitiva,7,34,V2_004,0.242617130280,0.192739024758,0.242617130280,-0.049878105521,0.000000000000,0.000000000000,0.000000000000,0.029411764706,0.000000000000
609,grayscale_image_caption_without_color,grayscale,caption_without_color,9,9,0,SCAP-390DD4719A974C7E-TPL_05,sin_color,289,SCAP-390DD4719A974C7E-TPL_05,STR-390DD4719A974C7E,TPL_05,false,base_pattern,bands_vertical,bandas geométricas,vertical,bandas,repetitiva,7,15,V2_004,0.275270819664,0.248157411814,0.275270819664,-0.027113407850,0.000000000000,0.000000000000,0.000000000000,0.066666666667,0.000000000000
610,grayscale_image_caption_without_color,grayscale,caption_without_color,10,10,0,SCAP-83B17E3514D80A83-TPL_01,sin_color,290,SCAP-83B17E3514D80A83-TPL_01,STR-83B17E3514D80A83,TPL_01,true,base_pattern,diamonds_central,rombos,diagonal,central,bilateral,7,1,V2_036,0.265458464622,0.265458464622,0.251691997051,0.013766467571,1.000000000000,1.000000000000,0.571428571429,1.000000000000,0.881617207045
611,grayscale_image_caption_without_color,grayscale,caption_without_color,11,11,0,SCAP-83B17E3514D80A83-TPL_02,sin_color,291,SCAP-83B17E3514D80A83-TPL_02,STR-83B17E3514D80A83,TPL_02,false,base_pattern,diamonds_central,rombos,diagonal,central,bilateral,7,1,V2_036,0.300908148289,0.300908148289,0.295146405697,0.005761742592,1.000000000000,1.000000000000,0.571428571429,1.000000000000,0.764648908193
612,grayscale_image_caption_without_color,grayscale,caption_without_color,12,12,0,SCAP-83B17E3514D80A83-TPL_03,sin_color,292,SCAP-83B17E3514D80A83-TPL_03,STR-83B17E3514D80A83,TPL_03,false,base_pattern,diamonds_central,rombos,diagonal,central,bilateral,7,1,V2_036,0.277640432119,0.277640432119,0.277077972889,0.000562459230,1.000000000000,1.000000000000,0.428571428571,1.000000000000,0.605365008896
613,grayscale_image_caption_without_color,grayscale,caption_without_color,13,13,0,SCAP-83B17E3514D80A83-TPL_04,sin_color,293,SCAP-83B17E3514D80A83-TPL_04,STR-83B17E3514D80A83,TPL_04,false,base_pattern,diamonds_central,rombos,diagonal,central,bilateral,7,1,V2_036,0.238318353891,0.238318353891,0.238062158227,0.000256195664,1.000000000000,1.000000000000,0.285714285714,1.000000000000,0.564341649607
614,grayscale_image_caption_without_color,grayscale,caption_without_color,14,14,0,SCAP-83B17E3514D80A83-TPL_05,sin_color,294,SCAP-83B17E3514D80A83-TPL_05,STR-83B17E3514D80A83,TPL_05,false,base_pattern,diamonds_central,rombos,diagonal,central,bilateral,7,1,V2_036,0.263753622770,0.263753622770,0.259534597397,0.004219025373,1.000000000000,1.000000000000,0.428571428571,1.000000000000,0.601397201707
615,grayscale_image_caption_without_color,grayscale,caption_without_color,15,15,0,SCAP-32D96D397FD7BD30-TPL_01,sin_color,295,SCAP-32D96D397FD7BD30-TPL_01,STR-32D96D397FD7BD30,TPL_01,true,base_pattern,grecas_modular,grecas escalonadas,horizontal,modular,repetitiva,7,6,V2_021,0.248892679811,0.230455026031,0.248892679811,-0.018437653780,0.000000000000,0.000000000000,0.000000000000,0.166666666667,0.097912925350
616,grayscale_image_caption_without_color,grayscale,caption_without_color,16,16,0,SCAP-32D96D397FD7BD30-TPL_02,sin_color,296,SCAP-32D96D397FD7BD30-TPL_02,STR-32D96D397FD7BD30,TPL_02,false,base_pattern,grecas_modular,grecas escalonadas,horizontal,modular,repetitiva,7,8,V2_041,0.294064372778,0.264739960432,0.294064372778,-0.029324412346,0.000000000000,0.000000000000,0.000000000000,0.125000000000,0.169459849799
617,grayscale_image_caption_without_color,grayscale,caption_without_color,17,17,0,SCAP-32D96D397FD7BD30-TPL_03,sin_color,297,SCAP-32D96D397FD7BD30-TPL_03,STR-32D96D397FD7BD30,TPL_03,false,base_pattern,grecas_modular,grecas escalonadas,horizontal,modular,repetitiva,7,5,V2_041,0.265763163567,0.246655061841,0.265763163567,-0.019108101726,0.000000000000,1.000000000000,0.142857142857,0.200000000000,0.189082702336
618,grayscale_image_caption_without_color,grayscale,caption_without_color,18,18,0,SCAP-32D96D397FD7BD30-TPL_04,sin_color,298,SCAP-32D96D397FD7BD30-TPL_04,STR-32D96D397FD7BD30,TPL_04,false,base_pattern,grecas_modular,grecas escalonadas,horizontal,modular,repetitiva,7,5,V2_021,0.234965369105,0.213892668486,0.234965369105,-0.021072700620,0.000000000000,1.000000000000,0.142857142857,0.200000000000,0.106336681030
619,grayscale_image_caption_without_color,grayscale,caption_without_color,19,19,0,SCAP-32D96D397FD7BD30-TPL_05,sin_color,299,SCAP-32D96D397FD7BD30-TPL_05,STR-32D96D397FD7BD30,TPL_05,false,base_pattern,grecas_modular,grecas escalonadas,horizontal,modular,repetitiva,7,8,V2_054,0.281601667404,0.266975253820,0.281601667404,-0.014626413584,0.000000000000,0.000000000000,0.000000000000,0.125000000000,0.166170907927
620,grayscale_image_caption_without_color,grayscale,caption_without_color,20,20,0,SCAP-EFDC071AF166C8C3-TPL_01,sin_color,300,SCAP-EFDC071AF166C8C3-TPL_01,STR-EFDC071AF166C8C3,TPL_01,true,base_pattern,grid_reticular,cuadrícula geométrica,bidireccional,reticular,repetitiva,7,3,V2_012,0.240474104881,0.235503047705,0.240474104881,-0.004971057177,0.000000000000,1.000000000000,0.142857142857,0.333333333333,0.306898016257
621,grayscale_image_caption_without_color,grayscale,caption_without_color,21,21,0,SCAP-EFDC071AF166C8C3-TPL_02,sin_color,301,SCAP-EFDC071AF166C8C3-TPL_02,STR-EFDC071AF166C8C3,TPL_02,false,base_pattern,grid_reticular,cuadrícula geométrica,bidireccional,reticular,repetitiva,7,6,V2_041,0.279400289059,0.268873423338,0.279400289059,-0.010526865721,0.000000000000,0.000000000000,0.000000000000,0.166666666667,0.097912925350
622,grayscale_image_caption_without_color,grayscale,caption_without_color,22,22,0,SCAP-EFDC071AF166C8C3-TPL_03,sin_color,302,SCAP-EFDC071AF166C8C3-TPL_03,STR-EFDC071AF166C8C3,TPL_03,false,base_pattern,grid_reticular,cuadrícula geométrica,bidireccional,reticular,repetitiva,7,11,V2_041,0.254831016064,0.236759275198,0.254831016064,-0.018071740866,0.000000000000,0.000000000000,0.000000000000,0.090909090909,0.000000000000
623,grayscale_image_caption_without_color,grayscale,caption_without_color,23,23,0,SCAP-EFDC071AF166C8C3-TPL_04,sin_color,303,SCAP-EFDC071AF166C8C3-TPL_04,STR-EFDC071AF166C8C3,TPL_04,false,base_pattern,grid_reticular,cuadrícula geométrica,bidireccional,reticular,repetitiva,7,1,V2_021,0.242833942175,0.242833942175,0.238687157631,0.004146784544,1.000000000000,1.000000000000,0.428571428571,1.000000000000,0.699310127057
624,grayscale_image_caption_without_color,grayscale,caption_without_color,24,24,0,SCAP-EFDC071AF166C8C3-TPL_05,sin_color,304,SCAP-EFDC071AF166C8C3-TPL_05,STR-EFDC071AF166C8C3,TPL_05,false,base_pattern,grid_reticular,cuadrícula geométrica,bidireccional,reticular,repetitiva,7,9,V2_036,0.245168343186,0.237787753344,0.245168343186,-0.007380589843,0.000000000000,0.000000000000,0.000000000000,0.111111111111,0.082746021305
625,grayscale_image_caption_without_color,grayscale,caption_without_color,25,25,0,SCAP-7193EBD1DE12399C-TPL_01,sin_color,305,SCAP-7193EBD1DE12399C-TPL_01,STR-7193EBD1DE12399C,TPL_01,true,base_pattern,mixed_asymmetric,motivos geométricos combinados,mixta,mixta,asimétrica,7,18,V2_021,0.250954508781,0.227624535561,0.250954508781,-0.023329973221,0.000000000000,0.000000000000,0.000000000000,0.055555555556,0.000000000000
626,grayscale_image_caption_without_color,grayscale,caption_without_color,26,26,0,SCAP-7193EBD1DE12399C-TPL_02,sin_color,306,SCAP-7193EBD1DE12399C-TPL_02,STR-7193EBD1DE12399C,TPL_02,false,base_pattern,mixed_asymmetric,motivos geométricos combinados,mixta,mixta,asimétrica,7,1,V2_041,0.289209634066,0.289209634066,0.279178023338,0.010031610727,1.000000000000,1.000000000000,0.571428571429,1.000000000000,0.839194371815
627,grayscale_image_caption_without_color,grayscale,caption_without_color,27,27,0,SCAP-7193EBD1DE12399C-TPL_03,sin_color,307,SCAP-7193EBD1DE12399C-TPL_03,STR-7193EBD1DE12399C,TPL_03,false,base_pattern,mixed_asymmetric,motivos geométricos combinados,mixta,mixta,asimétrica,7,1,V2_041,0.265074431896,0.265074431896,0.255586385727,0.009488046169,1.000000000000,1.000000000000,0.428571428571,1.000000000000,0.735299617588
628,grayscale_image_caption_without_color,grayscale,caption_without_color,28,28,0,SCAP-7193EBD1DE12399C-TPL_04,sin_color,308,SCAP-7193EBD1DE12399C-TPL_04,STR-7193EBD1DE12399C,TPL_04,false,base_pattern,mixed_asymmetric,motivos geométricos combinados,mixta,mixta,asimétrica,7,12,V2_021,0.240950107574,0.210094273090,0.240950107574,-0.030855834484,0.000000000000,0.000000000000,0.000000000000,0.083333333333,0.000000000000
629,grayscale_image_caption_without_color,grayscale,caption_without_color,29,29,0,SCAP-7193EBD1DE12399C-TPL_05,sin_color,309,SCAP-7193EBD1DE12399C-TPL_05,STR-7193EBD1DE12399C,TPL_05,false,base_pattern,mixed_asymmetric,motivos geométricos combinados,mixta,mixta,asimétrica,7,17,V2_036,0.256364583969,0.242717355490,0.256364583969,-0.013647228479,0.000000000000,0.000000000000,0.000000000000,0.058823529412,0.000000000000
630,grayscale_image_caption_without_color,grayscale,caption_without_color,30,30,0,SCAP-DBE3E9729199A70D-TPL_01,sin_color,310,SCAP-DBE3E9729199A70D-TPL_01,STR-DBE3E9729199A70D,TPL_01,true,heldout_pattern,chevrons_diagonal,chevrones,diagonal,bandas,repetitiva,7,11,V2_004,0.276525884867,0.259754180908,0.276525884867,-0.016771703959,0.000000000000,0.000000000000,0.000000000000,0.090909090909,0.000000000000
631,grayscale_image_caption_without_color,grayscale,caption_without_color,31,31,0,SCAP-DBE3E9729199A70D-TPL_02,sin_color,311,SCAP-DBE3E9729199A70D-TPL_02,STR-DBE3E9729199A70D,TPL_02,false,heldout_pattern,chevrons_diagonal,chevrones,diagonal,bandas,repetitiva,7,31,V2_041,0.295129358768,0.238789975643,0.295129358768,-0.056339383125,0.000000000000,0.000000000000,0.000000000000,0.032258064516,0.000000000000
632,grayscale_image_caption_without_color,grayscale,caption_without_color,32,32,0,SCAP-DBE3E9729199A70D-TPL_03,sin_color,312,SCAP-DBE3E9729199A70D-TPL_03,STR-DBE3E9729199A70D,TPL_03,false,heldout_pattern,chevrons_diagonal,chevrones,diagonal,bandas,repetitiva,7,20,V2_041,0.271325588226,0.243716508150,0.271325588226,-0.027609080076,0.000000000000,0.000000000000,0.000000000000,0.050000000000,0.000000000000
633,grayscale_image_caption_without_color,grayscale,caption_without_color,33,33,0,SCAP-DBE3E9729199A70D-TPL_04,sin_color,313,SCAP-DBE3E9729199A70D-TPL_04,STR-DBE3E9729199A70D,TPL_04,false,heldout_pattern,chevrons_diagonal,chevrones,diagonal,bandas,repetitiva,7,20,V2_004,0.254434436560,0.208675727248,0.254434436560,-0.045758709311,0.000000000000,0.000000000000,0.000000000000,0.050000000000,0.000000000000
634,grayscale_image_caption_without_color,grayscale,caption_without_color,34,34,0,SCAP-DBE3E9729199A70D-TPL_05,sin_color,314,SCAP-DBE3E9729199A70D-TPL_05,STR-DBE3E9729199A70D,TPL_05,false,heldout_pattern,chevrons_diagonal,chevrones,diagonal,bandas,repetitiva,7,1,V2_054,0.287632435560,0.287632435560,0.279626309872,0.008006125689,1.000000000000,1.000000000000,0.285714285714,1.000000000000,0.495060520677
635,grayscale_image_caption_without_color,grayscale,caption_without_color,35,35,0,SCAP-74979A46916B9B50-TPL_01,sin_color,315,SCAP-74979A46916B9B50-TPL_01,STR-74979A46916B9B50,TPL_01,true,heldout_pattern,circles_concentric,círculos concéntricos,radial,central,radial,7,1,V2_056,0.272610127926,0.272610127926,0.242909967899,0.029700160027,1.000000000000,1.000000000000,0.714285714286,1.000000000000,1.000000000000
636,grayscale_image_caption_without_color,grayscale,caption_without_color,36,36,0,SCAP-74979A46916B9B50-TPL_02,sin_color,316,SCAP-74979A46916B9B50-TPL_02,STR-74979A46916B9B50,TPL_02,false,heldout_pattern,circles_concentric,círculos concéntricos,radial,central,radial,7,1,V2_056,0.275079786777,0.275079786777,0.250843107700,0.024236679077,1.000000000000,1.000000000000,0.714285714286,1.000000000000,0.988800903144
637,grayscale_image_caption_without_color,grayscale,caption_without_color,37,37,0,SCAP-74979A46916B9B50-TPL_03,sin_color,317,SCAP-74979A46916B9B50-TPL_03,STR-74979A46916B9B50,TPL_03,false,heldout_pattern,circles_concentric,círculos concéntricos,radial,central,radial,7,1,V2_056,0.280465275049,0.280465275049,0.226260274649,0.054205000401,1.000000000000,1.000000000000,0.714285714286,1.000000000000,1.000000000000
638,grayscale_image_caption_without_color,grayscale,caption_without_color,38,38,0,SCAP-74979A46916B9B50-TPL_04,sin_color,318,SCAP-74979A46916B9B50-TPL_04,STR-74979A46916B9B50,TPL_04,false,heldout_pattern,circles_concentric,círculos concéntricos,radial,central,radial,7,1,V2_051,0.240853250027,0.240853250027,0.214760795236,0.026092454791,1.000000000000,1.000000000000,0.714285714286,1.000000000000,1.000000000000
639,grayscale_image_caption_without_color,grayscale,caption_without_color,39,39,0,SCAP-74979A46916B9B50-TPL_05,sin_color,319,SCAP-74979A46916B9B50-TPL_05,STR-74979A46916B9B50,TPL_05,false,heldout_pattern,circles_concentric,círculos concéntricos,radial,central,radial,7,1,V2_056,0.278955191374,0.278955191374,0.237058237195,0.041896954179,1.000000000000,1.000000000000,0.714285714286,1.000000000000,1.000000000000
