condition,source,query_index,caption_id,image_id,split,template_id,is_canonical,text_row_index,relevant_image_row_index,relevant_rank,top1_image_id,top1_score,relevant_score,positive_margin,recall_at_1,recall_at_5,mrr,ndcg_at_10
original_image_full_caption,recomputed_and_matched_E1,0,CAP-V2_001-TPL_01,V2_001,id,TPL_01,true,0,0,3,V2_011,0.351894617081,0.337622284889,-0.014272332191,0.000000000000,1.000000000000,0.333333333333,0.500000000000
original_image_full_caption,recomputed_and_matched_E1,1,CAP-V2_001-TPL_02,V2_001,id,TPL_02,false,1,0,3,V2_011,0.332195222378,0.310213267803,-0.021981954575,0.000000000000,1.000000000000,0.333333333333,0.500000000000
original_image_full_caption,recomputed_and_matched_E1,2,CAP-V2_001-TPL_03,V2_001,id,TPL_03,false,2,0,3,V2_026,0.330970823765,0.309555828571,-0.021414995193,0.000000000000,1.000000000000,0.333333333333,0.500000000000
original_image_full_caption,recomputed_and_matched_E1,3,CAP-V2_001-TPL_04,V2_001,id,TPL_04,false,3,0,2,V2_011,0.316889196634,0.306454926729,-0.010434269905,0.000000000000,1.000000000000,0.500000000000,0.630929753571
original_image_full_caption,recomputed_and_matched_E1,4,CAP-V2_001-TPL_05,V2_001,id,TPL_05,false,4,0,1,V2_001,0.340648949146,0.340648949146,0.006746411324,1.000000000000,1.000000000000,1.000000000000,1.000000000000
original_image_full_caption,recomputed_and_matched_E1,5,CAP-V2_002-TPL_01,V2_002,id,TPL_01,true,5,1,1,V2_002,0.365009844303,0.365009844303,0.002913296223,1.000000000000,1.000000000000,1.000000000000,1.000000000000
original_image_full_caption,recomputed_and_matched_E1,6,CAP-V2_002-TPL_02,V2_002,id,TPL_02,false,6,1,2,V2_027,0.353697896004,0.342582523823,-0.011115372181,0.000000000000,1.000000000000,0.500000000000,0.630929753571
original_image_full_caption,recomputed_and_matched_E1,7,CAP-V2_002-TPL_03,V2_002,id,TPL_03,false,7,1,3,V2_027,0.357337445021,0.337379783392,-0.019957661629,0.000000000000,1.000000000000,0.333333333333,0.500000000000
original_image_full_caption,recomputed_and_matched_E1,8,CAP-V2_002-TPL_04,V2_002,id,TPL_04,false,8,1,1,V2_002,0.321057319641,0.321057319641,0.001427233219,1.000000000000,1.000000000000,1.000000000000,1.000000000000
original_image_full_caption,recomputed_and_matched_E1,9,CAP-V2_002-TPL_05,V2_002,id,TPL_05,false,9,1,1,V2_002,0.359454244375,0.359454244375,0.015107482672,1.000000000000,1.000000000000,1.000000000000,1.000000000000
original_image_full_caption,recomputed_and_matched_E1,10,CAP-V2_003-TPL_01,V2_003,id,TPL_01,true,10,2,2,V2_008,0.348789632320,0.335728734732,-0.013060897589,0.000000000000,1.000000000000,0.500000000000,0.630929753571
original_image_full_caption,recomputed_and_matched_E1,11,CAP-V2_003-TPL_02,V2_003,id,TPL_02,false,11,2,2,V2_028,0.325777053833,0.314760744572,-0.011016309261,0.000000000000,1.000000000000,0.500000000000,0.630929753571
original_image_full_caption,recomputed_and_matched_E1,12,CAP-V2_003-TPL_03,V2_003,id,TPL_03,false,12,2,3,V2_028,0.326543450356,0.322335422039,-0.004208028316,0.000000000000,1.000000000000,0.333333333333,0.500000000000
original_image_full_caption,recomputed_and_matched_E1,13,CAP-V2_003-TPL_04,V2_003,id,TPL_04,false,13,2,1,V2_003,0.325080335140,0.325080335140,0.018952369690,1.000000000000,1.000000000000,1.000000000000,1.000000000000
original_image_full_caption,recomputed_and_matched_E1,14,CAP-V2_003-TPL_05,V2_003,id,TPL_05,false,14,2,1,V2_003,0.335055470467,0.335055470467,0.006145477295,1.000000000000,1.000000000000,1.000000000000,1.000000000000
original_image_full_caption,recomputed_and_matched_E1,15,CAP-V2_004-TPL_01,V2_004,id,TPL_01,true,15,3,3,V2_014,0.322224646807,0.313583195210,-0.008641451597,0.000000000000,1.000000000000,0.333333333333,0.500000000000
original_image_full_caption,recomputed_and_matched_E1,16,CAP-V2_004-TPL_02,V2_004,id,TPL_02,false,16,3,4,V2_024,0.307851105928,0.288740336895,-0.019110769033,0.000000000000,1.000000000000,0.250000000000,0.430676558073
original_image_full_caption,recomputed_and_matched_E1,17,CAP-V2_004-TPL_03,V2_004,id,TPL_03,false,17,3,4,V2_029,0.304731160402,0.280424654484,-0.024306505919,0.000000000000,1.000000000000,0.250000000000,0.430676558073
original_image_full_caption,recomputed_and_matched_E1,18,CAP-V2_004-TPL_04,V2_004,id,TPL_04,false,18,3,1,V2_004,0.279100894928,0.279100894928,0.000325560570,1.000000000000,1.000000000000,1.000000000000,1.000000000000
original_image_full_caption,recomputed_and_matched_E1,19,CAP-V2_004-TPL_05,V2_004,id,TPL_05,false,19,3,1,V2_004,0.320192247629,0.320192247629,0.017236143351,1.000000000000,1.000000000000,1.000000000000,1.000000000000
original_image_full_caption,recomputed_and_matched_E1,20,CAP-V2_005-TPL_01,V2_005,id,TPL_01,true,20,4,2,V2_015,0.360274165869,0.353165864944,-0.007108300924,0.000000000000,1.000000000000,0.500000000000,0.630929753571
original_image_full_caption,recomputed_and_matched_E1,21,CAP-V2_005-TPL_02,V2_005,id,TPL_02,false,21,4,4,V2_030,0.344659775496,0.292437195778,-0.052222579718,0.000000000000,1.000000000000,0.250000000000,0.430676558073
original_image_full_caption,recomputed_and_matched_E1,22,CAP-V2_005-TPL_03,V2_005,id,TPL_03,false,22,4,3,V2_030,0.358123064041,0.302583724260,-0.055539339781,0.000000000000,1.000000000000,0.333333333333,0.500000000000
original_image_full_caption,recomputed_and_matched_E1,23,CAP-V2_005-TPL_04,V2_005,id,TPL_04,false,23,4,3,V2_015,0.335982561111,0.315432250500,-0.020550310612,0.000000000000,1.000000000000,0.333333333333,0.500000000000
original_image_full_caption,recomputed_and_matched_E1,24,CAP-V2_005-TPL_05,V2_005,id,TPL_05,false,24,4,3,V2_030,0.349335074425,0.343601375818,-0.005733698606,0.000000000000,1.000000000000,0.333333333333,0.500000000000
original_image_full_caption,recomputed_and_matched_E1,25,CAP-V2_006-TPL_01,V2_006,id,TPL_01,true,25,5,2,V2_011,0.354999423027,0.351220697165,-0.003778725863,0.000000000000,1.000000000000,0.500000000000,0.630929753571
original_image_full_caption,recomputed_and_matched_E1,26,CAP-V2_006-TPL_02,V2_006,id,TPL_02,false,26,5,3,V2_011,0.339359700680,0.313307762146,-0.026051938534,0.000000000000,1.000000000000,0.333333333333,0.500000000000
original_image_full_caption,recomputed_and_matched_E1,27,CAP-V2_006-TPL_03,V2_006,id,TPL_03,false,27,5,3,V2_011,0.339565336704,0.322546571493,-0.017018765211,0.000000000000,1.000000000000,0.333333333333,0.500000000000
original_image_full_caption,recomputed_and_matched_E1,28,CAP-V2_006-TPL_04,V2_006,id,TPL_04,false,28,5,3,V2_011,0.326120495796,0.311577767134,-0.014542728662,0.000000000000,1.000000000000,0.333333333333,0.500000000000
original_image_full_caption,recomputed_and_matched_E1,29,CAP-V2_006-TPL_05,V2_006,id,TPL_05,false,29,5,1,V2_006,0.348100930452,0.348100930452,0.005504906178,1.000000000000,1.000000000000,1.000000000000,1.000000000000
original_image_full_caption,recomputed_and_matched_E1,30,CAP-V2_007-TPL_01,V2_007,id,TPL_01,true,30,6,3,V2_012,0.366772711277,0.357411265373,-0.009361445904,0.000000000000,1.000000000000,0.333333333333,0.500000000000
original_image_full_caption,recomputed_and_matched_E1,31,CAP-V2_007-TPL_02,V2_007,id,TPL_02,false,31,6,4,V2_012,0.356869041920,0.328755319118,-0.028113722801,0.000000000000,1.000000000000,0.250000000000,0.430676558073
original_image_full_caption,recomputed_and_matched_E1,32,CAP-V2_007-TPL_03,V2_007,id,TPL_03,false,32,6,4,V2_012,0.370864003897,0.324479877949,-0.046384125948,0.000000000000,1.000000000000,0.250000000000,0.430676558073
original_image_full_caption,recomputed_and_matched_E1,33,CAP-V2_007-TPL_04,V2_007,id,TPL_04,false,33,6,5,V2_012,0.329205930233,0.295247137547,-0.033958792686,0.000000000000,1.000000000000,0.200000000000,0.386852807235
original_image_full_caption,recomputed_and_matched_E1,34,CAP-V2_007-TPL_05,V2_007,id,TPL_05,false,34,6,3,V2_002,0.361467331648,0.349831968546,-0.011635363102,0.000000000000,1.000000000000,0.333333333333,0.500000000000
original_image_full_caption,recomputed_and_matched_E1,35,CAP-V2_008-TPL_01,V2_008,id,TPL_01,true,35,7,1,V2_008,0.356800109148,0.356800109148,0.019015818834,1.000000000000,1.000000000000,1.000000000000,1.000000000000
original_image_full_caption,recomputed_and_matched_E1,36,CAP-V2_008-TPL_02,V2_008,id,TPL_02,false,36,7,2,V2_028,0.323046892881,0.318872779608,-0.004174113274,0.000000000000,1.000000000000,0.500000000000,0.630929753571
original_image_full_caption,recomputed_and_matched_E1,37,CAP-V2_008-TPL_03,V2_008,id,TPL_03,false,37,7,1,V2_008,0.338255554438,0.338255554438,0.005085259676,1.000000000000,1.000000000000,1.000000000000,1.000000000000
original_image_full_caption,recomputed_and_matched_E1,38,CAP-V2_008-TPL_04,V2_008,id,TPL_04,false,38,7,2,V2_003,0.332148998976,0.320120722055,-0.012028276920,0.000000000000,1.000000000000,0.500000000000,0.630929753571
original_image_full_caption,recomputed_and_matched_E1,39,CAP-V2_008-TPL_05,V2_008,id,TPL_05,false,39,7,1,V2_008,0.343335449696,0.343335449696,0.003791540861,1.000000000000,1.000000000000,1.000000000000,1.000000000000
original_image_full_caption,recomputed_and_matched_E1,40,CAP-V2_009-TPL_01,V2_009,id,TPL_01,true,40,8,2,V2_014,0.327716082335,0.327648013830,-0.000068068504,0.000000000000,1.000000000000,0.500000000000,0.630929753571
original_image_full_caption,recomputed_and_matched_E1,41,CAP-V2_009-TPL_02,V2_009,id,TPL_02,false,41,8,4,V2_024,0.309053540230,0.301213562489,-0.007839977741,0.000000000000,1.000000000000,0.250000000000,0.430676558073
original_image_full_caption,recomputed_and_matched_E1,42,CAP-V2_009-TPL_03,V2_009,id,TPL_03,false,42,8,5,V2_029,0.320004642010,0.288650065660,-0.031354576349,0.000000000000,1.000000000000,0.200000000000,0.386852807235
original_image_full_caption,recomputed_and_matched_E1,43,CAP-V2_009-TPL_04,V2_009,id,TPL_04,false,43,8,5,V2_014,0.290868729353,0.275208592415,-0.015660136938,0.000000000000,1.000000000000,0.200000000000,0.386852807235
original_image_full_caption,recomputed_and_matched_E1,44,CAP-V2_009-TPL_05,V2_009,id,TPL_05,false,44,8,2,V2_004,0.323832631111,0.314419895411,-0.009412735701,0.000000000000,1.000000000000,0.500000000000,0.630929753571
original_image_full_caption,recomputed_and_matched_E1,45,CAP-V2_010-TPL_01,V2_010,id,TPL_01,true,45,9,2,V2_015,0.364808261395,0.356067419052,-0.008740842342,0.000000000000,1.000000000000,0.500000000000,0.630929753571
original_image_full_caption,recomputed_and_matched_E1,46,CAP-V2_010-TPL_02,V2_010,id,TPL_02,false,46,9,3,V2_030,0.348973959684,0.297754168510,-0.051219791174,0.000000000000,1.000000000000,0.333333333333,0.500000000000
original_image_full_caption,recomputed_and_matched_E1,47,CAP-V2_010-TPL_03,V2_010,id,TPL_03,false,47,9,3,V2_030,0.367539405823,0.320458412170,-0.047080993652,0.000000000000,1.000000000000,0.333333333333,0.500000000000
original_image_full_caption,recomputed_and_matched_E1,48,CAP-V2_010-TPL_04,V2_010,id,TPL_04,false,48,9,4,V2_015,0.344141662121,0.310400247574,-0.033741414547,0.000000000000,1.000000000000,0.250000000000,0.430676558073
original_image_full_caption,recomputed_and_matched_E1,49,CAP-V2_010-TPL_05,V2_010,id,TPL_05,false,49,9,3,V2_015,0.360471218824,0.349414736032,-0.011056482792,0.000000000000,1.000000000000,0.333333333333,0.500000000000
original_image_full_caption,recomputed_and_matched_E1,50,CAP-V2_011-TPL_01,V2_011,id,TPL_01,true,50,10,1,V2_011,0.350548684597,0.350548684597,0.026128351688,1.000000000000,1.000000000000,1.000000000000,1.000000000000
original_image_full_caption,recomputed_and_matched_E1,51,CAP-V2_011-TPL_02,V2_011,id,TPL_02,false,51,10,1,V2_011,0.337546885014,0.337546885014,0.033066362143,1.000000000000,1.000000000000,1.000000000000,1.000000000000
original_image_full_caption,recomputed_and_matched_E1,52,CAP-V2_011-TPL_03,V2_011,id,TPL_03,false,52,10,1,V2_011,0.354579061270,0.354579061270,0.031059652567,1.000000000000,1.000000000000,1.000000000000,1.000000000000
original_image_full_caption,recomputed_and_matched_E1,53,CAP-V2_011-TPL_04,V2_011,id,TPL_04,false,53,10,1,V2_011,0.325653254986,0.325653254986,0.043064236641,1.000000000000,1.000000000000,1.000000000000,1.000000000000
original_image_full_caption,recomputed_and_matched_E1,54,CAP-V2_011-TPL_05,V2_011,id,TPL_05,false,54,10,1,V2_011,0.349715888500,0.349715888500,0.010214865208,1.000000000000,1.000000000000,1.000000000000,1.000000000000
original_image_full_caption,recomputed_and_matched_E1,55,CAP-V2_012-TPL_01,V2_012,id,TPL_01,true,55,11,1,V2_012,0.356498926878,0.356498926878,0.016168564558,1.000000000000,1.000000000000,1.000000000000,1.000000000000
original_image_full_caption,recomputed_and_matched_E1,56,CAP-V2_012-TPL_02,V2_012,id,TPL_02,false,56,11,1,V2_012,0.345361232758,0.345361232758,0.002610266209,1.000000000000,1.000000000000,1.000000000000,1.000000000000
original_image_full_caption,recomputed_and_matched_E1,57,CAP-V2_012-TPL_03,V2_012,id,TPL_03,false,57,11,1,V2_012,0.369493544102,0.369493544102,0.018173336983,1.000000000000,1.000000000000,1.000000000000,1.000000000000
original_image_full_caption,recomputed_and_matched_E1,58,CAP-V2_012-TPL_04,V2_012,id,TPL_04,false,58,11,1,V2_012,0.327219247818,0.327219247818,0.031091898680,1.000000000000,1.000000000000,1.000000000000,1.000000000000
original_image_full_caption,recomputed_and_matched_E1,59,CAP-V2_012-TPL_05,V2_012,id,TPL_05,false,59,11,1,V2_012,0.360399603844,0.360399603844,0.002860099077,1.000000000000,1.000000000000,1.000000000000,1.000000000000
original_image_full_caption,recomputed_and_matched_E1,60,CAP-V2_013-TPL_01,V2_013,id,TPL_01,true,60,12,2,V2_008,0.325291275978,0.324513047934,-0.000778228045,0.000000000000,1.000000000000,0.500000000000,0.630929753571
original_image_full_caption,recomputed_and_matched_E1,61,CAP-V2_013-TPL_02,V2_013,id,TPL_02,false,61,12,1,V2_013,0.321474015713,0.321474015713,0.005154252052,1.000000000000,1.000000000000,1.000000000000,1.000000000000
original_image_full_caption,recomputed_and_matched_E1,62,CAP-V2_013-TPL_03,V2_013,id,TPL_03,false,62,12,1,V2_013,0.344559222460,0.344559222460,0.011521250010,1.000000000000,1.000000000000,1.000000000000,1.000000000000
original_image_full_caption,recomputed_and_matched_E1,63,CAP-V2_013-TPL_04,V2_013,id,TPL_04,false,63,12,2,V2_011,0.315133661032,0.313130676746,-0.002002984285,0.000000000000,1.000000000000,0.500000000000,0.630929753571
original_image_full_caption,recomputed_and_matched_E1,64,CAP-V2_013-TPL_05,V2_013,id,TPL_05,false,64,12,3,V2_008,0.332093536854,0.316250234842,-0.015843302011,0.000000000000,1.000000000000,0.333333333333,0.500000000000
original_image_full_caption,recomputed_and_matched_E1,65,CAP-V2_014-TPL_01,V2_014,id,TPL_01,true,65,13,1,V2_014,0.332291722298,0.332291722298,0.034036993980,1.000000000000,1.000000000000,1.000000000000,1.000000000000
original_image_full_caption,recomputed_and_matched_E1,66,CAP-V2_014-TPL_02,V2_014,id,TPL_02,false,66,13,1,V2_014,0.311638295650,0.311638295650,0.007756561041,1.000000000000,1.000000000000,1.000000000000,1.000000000000
original_image_full_caption,recomputed_and_matched_E1,67,CAP-V2_014-TPL_03,V2_014,id,TPL_03,false,67,13,1,V2_014,0.326441347599,0.326441347599,0.004632830620,1.000000000000,1.000000000000,1.000000000000,1.000000000000
original_image_full_caption,recomputed_and_matched_E1,68,CAP-V2_014-TPL_04,V2_014,id,TPL_04,false,68,13,1,V2_014,0.299041241407,0.299041241407,0.002745360136,1.000000000000,1.000000000000,1.000000000000,1.000000000000
original_image_full_caption,recomputed_and_matched_E1,69,CAP-V2_014-TPL_05,V2_014,id,TPL_05,false,69,13,1,V2_014,0.323854058981,0.323854058981,0.001582920551,1.000000000000,1.000000000000,1.000000000000,1.000000000000
original_image_full_caption,recomputed_and_matched_E1,70,CAP-V2_015-TPL_01,V2_015,id,TPL_01,true,70,14,1,V2_015,0.372624814510,0.372624814510,0.034481525421,1.000000000000,1.000000000000,1.000000000000,1.000000000000
original_image_full_caption,recomputed_and_matched_E1,71,CAP-V2_015-TPL_02,V2_015,id,TPL_02,false,71,14,2,V2_030,0.343795388937,0.331156015396,-0.012639373541,0.000000000000,1.000000000000,0.500000000000,0.630929753571
original_image_full_caption,recomputed_and_matched_E1,72,CAP-V2_015-TPL_03,V2_015,id,TPL_03,false,72,14,1,V2_015,0.370235264301,0.370235264301,0.012270838022,1.000000000000,1.000000000000,1.000000000000,1.000000000000
original_image_full_caption,recomputed_and_matched_E1,73,CAP-V2_015-TPL_04,V2_015,id,TPL_04,false,73,14,1,V2_015,0.352536410093,0.352536410093,0.044704020023,1.000000000000,1.000000000000,1.000000000000,1.000000000000
original_image_full_caption,recomputed_and_matched_E1,74,CAP-V2_015-TPL_05,V2_015,id,TPL_05,false,74,14,1,V2_015,0.367949128151,0.367949128151,0.022467494011,1.000000000000,1.000000000000,1.000000000000,1.000000000000
original_image_full_caption,recomputed_and_matched_E1,75,CAP-V2_016-TPL_01,V2_016,id,TPL_01,true,75,15,4,V2_021,0.335978716612,0.324525922537,-0.011452794075,0.000000000000,1.000000000000,0.250000000000,0.430676558073
original_image_full_caption,recomputed_and_matched_E1,76,CAP-V2_016-TPL_02,V2_016,id,TPL_02,false,76,15,5,V2_026,0.311348915100,0.277773886919,-0.033575028181,0.000000000000,1.000000000000,0.200000000000,0.386852807235
original_image_full_caption,recomputed_and_matched_E1,77,CAP-V2_016-TPL_03,V2_016,id,TPL_03,false,77,15,2,V2_026,0.315488606691,0.288694918156,-0.026793688536,0.000000000000,1.000000000000,0.500000000000,0.630929753571
original_image_full_caption,recomputed_and_matched_E1,78,CAP-V2_016-TPL_04,V2_016,id,TPL_04,false,78,15,4,V2_021,0.300701200962,0.284233063459,-0.016468137503,0.000000000000,1.000000000000,0.250000000000,0.430676558073
original_image_full_caption,recomputed_and_matched_E1,79,CAP-V2_016-TPL_05,V2_016,id,TPL_05,false,79,15,3,V2_001,0.346705853939,0.331294685602,-0.015411168337,0.000000000000,1.000000000000,0.333333333333,0.500000000000
original_image_full_caption,recomputed_and_matched_E1,80,CAP-V2_017-TPL_01,V2_017,id,TPL_01,true,80,16,7,V2_002,0.336778998375,0.290414303541,-0.046364694834,0.000000000000,0.000000000000,0.142857142857,0.333333333333
original_image_full_caption,recomputed_and_matched_E1,81,CAP-V2_017-TPL_02,V2_017,id,TPL_02,false,81,16,6,V2_027,0.354624092579,0.290373623371,-0.064250469208,0.000000000000,0.000000000000,0.166666666667,0.356207187108
original_image_full_caption,recomputed_and_matched_E1,82,CAP-V2_017-TPL_03,V2_017,id,TPL_03,false,82,16,5,V2_027,0.334207594395,0.285001516342,-0.049206078053,0.000000000000,1.000000000000,0.200000000000,0.386852807235
original_image_full_caption,recomputed_and_matched_E1,83,CAP-V2_017-TPL_04,V2_017,id,TPL_04,false,83,16,5,V2_002,0.306776225567,0.261977314949,-0.044798910618,0.000000000000,1.000000000000,0.200000000000,0.386852807235
original_image_full_caption,recomputed_and_matched_E1,84,CAP-V2_017-TPL_05,V2_017,id,TPL_05,false,84,16,6,V2_002,0.360777109861,0.325643628836,-0.035133481026,0.000000000000,0.000000000000,0.166666666667,0.356207187108
original_image_full_caption,recomputed_and_matched_E1,85,CAP-V2_018-TPL_01,V2_018,id,TPL_01,true,85,17,6,V2_008,0.319983839989,0.293968379498,-0.026015460491,0.000000000000,0.000000000000,0.166666666667,0.356207187108
original_image_full_caption,recomputed_and_matched_E1,86,CAP-V2_018-TPL_02,V2_018,id,TPL_02,false,86,17,9,V2_028,0.328365147114,0.281979322433,-0.046385824680,0.000000000000,0.000000000000,0.111111111111,0.301029995664
original_image_full_caption,recomputed_and_matched_E1,87,CAP-V2_018-TPL_03,V2_018,id,TPL_03,false,87,17,3,V2_028,0.345979869366,0.312895715237,-0.033084154129,0.000000000000,1.000000000000,0.333333333333,0.500000000000
original_image_full_caption,recomputed_and_matched_E1,88,CAP-V2_018-TPL_04,V2_018,id,TPL_04,false,88,17,4,V2_003,0.316621363163,0.282093107700,-0.034528255463,0.000000000000,1.000000000000,0.250000000000,0.430676558073
original_image_full_caption,recomputed_and_matched_E1,89,CAP-V2_018-TPL_05,V2_018,id,TPL_05,false,89,17,4,V2_003,0.294234007597,0.288562655449,-0.005671352148,0.000000000000,1.000000000000,0.250000000000,0.430676558073
original_image_full_caption,recomputed_and_matched_E1,90,CAP-V2_019-TPL_01,V2_019,id,TPL_01,true,90,18,5,V2_024,0.309778332710,0.291442334652,-0.018335998058,0.000000000000,1.000000000000,0.200000000000,0.386852807235
original_image_full_caption,recomputed_and_matched_E1,91,CAP-V2_019-TPL_02,V2_019,id,TPL_02,false,91,18,3,V2_029,0.312480956316,0.286450386047,-0.026030570269,0.000000000000,1.000000000000,0.333333333333,0.500000000000
original_image_full_caption,recomputed_and_matched_E1,92,CAP-V2_019-TPL_03,V2_019,id,TPL_03,false,92,18,3,V2_029,0.299927651882,0.279316306114,-0.020611345768,0.000000000000,1.000000000000,0.333333333333,0.500000000000
original_image_full_caption,recomputed_and_matched_E1,93,CAP-V2_019-TPL_04,V2_019,id,TPL_04,false,93,18,5,V2_024,0.290411949158,0.260462224483,-0.029949724674,0.000000000000,1.000000000000,0.200000000000,0.386852807235
original_image_full_caption,recomputed_and_matched_E1,94,CAP-V2_019-TPL_05,V2_019,id,TPL_05,false,94,18,3,V2_004,0.330995619297,0.318153798580,-0.012841820717,0.000000000000,1.000000000000,0.333333333333,0.500000000000
original_image_full_caption,recomputed_and_matched_E1,95,CAP-V2_020-TPL_01,V2_020,id,TPL_01,true,95,19,3,V2_015,0.345522880554,0.329576432705,-0.015946447849,0.000000000000,1.000000000000,0.333333333333,0.500000000000
original_image_full_caption,recomputed_and_matched_E1,96,CAP-V2_020-TPL_02,V2_020,id,TPL_02,false,96,19,3,V2_030,0.348846048117,0.286718100309,-0.062127947807,0.000000000000,1.000000000000,0.333333333333,0.500000000000
original_image_full_caption,recomputed_and_matched_E1,97,CAP-V2_020-TPL_03,V2_020,id,TPL_03,false,97,19,2,V2_030,0.352408647537,0.315179169178,-0.037229478359,0.000000000000,1.000000000000,0.500000000000,0.630929753571
original_image_full_caption,recomputed_and_matched_E1,98,CAP-V2_020-TPL_04,V2_020,id,TPL_04,false,98,19,4,V2_015,0.316591680050,0.290501177311,-0.026090502739,0.000000000000,1.000000000000,0.250000000000,0.430676558073
original_image_full_caption,recomputed_and_matched_E1,99,CAP-V2_020-TPL_05,V2_020,id,TPL_05,false,99,19,4,V2_030,0.355220496655,0.339287191629,-0.015933305025,0.000000000000,1.000000000000,0.250000000000,0.430676558073
original_image_full_caption,recomputed_and_matched_E1,100,CAP-V2_021-TPL_01,V2_021,id,TPL_01,true,100,20,2,V2_011,0.354270160198,0.323116242886,-0.031153917313,0.000000000000,1.000000000000,0.500000000000,0.630929753571
original_image_full_caption,recomputed_and_matched_E1,101,CAP-V2_021-TPL_02,V2_021,id,TPL_02,false,101,20,3,V2_011,0.349363446236,0.304833531380,-0.044529914856,0.000000000000,1.000000000000,0.333333333333,0.500000000000
original_image_full_caption,recomputed_and_matched_E1,102,CAP-V2_021-TPL_03,V2_021,id,TPL_03,false,102,20,3,V2_011,0.342571735382,0.296901345253,-0.045670390129,0.000000000000,1.000000000000,0.333333333333,0.500000000000
original_image_full_caption,recomputed_and_matched_E1,103,CAP-V2_021-TPL_04,V2_021,id,TPL_04,false,103,20,2,V2_011,0.327257633209,0.312435507774,-0.014822125435,0.000000000000,1.000000000000,0.500000000000,0.630929753571
original_image_full_caption,recomputed_and_matched_E1,104,CAP-V2_021-TPL_05,V2_021,id,TPL_05,false,104,20,3,V2_011,0.337230145931,0.312213420868,-0.025016725063,0.000000000000,1.000000000000,0.333333333333,0.500000000000
original_image_full_caption,recomputed_and_matched_E1,105,CAP-V2_022-TPL_01,V2_022,id,TPL_01,true,105,21,2,V2_012,0.354504406452,0.321680843830,-0.032823562622,0.000000000000,1.000000000000,0.500000000000,0.630929753571
original_image_full_caption,recomputed_and_matched_E1,106,CAP-V2_022-TPL_02,V2_022,id,TPL_02,false,106,21,3,V2_012,0.355455875397,0.329736739397,-0.025719136000,0.000000000000,1.000000000000,0.333333333333,0.500000000000
original_image_full_caption,recomputed_and_matched_E1,107,CAP-V2_022-TPL_03,V2_022,id,TPL_03,false,107,21,4,V2_012,0.360224366188,0.314410686493,-0.045813679695,0.000000000000,1.000000000000,0.250000000000,0.430676558073
original_image_full_caption,recomputed_and_matched_E1,108,CAP-V2_022-TPL_04,V2_022,id,TPL_04,false,108,21,2,V2_012,0.330436885357,0.313490241766,-0.016946643591,0.000000000000,1.000000000000,0.500000000000,0.630929753571
original_image_full_caption,recomputed_and_matched_E1,109,CAP-V2_022-TPL_05,V2_022,id,TPL_05,false,109,21,2,V2_012,0.347913622856,0.338877499104,-0.009036123753,0.000000000000,1.000000000000,0.500000000000,0.630929753571
original_image_full_caption,recomputed_and_matched_E1,110,CAP-V2_023-TPL_01,V2_023,id,TPL_01,true,110,22,5,V2_013,0.319238334894,0.293048202991,-0.026190131903,0.000000000000,1.000000000000,0.200000000000,0.386852807235
original_image_full_caption,recomputed_and_matched_E1,111,CAP-V2_023-TPL_02,V2_023,id,TPL_02,false,111,22,11,V2_013,0.328103154898,0.283828705549,-0.044274449348,0.000000000000,0.000000000000,0.090909090909,0.000000000000
original_image_full_caption,recomputed_and_matched_E1,112,CAP-V2_023-TPL_03,V2_023,id,TPL_03,false,112,22,8,V2_013,0.335741132498,0.296395540237,-0.039345592260,0.000000000000,0.000000000000,0.125000000000,0.315464876786
original_image_full_caption,recomputed_and_matched_E1,113,CAP-V2_023-TPL_04,V2_023,id,TPL_04,false,113,22,6,V2_011,0.323067605495,0.290582895279,-0.032484710217,0.000000000000,0.000000000000,0.166666666667,0.356207187108
original_image_full_caption,recomputed_and_matched_E1,114,CAP-V2_023-TPL_05,V2_023,id,TPL_05,false,114,22,9,V2_013,0.302464365959,0.275182068348,-0.027282297611,0.000000000000,0.000000000000,0.111111111111,0.301029995664
original_image_full_caption,recomputed_and_matched_E1,115,CAP-V2_024-TPL_01,V2_024,id,TPL_01,true,115,23,2,V2_014,0.330292046070,0.305488646030,-0.024803400040,0.000000000000,1.000000000000,0.500000000000,0.630929753571
original_image_full_caption,recomputed_and_matched_E1,116,CAP-V2_024-TPL_02,V2_024,id,TPL_02,false,116,23,3,V2_014,0.328063189983,0.318769276142,-0.009293913841,0.000000000000,1.000000000000,0.333333333333,0.500000000000
original_image_full_caption,recomputed_and_matched_E1,117,CAP-V2_024-TPL_03,V2_024,id,TPL_03,false,117,23,3,V2_029,0.324563324451,0.301913797855,-0.022649526596,0.000000000000,1.000000000000,0.333333333333,0.500000000000
original_image_full_caption,recomputed_and_matched_E1,118,CAP-V2_024-TPL_04,V2_024,id,TPL_04,false,118,23,2,V2_014,0.307802528143,0.303630232811,-0.004172295332,0.000000000000,1.000000000000,0.500000000000,0.630929753571
original_image_full_caption,recomputed_and_matched_E1,119,CAP-V2_024-TPL_05,V2_024,id,TPL_05,false,119,23,3,V2_014,0.312786698341,0.301649898291,-0.011136800051,0.000000000000,1.000000000000,0.333333333333,0.500000000000
original_image_full_caption,recomputed_and_matched_E1,120,CAP-V2_025-TPL_01,V2_025,id,TPL_01,true,120,24,7,V2_015,0.371222943068,0.306915730238,-0.064307212830,0.000000000000,0.000000000000,0.142857142857,0.333333333333
original_image_full_caption,recomputed_and_matched_E1,121,CAP-V2_025-TPL_02,V2_025,id,TPL_02,false,121,24,8,V2_030,0.352176189423,0.271117746830,-0.081058442593,0.000000000000,0.000000000000,0.125000000000,0.315464876786
original_image_full_caption,recomputed_and_matched_E1,122,CAP-V2_025-TPL_03,V2_025,id,TPL_03,false,122,24,11,V2_015,0.371950745583,0.288065671921,-0.083885073662,0.000000000000,0.000000000000,0.090909090909,0.000000000000
original_image_full_caption,recomputed_and_matched_E1,123,CAP-V2_025-TPL_04,V2_025,id,TPL_04,false,123,24,12,V2_015,0.355381131172,0.275897473097,-0.079483658075,0.000000000000,0.000000000000,0.083333333333,0.000000000000
original_image_full_caption,recomputed_and_matched_E1,124,CAP-V2_025-TPL_05,V2_025,id,TPL_05,false,124,24,7,V2_015,0.366084873676,0.307129114866,-0.058955758810,0.000000000000,0.000000000000,0.142857142857,0.333333333333
original_image_full_caption,recomputed_and_matched_E1,125,CAP-V2_026-TPL_01,V2_026,id,TPL_01,true,125,25,6,V2_011,0.360426574945,0.313869118690,-0.046557456255,0.000000000000,0.000000000000,0.166666666667,0.356207187108
original_image_full_caption,recomputed_and_matched_E1,126,CAP-V2_026-TPL_02,V2_026,id,TPL_02,false,126,25,2,V2_011,0.348522007465,0.325974583626,-0.022547423840,0.000000000000,1.000000000000,0.500000000000,0.630929753571
original_image_full_caption,recomputed_and_matched_E1,127,CAP-V2_026-TPL_03,V2_026,id,TPL_03,false,127,25,2,V2_011,0.355250179768,0.331913232803,-0.023336946964,0.000000000000,1.000000000000,0.500000000000,0.630929753571
original_image_full_caption,recomputed_and_matched_E1,128,CAP-V2_026-TPL_04,V2_026,id,TPL_04,false,128,25,5,V2_011,0.335766434669,0.295601487160,-0.040164947510,0.000000000000,1.000000000000,0.200000000000,0.386852807235
original_image_full_caption,recomputed_and_matched_E1,129,CAP-V2_026-TPL_05,V2_026,id,TPL_05,false,129,25,6,V2_011,0.351489961147,0.317077815533,-0.034412145615,0.000000000000,0.000000000000,0.166666666667,0.356207187108
original_image_full_caption,recomputed_and_matched_E1,130,CAP-V2_027-TPL_01,V2_027,id,TPL_01,true,130,26,4,V2_012,0.361993491650,0.336844861507,-0.025148630142,0.000000000000,1.000000000000,0.250000000000,0.430676558073
original_image_full_caption,recomputed_and_matched_E1,131,CAP-V2_027-TPL_02,V2_027,id,TPL_02,false,131,26,1,V2_027,0.357550412416,0.357550412416,0.001647382975,1.000000000000,1.000000000000,1.000000000000,1.000000000000
original_image_full_caption,recomputed_and_matched_E1,132,CAP-V2_027-TPL_03,V2_027,id,TPL_03,false,132,26,2,V2_012,0.367989063263,0.353212177753,-0.014776885509,0.000000000000,1.000000000000,0.500000000000,0.630929753571
original_image_full_caption,recomputed_and_matched_E1,133,CAP-V2_027-TPL_04,V2_027,id,TPL_04,false,133,26,4,V2_012,0.332227557898,0.308808267117,-0.023419290781,0.000000000000,1.000000000000,0.250000000000,0.430676558073
original_image_full_caption,recomputed_and_matched_E1,134,CAP-V2_027-TPL_05,V2_027,id,TPL_05,false,134,26,4,V2_002,0.356552660465,0.349425852299,-0.007126808167,0.000000000000,1.000000000000,0.250000000000,0.430676558073
original_image_full_caption,recomputed_and_matched_E1,135,CAP-V2_028-TPL_01,V2_028,id,TPL_01,true,135,27,6,V2_008,0.341347217560,0.302243560553,-0.039103657007,0.000000000000,0.000000000000,0.166666666667,0.356207187108
original_image_full_caption,recomputed_and_matched_E1,136,CAP-V2_028-TPL_02,V2_028,id,TPL_02,false,136,27,2,V2_013,0.323331296444,0.322883933783,-0.000447362661,0.000000000000,1.000000000000,0.500000000000,0.630929753571
original_image_full_caption,recomputed_and_matched_E1,137,CAP-V2_028-TPL_03,V2_028,id,TPL_03,false,137,27,3,V2_008,0.327989131212,0.319381833076,-0.008607298136,0.000000000000,1.000000000000,0.333333333333,0.500000000000
original_image_full_caption,recomputed_and_matched_E1,138,CAP-V2_028-TPL_04,V2_028,id,TPL_04,false,138,27,5,V2_003,0.314621061087,0.294721841812,-0.019899219275,0.000000000000,1.000000000000,0.200000000000,0.386852807235
original_image_full_caption,recomputed_and_matched_E1,139,CAP-V2_028-TPL_05,V2_028,id,TPL_05,false,139,27,6,V2_008,0.337417125702,0.298731565475,-0.038685560226,0.000000000000,0.000000000000,0.166666666667,0.356207187108
original_image_full_caption,recomputed_and_matched_E1,140,CAP-V2_029-TPL_01,V2_029,id,TPL_01,true,140,28,5,V2_014,0.337061107159,0.298220574856,-0.038840532303,0.000000000000,1.000000000000,0.200000000000,0.386852807235
original_image_full_caption,recomputed_and_matched_E1,141,CAP-V2_029-TPL_02,V2_029,id,TPL_02,false,141,28,3,V2_014,0.322638899088,0.320755451918,-0.001883447170,0.000000000000,1.000000000000,0.333333333333,0.500000000000
original_image_full_caption,recomputed_and_matched_E1,142,CAP-V2_029-TPL_03,V2_029,id,TPL_03,false,142,28,2,V2_014,0.321941077709,0.319650113583,-0.002290964127,0.000000000000,1.000000000000,0.500000000000,0.630929753571
original_image_full_caption,recomputed_and_matched_E1,143,CAP-V2_029-TPL_04,V2_029,id,TPL_04,false,143,28,3,V2_024,0.307310521603,0.288745760918,-0.018564760685,0.000000000000,1.000000000000,0.333333333333,0.500000000000
original_image_full_caption,recomputed_and_matched_E1,144,CAP-V2_029-TPL_05,V2_029,id,TPL_05,false,144,28,5,V2_014,0.323967605829,0.303835928440,-0.020131677389,0.000000000000,1.000000000000,0.200000000000,0.386852807235
original_image_full_caption,recomputed_and_matched_E1,145,CAP-V2_030-TPL_01,V2_030,id,TPL_01,true,145,29,4,V2_015,0.370210528374,0.331316292286,-0.038894236088,0.000000000000,1.000000000000,0.250000000000,0.430676558073
original_image_full_caption,recomputed_and_matched_E1,146,CAP-V2_030-TPL_02,V2_030,id,TPL_02,false,146,29,1,V2_030,0.353377431631,0.353377431631,0.011788398027,1.000000000000,1.000000000000,1.000000000000,1.000000000000
original_image_full_caption,recomputed_and_matched_E1,147,CAP-V2_030-TPL_03,V2_030,id,TPL_03,false,147,29,2,V2_015,0.362783372402,0.360409796238,-0.002373576164,0.000000000000,1.000000000000,0.500000000000,0.630929753571
original_image_full_caption,recomputed_and_matched_E1,148,CAP-V2_030-TPL_04,V2_030,id,TPL_04,false,148,29,2,V2_015,0.355047523975,0.325155436993,-0.029892086983,0.000000000000,1.000000000000,0.500000000000,0.630929753571
original_image_full_caption,recomputed_and_matched_E1,149,CAP-V2_030-TPL_05,V2_030,id,TPL_05,false,149,29,2,V2_015,0.369727909565,0.351510018110,-0.018217891455,0.000000000000,1.000000000000,0.500000000000,0.630929753571
original_image_full_caption,recomputed_and_matched_E1,150,CAP-V2_031-TPL_01,V2_031,ood_palette,TPL_01,true,150,30,1,V2_031,0.352500736713,0.352500736713,0.005060493946,1.000000000000,1.000000000000,1.000000000000,1.000000000000
original_image_full_caption,recomputed_and_matched_E1,151,CAP-V2_031-TPL_02,V2_031,ood_palette,TPL_02,false,151,30,3,V2_041,0.366688668728,0.313924223185,-0.052764445543,0.000000000000,1.000000000000,0.333333333333,0.500000000000
original_image_full_caption,recomputed_and_matched_E1,152,CAP-V2_031-TPL_03,V2_031,ood_palette,TPL_03,false,152,30,3,V2_041,0.369120180607,0.322127074003,-0.046993106604,0.000000000000,1.000000000000,0.333333333333,0.500000000000
original_image_full_caption,recomputed_and_matched_E1,153,CAP-V2_031-TPL_04,V2_031,ood_palette,TPL_04,false,153,30,2,V2_041,0.324682414532,0.315522611141,-0.009159803391,0.000000000000,1.000000000000,0.500000000000,0.630929753571
original_image_full_caption,recomputed_and_matched_E1,154,CAP-V2_031-TPL_05,V2_031,ood_palette,TPL_05,false,154,30,2,V2_041,0.347248554230,0.346539080143,-0.000709474087,0.000000000000,1.000000000000,0.500000000000,0.630929753571
original_image_full_caption,recomputed_and_matched_E1,155,CAP-V2_032-TPL_01,V2_032,ood_palette,TPL_01,true,155,31,3,V2_036,0.349349915981,0.333097934723,-0.016251981258,0.000000000000,1.000000000000,0.333333333333,0.500000000000
original_image_full_caption,recomputed_and_matched_E1,156,CAP-V2_032-TPL_02,V2_032,ood_palette,TPL_02,false,156,31,3,V2_042,0.341613620520,0.312468916178,-0.029144704342,0.000000000000,1.000000000000,0.333333333333,0.500000000000
original_image_full_caption,recomputed_and_matched_E1,157,CAP-V2_032-TPL_03,V2_032,ood_palette,TPL_03,false,157,31,5,V2_042,0.341000437737,0.309667587280,-0.031332850456,0.000000000000,1.000000000000,0.200000000000,0.386852807235
original_image_full_caption,recomputed_and_matched_E1,158,CAP-V2_032-TPL_04,V2_032,ood_palette,TPL_04,false,158,31,3,V2_036,0.326043158770,0.303941786289,-0.022101372480,0.000000000000,1.000000000000,0.333333333333,0.500000000000
original_image_full_caption,recomputed_and_matched_E1,159,CAP-V2_032-TPL_05,V2_032,ood_palette,TPL_05,false,159,31,1,V2_032,0.336154401302,0.336154401302,0.003912299871,1.000000000000,1.000000000000,1.000000000000,1.000000000000
original_image_full_caption,recomputed_and_matched_E1,160,CAP-V2_033-TPL_01,V2_033,ood_palette,TPL_01,true,160,32,3,V2_031,0.353331178427,0.347010642290,-0.006320536137,0.000000000000,1.000000000000,0.333333333333,0.500000000000
original_image_full_caption,recomputed_and_matched_E1,161,CAP-V2_033-TPL_02,V2_033,ood_palette,TPL_02,false,161,32,4,V2_041,0.372222423553,0.309820771217,-0.062401652336,0.000000000000,1.000000000000,0.250000000000,0.430676558073
original_image_full_caption,recomputed_and_matched_E1,162,CAP-V2_033-TPL_03,V2_033,ood_palette,TPL_03,false,162,32,4,V2_041,0.377515643835,0.321350991726,-0.056164652109,0.000000000000,1.000000000000,0.250000000000,0.430676558073
original_image_full_caption,recomputed_and_matched_E1,163,CAP-V2_033-TPL_04,V2_033,ood_palette,TPL_04,false,163,32,4,V2_041,0.329327136278,0.296317398548,-0.033009737730,0.000000000000,1.000000000000,0.250000000000,0.430676558073
original_image_full_caption,recomputed_and_matched_E1,164,CAP-V2_033-TPL_05,V2_033,ood_palette,TPL_05,false,164,32,4,V2_041,0.351130217314,0.335258036852,-0.015872180462,0.000000000000,1.000000000000,0.250000000000,0.430676558073
original_image_full_caption,recomputed_and_matched_E1,165,CAP-V2_034-TPL_01,V2_034,ood_palette,TPL_01,true,165,33,2,V2_036,0.353521168232,0.350516974926,-0.003004193306,0.000000000000,1.000000000000,0.500000000000,0.630929753571
original_image_full_caption,recomputed_and_matched_E1,166,CAP-V2_034-TPL_02,V2_034,ood_palette,TPL_02,false,166,33,3,V2_036,0.350864529610,0.317524164915,-0.033340364695,0.000000000000,1.000000000000,0.333333333333,0.500000000000
original_image_full_caption,recomputed_and_matched_E1,167,CAP-V2_034-TPL_03,V2_034,ood_palette,TPL_03,false,167,33,3,V2_036,0.356986343861,0.330307781696,-0.026678562164,0.000000000000,1.000000000000,0.333333333333,0.500000000000
original_image_full_caption,recomputed_and_matched_E1,168,CAP-V2_034-TPL_04,V2_034,ood_palette,TPL_04,false,168,33,3,V2_036,0.334160268307,0.307822346687,-0.026337921619,0.000000000000,1.000000000000,0.333333333333,0.500000000000
original_image_full_caption,recomputed_and_matched_E1,169,CAP-V2_034-TPL_05,V2_034,ood_palette,TPL_05,false,169,33,1,V2_034,0.347847789526,0.347847789526,0.002197593451,1.000000000000,1.000000000000,1.000000000000,1.000000000000
original_image_full_caption,recomputed_and_matched_E1,170,CAP-V2_035-TPL_01,V2_035,ood_palette,TPL_01,true,170,34,1,V2_035,0.351087689400,0.351087689400,0.018626302481,1.000000000000,1.000000000000,1.000000000000,1.000000000000
original_image_full_caption,recomputed_and_matched_E1,171,CAP-V2_035-TPL_02,V2_035,ood_palette,TPL_02,false,171,34,2,V2_041,0.353783249855,0.338697671890,-0.015085577965,0.000000000000,1.000000000000,0.500000000000,0.630929753571
original_image_full_caption,recomputed_and_matched_E1,172,CAP-V2_035-TPL_03,V2_035,ood_palette,TPL_03,false,172,34,2,V2_041,0.376228004694,0.367917120457,-0.008310884237,0.000000000000,1.000000000000,0.500000000000,0.630929753571
original_image_full_caption,recomputed_and_matched_E1,173,CAP-V2_035-TPL_04,V2_035,ood_palette,TPL_04,false,173,34,1,V2_035,0.338802844286,0.338802844286,0.031589657068,1.000000000000,1.000000000000,1.000000000000,1.000000000000
original_image_full_caption,recomputed_and_matched_E1,174,CAP-V2_035-TPL_05,V2_035,ood_palette,TPL_05,false,174,34,1,V2_035,0.352111101151,0.352111101151,0.005886137486,1.000000000000,1.000000000000,1.000000000000,1.000000000000
original_image_full_caption,recomputed_and_matched_E1,175,CAP-V2_036-TPL_01,V2_036,ood_palette,TPL_01,true,175,35,1,V2_036,0.351180762053,0.351180762053,0.027249693871,1.000000000000,1.000000000000,1.000000000000,1.000000000000
original_image_full_caption,recomputed_and_matched_E1,176,CAP-V2_036-TPL_02,V2_036,ood_palette,TPL_02,false,176,35,1,V2_036,0.351599216461,0.351599216461,0.018219858408,1.000000000000,1.000000000000,1.000000000000,1.000000000000
original_image_full_caption,recomputed_and_matched_E1,177,CAP-V2_036-TPL_03,V2_036,ood_palette,TPL_03,false,177,35,1,V2_036,0.362075030804,0.362075030804,0.015296638012,1.000000000000,1.000000000000,1.000000000000,1.000000000000
original_image_full_caption,recomputed_and_matched_E1,178,CAP-V2_036-TPL_04,V2_036,ood_palette,TPL_04,false,178,35,1,V2_036,0.335924863815,0.335924863815,0.035359382629,1.000000000000,1.000000000000,1.000000000000,1.000000000000
original_image_full_caption,recomputed_and_matched_E1,179,CAP-V2_036-TPL_05,V2_036,ood_palette,TPL_05,false,179,35,1,V2_036,0.355198025703,0.355198025703,0.009992897511,1.000000000000,1.000000000000,1.000000000000,1.000000000000
original_image_full_caption,recomputed_and_matched_E1,180,CAP-V2_037-TPL_01,V2_037,ood_palette,TPL_01,true,180,36,5,V2_041,0.339449077845,0.320379942656,-0.019069135189,0.000000000000,1.000000000000,0.200000000000,0.386852807235
original_image_full_caption,recomputed_and_matched_E1,181,CAP-V2_037-TPL_02,V2_037,ood_palette,TPL_02,false,181,36,3,V2_041,0.362483918667,0.309127748013,-0.053356170654,0.000000000000,1.000000000000,0.333333333333,0.500000000000
original_image_full_caption,recomputed_and_matched_E1,182,CAP-V2_037-TPL_03,V2_037,ood_palette,TPL_03,false,182,36,2,V2_041,0.358077526093,0.313817858696,-0.044259667397,0.000000000000,1.000000000000,0.500000000000,0.630929753571
original_image_full_caption,recomputed_and_matched_E1,183,CAP-V2_037-TPL_04,V2_037,ood_palette,TPL_04,false,183,36,4,V2_041,0.315348029137,0.293515056372,-0.021832972765,0.000000000000,1.000000000000,0.250000000000,0.430676558073
original_image_full_caption,recomputed_and_matched_E1,184,CAP-V2_037-TPL_05,V2_037,ood_palette,TPL_05,false,184,36,4,V2_041,0.343853294849,0.331255078316,-0.012598216534,0.000000000000,1.000000000000,0.250000000000,0.430676558073
original_image_full_caption,recomputed_and_matched_E1,185,CAP-V2_038-TPL_01,V2_038,ood_palette,TPL_01,true,185,37,6,V2_036,0.342315256596,0.315116167068,-0.027199089527,0.000000000000,0.000000000000,0.166666666667,0.356207187108
original_image_full_caption,recomputed_and_matched_E1,186,CAP-V2_038-TPL_02,V2_038,ood_palette,TPL_02,false,186,37,4,V2_042,0.339255213737,0.298462390900,-0.040792822838,0.000000000000,1.000000000000,0.250000000000,0.430676558073
original_image_full_caption,recomputed_and_matched_E1,187,CAP-V2_038-TPL_03,V2_038,ood_palette,TPL_03,false,187,37,3,V2_042,0.339950144291,0.311317265034,-0.028632879257,0.000000000000,1.000000000000,0.333333333333,0.500000000000
original_image_full_caption,recomputed_and_matched_E1,188,CAP-V2_038-TPL_04,V2_038,ood_palette,TPL_04,false,188,37,5,V2_036,0.308556914330,0.281057089567,-0.027499824762,0.000000000000,1.000000000000,0.200000000000,0.386852807235
original_image_full_caption,recomputed_and_matched_E1,189,CAP-V2_038-TPL_05,V2_038,ood_palette,TPL_05,false,189,37,3,V2_036,0.345556497574,0.334989130497,-0.010567367077,0.000000000000,1.000000000000,0.333333333333,0.500000000000
original_image_full_caption,recomputed_and_matched_E1,190,CAP-V2_039-TPL_01,V2_039,ood_palette,TPL_01,true,190,38,5,V2_035,0.345578730106,0.307702660561,-0.037876069546,0.000000000000,1.000000000000,0.200000000000,0.386852807235
original_image_full_caption,recomputed_and_matched_E1,191,CAP-V2_039-TPL_02,V2_039,ood_palette,TPL_02,false,191,38,6,V2_041,0.367114096880,0.299812614918,-0.067301481962,0.000000000000,0.000000000000,0.166666666667,0.356207187108
original_image_full_caption,recomputed_and_matched_E1,192,CAP-V2_039-TPL_03,V2_039,ood_palette,TPL_03,false,192,38,6,V2_041,0.349497139454,0.286398410797,-0.063098728657,0.000000000000,0.000000000000,0.166666666667,0.356207187108
original_image_full_caption,recomputed_and_matched_E1,193,CAP-V2_039-TPL_04,V2_039,ood_palette,TPL_04,false,193,38,4,V2_035,0.327196180820,0.290974676609,-0.036221504211,0.000000000000,1.000000000000,0.250000000000,0.430676558073
original_image_full_caption,recomputed_and_matched_E1,194,CAP-V2_039-TPL_05,V2_039,ood_palette,TPL_05,false,194,38,6,V2_041,0.332142233849,0.296096175909,-0.036046057940,0.000000000000,0.000000000000,0.166666666667,0.356207187108
original_image_full_caption,recomputed_and_matched_E1,195,CAP-V2_040-TPL_01,V2_040,ood_palette,TPL_01,true,195,39,4,V2_036,0.356099307537,0.310455888510,-0.045643419027,0.000000000000,1.000000000000,0.250000000000,0.430676558073
original_image_full_caption,recomputed_and_matched_E1,196,CAP-V2_040-TPL_02,V2_040,ood_palette,TPL_02,false,196,39,4,V2_036,0.363233685493,0.298334956169,-0.064898729324,0.000000000000,1.000000000000,0.250000000000,0.430676558073
original_image_full_caption,recomputed_and_matched_E1,197,CAP-V2_040-TPL_03,V2_040,ood_palette,TPL_03,false,197,39,4,V2_036,0.357087343931,0.304597675800,-0.052489668131,0.000000000000,1.000000000000,0.250000000000,0.430676558073
original_image_full_caption,recomputed_and_matched_E1,198,CAP-V2_040-TPL_04,V2_040,ood_palette,TPL_04,false,198,39,2,V2_036,0.333421915770,0.296266466379,-0.037155449390,0.000000000000,1.000000000000,0.500000000000,0.630929753571
original_image_full_caption,recomputed_and_matched_E1,199,CAP-V2_040-TPL_05,V2_040,ood_palette,TPL_05,false,199,39,4,V2_036,0.339996039867,0.305287539959,-0.034708499908,0.000000000000,1.000000000000,0.250000000000,0.430676558073
original_image_full_caption,recomputed_and_matched_E1,200,CAP-V2_041-TPL_01,V2_041,ood_palette,TPL_01,true,200,40,3,V2_035,0.346905827522,0.343252420425,-0.003653407097,0.000000000000,1.000000000000,0.333333333333,0.500000000000
original_image_full_caption,recomputed_and_matched_E1,201,CAP-V2_041-TPL_02,V2_041,ood_palette,TPL_02,false,201,40,1,V2_041,0.371758401394,0.371758401394,0.027093648911,1.000000000000,1.000000000000,1.000000000000,1.000000000000
original_image_full_caption,recomputed_and_matched_E1,202,CAP-V2_041-TPL_03,V2_041,ood_palette,TPL_03,false,202,40,1,V2_041,0.369208812714,0.369208812714,0.021586954594,1.000000000000,1.000000000000,1.000000000000,1.000000000000
original_image_full_caption,recomputed_and_matched_E1,203,CAP-V2_041-TPL_04,V2_041,ood_palette,TPL_04,false,203,40,2,V2_035,0.329245865345,0.327511787415,-0.001734077930,0.000000000000,1.000000000000,0.500000000000,0.630929753571
original_image_full_caption,recomputed_and_matched_E1,204,CAP-V2_041-TPL_05,V2_041,ood_palette,TPL_05,false,204,40,1,V2_041,0.351655900478,0.351655900478,0.005329132080,1.000000000000,1.000000000000,1.000000000000,1.000000000000
original_image_full_caption,recomputed_and_matched_E1,205,CAP-V2_042-TPL_01,V2_042,ood_palette,TPL_01,true,205,41,5,V2_036,0.355659663677,0.314505934715,-0.041153728962,0.000000000000,1.000000000000,0.200000000000,0.386852807235
original_image_full_caption,recomputed_and_matched_E1,206,CAP-V2_042-TPL_02,V2_042,ood_palette,TPL_02,false,206,41,2,V2_036,0.360900402069,0.337407648563,-0.023492753506,0.000000000000,1.000000000000,0.500000000000,0.630929753571
original_image_full_caption,recomputed_and_matched_E1,207,CAP-V2_042-TPL_03,V2_042,ood_palette,TPL_03,false,207,41,2,V2_036,0.358615159988,0.332669854164,-0.025945305824,0.000000000000,1.000000000000,0.500000000000,0.630929753571
original_image_full_caption,recomputed_and_matched_E1,208,CAP-V2_042-TPL_04,V2_042,ood_palette,TPL_04,false,208,41,2,V2_036,0.331621140242,0.298596739769,-0.033024400473,0.000000000000,1.000000000000,0.500000000000,0.630929753571
original_image_full_caption,recomputed_and_matched_E1,209,CAP-V2_042-TPL_05,V2_042,ood_palette,TPL_05,false,209,41,5,V2_036,0.352751404047,0.321452260017,-0.031299144030,0.000000000000,1.000000000000,0.200000000000,0.386852807235
original_image_full_caption,recomputed_and_matched_E1,210,CAP-V2_043-TPL_01,V2_043,ood_pattern,TPL_01,true,210,42,4,V2_011,0.357759714127,0.328270047903,-0.029489666224,0.000000000000,1.000000000000,0.250000000000,0.430676558073
original_image_full_caption,recomputed_and_matched_E1,211,CAP-V2_043-TPL_02,V2_043,ood_pattern,TPL_02,false,211,42,8,V2_011,0.323221743107,0.246839091182,-0.076382651925,0.000000000000,0.000000000000,0.125000000000,0.315464876786
original_image_full_caption,recomputed_and_matched_E1,212,CAP-V2_043-TPL_03,V2_043,ood_pattern,TPL_03,false,212,42,6,V2_026,0.328722029924,0.286456823349,-0.042265206575,0.000000000000,0.000000000000,0.166666666667,0.356207187108
original_image_full_caption,recomputed_and_matched_E1,213,CAP-V2_043-TPL_04,V2_043,ood_pattern,TPL_04,false,213,42,7,V2_011,0.322847068310,0.272754013538,-0.050093054771,0.000000000000,0.000000000000,0.142857142857,0.333333333333
original_image_full_caption,recomputed_and_matched_E1,214,CAP-V2_043-TPL_05,V2_043,ood_pattern,TPL_05,false,214,42,4,V2_011,0.345599234104,0.316234946251,-0.029364287853,0.000000000000,1.000000000000,0.250000000000,0.430676558073
original_image_full_caption,recomputed_and_matched_E1,215,CAP-V2_044-TPL_01,V2_044,ood_pattern,TPL_01,true,215,43,5,V2_012,0.365888476372,0.308489412069,-0.057399064302,0.000000000000,1.000000000000,0.200000000000,0.386852807235
original_image_full_caption,recomputed_and_matched_E1,216,CAP-V2_044-TPL_02,V2_044,ood_pattern,TPL_02,false,216,43,9,V2_027,0.341442465782,0.262841343880,-0.078601121902,0.000000000000,0.000000000000,0.111111111111,0.301029995664
original_image_full_caption,recomputed_and_matched_E1,217,CAP-V2_044-TPL_03,V2_044,ood_pattern,TPL_03,false,217,43,7,V2_012,0.360682457685,0.286174356937,-0.074508100748,0.000000000000,0.000000000000,0.142857142857,0.333333333333
original_image_full_caption,recomputed_and_matched_E1,218,CAP-V2_044-TPL_04,V2_044,ood_pattern,TPL_04,false,218,43,9,V2_002,0.326130360365,0.253640323877,-0.072490036488,0.000000000000,0.000000000000,0.111111111111,0.301029995664
original_image_full_caption,recomputed_and_matched_E1,219,CAP-V2_044-TPL_05,V2_044,ood_pattern,TPL_05,false,219,43,6,V2_012,0.359877884388,0.323930650949,-0.035947233438,0.000000000000,0.000000000000,0.166666666667,0.356207187108
original_image_full_caption,recomputed_and_matched_E1,220,CAP-V2_045-TPL_01,V2_045,ood_pattern,TPL_01,true,220,44,8,V2_008,0.349639713764,0.293083339930,-0.056556373835,0.000000000000,0.000000000000,0.125000000000,0.315464876786
original_image_full_caption,recomputed_and_matched_E1,221,CAP-V2_045-TPL_02,V2_045,ood_pattern,TPL_02,false,221,44,19,V2_013,0.307372301817,0.232400327921,-0.074971973896,0.000000000000,0.000000000000,0.052631578947,0.000000000000
original_image_full_caption,recomputed_and_matched_E1,222,CAP-V2_045-TPL_03,V2_045,ood_pattern,TPL_03,false,222,44,11,V2_028,0.338535428047,0.280418783426,-0.058116644621,0.000000000000,0.000000000000,0.090909090909,0.000000000000
original_image_full_caption,recomputed_and_matched_E1,223,CAP-V2_045-TPL_04,V2_045,ood_pattern,TPL_04,false,223,44,20,V2_003,0.331811785698,0.253977090120,-0.077834695578,0.000000000000,0.000000000000,0.050000000000,0.000000000000
original_image_full_caption,recomputed_and_matched_E1,224,CAP-V2_045-TPL_05,V2_045,ood_pattern,TPL_05,false,224,44,9,V2_008,0.299260258675,0.275814324617,-0.023445934057,0.000000000000,0.000000000000,0.111111111111,0.301029995664
original_image_full_caption,recomputed_and_matched_E1,225,CAP-V2_046-TPL_01,V2_046,ood_pattern,TPL_01,true,225,45,4,V2_014,0.333062827587,0.287164688110,-0.045898139477,0.000000000000,1.000000000000,0.250000000000,0.430676558073
original_image_full_caption,recomputed_and_matched_E1,226,CAP-V2_046-TPL_02,V2_046,ood_pattern,TPL_02,false,226,45,11,V2_014,0.299109786749,0.226365387440,-0.072744399309,0.000000000000,0.000000000000,0.090909090909,0.000000000000
original_image_full_caption,recomputed_and_matched_E1,227,CAP-V2_046-TPL_03,V2_046,ood_pattern,TPL_03,false,227,45,7,V2_029,0.315291643143,0.257575958967,-0.057715684175,0.000000000000,0.000000000000,0.142857142857,0.333333333333
original_image_full_caption,recomputed_and_matched_E1,228,CAP-V2_046-TPL_04,V2_046,ood_pattern,TPL_04,false,228,45,7,V2_004,0.297280907631,0.236629560590,-0.060651347041,0.000000000000,0.000000000000,0.142857142857,0.333333333333
original_image_full_caption,recomputed_and_matched_E1,229,CAP-V2_046-TPL_05,V2_046,ood_pattern,TPL_05,false,229,45,6,V2_004,0.321195483208,0.293294966221,-0.027900516987,0.000000000000,0.000000000000,0.166666666667,0.356207187108
original_image_full_caption,recomputed_and_matched_E1,230,CAP-V2_047-TPL_01,V2_047,ood_pattern,TPL_01,true,230,46,10,V2_015,0.367198765278,0.303817003965,-0.063381761312,0.000000000000,0.000000000000,0.100000000000,0.289064826318
original_image_full_caption,recomputed_and_matched_E1,231,CAP-V2_047-TPL_02,V2_047,ood_pattern,TPL_02,false,231,46,12,V2_030,0.339366465807,0.245536535978,-0.093829929829,0.000000000000,0.000000000000,0.083333333333,0.000000000000
original_image_full_caption,recomputed_and_matched_E1,232,CAP-V2_047-TPL_03,V2_047,ood_pattern,TPL_03,false,232,46,10,V2_030,0.364696472883,0.276385128498,-0.088311344385,0.000000000000,0.000000000000,0.100000000000,0.289064826318
original_image_full_caption,recomputed_and_matched_E1,233,CAP-V2_047-TPL_04,V2_047,ood_pattern,TPL_04,false,233,46,24,V2_015,0.342188954353,0.244435533881,-0.097753420472,0.000000000000,0.000000000000,0.041666666667,0.000000000000
original_image_full_caption,recomputed_and_matched_E1,234,CAP-V2_047-TPL_05,V2_047,ood_pattern,TPL_05,false,234,46,8,V2_015,0.364931881428,0.306630373001,-0.058301508427,0.000000000000,0.000000000000,0.125000000000,0.315464876786
original_image_full_caption,recomputed_and_matched_E1,235,CAP-V2_048-TPL_01,V2_048,ood_pattern,TPL_01,true,235,47,2,V2_011,0.330225765705,0.329175859690,-0.001049906015,0.000000000000,1.000000000000,0.500000000000,0.630929753571
original_image_full_caption,recomputed_and_matched_E1,236,CAP-V2_048-TPL_02,V2_048,ood_pattern,TPL_02,false,236,47,2,V2_011,0.313584983349,0.295366942883,-0.018218040466,0.000000000000,1.000000000000,0.500000000000,0.630929753571
original_image_full_caption,recomputed_and_matched_E1,237,CAP-V2_048-TPL_03,V2_048,ood_pattern,TPL_03,false,237,47,2,V2_011,0.311166107655,0.300570070744,-0.010596036911,0.000000000000,1.000000000000,0.500000000000,0.630929753571
original_image_full_caption,recomputed_and_matched_E1,238,CAP-V2_048-TPL_04,V2_048,ood_pattern,TPL_04,false,238,47,3,V2_021,0.296505868435,0.277583390474,-0.018922477961,0.000000000000,1.000000000000,0.333333333333,0.500000000000
original_image_full_caption,recomputed_and_matched_E1,239,CAP-V2_048-TPL_05,V2_048,ood_pattern,TPL_05,false,239,47,2,V2_011,0.314576089382,0.304516315460,-0.010059773922,0.000000000000,1.000000000000,0.500000000000,0.630929753571
original_image_full_caption,recomputed_and_matched_E1,240,CAP-V2_049-TPL_01,V2_049,ood_pattern,TPL_01,true,240,48,1,V2_049,0.354372024536,0.354372024536,0.020501375198,1.000000000000,1.000000000000,1.000000000000,1.000000000000
original_image_full_caption,recomputed_and_matched_E1,241,CAP-V2_049-TPL_02,V2_049,ood_pattern,TPL_02,false,241,48,1,V2_049,0.317841738462,0.317841738462,0.001930177212,1.000000000000,1.000000000000,1.000000000000,1.000000000000
original_image_full_caption,recomputed_and_matched_E1,242,CAP-V2_049-TPL_03,V2_049,ood_pattern,TPL_03,false,242,48,1,V2_049,0.336418986320,0.336418986320,0.011552214622,1.000000000000,1.000000000000,1.000000000000,1.000000000000
original_image_full_caption,recomputed_and_matched_E1,243,CAP-V2_049-TPL_04,V2_049,ood_pattern,TPL_04,false,243,48,1,V2_049,0.290834307671,0.290834307671,0.011999726295,1.000000000000,1.000000000000,1.000000000000,1.000000000000
original_image_full_caption,recomputed_and_matched_E1,244,CAP-V2_049-TPL_05,V2_049,ood_pattern,TPL_05,false,244,48,2,V2_012,0.324842274189,0.322835445404,-0.002006828785,0.000000000000,1.000000000000,0.500000000000,0.630929753571
original_image_full_caption,recomputed_and_matched_E1,245,CAP-V2_050-TPL_01,V2_050,ood_pattern,TPL_01,true,245,49,1,V2_050,0.300956934690,0.300956934690,0.003160446882,1.000000000000,1.000000000000,1.000000000000,1.000000000000
original_image_full_caption,recomputed_and_matched_E1,246,CAP-V2_050-TPL_02,V2_050,ood_pattern,TPL_02,false,246,49,4,V2_011,0.299203574657,0.275125712156,-0.024077862501,0.000000000000,1.000000000000,0.250000000000,0.430676558073
original_image_full_caption,recomputed_and_matched_E1,247,CAP-V2_050-TPL_03,V2_050,ood_pattern,TPL_03,false,247,49,6,V2_013,0.292651474476,0.273504734039,-0.019146740437,0.000000000000,0.000000000000,0.166666666667,0.356207187108
original_image_full_caption,recomputed_and_matched_E1,248,CAP-V2_050-TPL_04,V2_050,ood_pattern,TPL_04,false,248,49,12,V2_011,0.277869820595,0.243738591671,-0.034131228924,0.000000000000,0.000000000000,0.083333333333,0.000000000000
original_image_full_caption,recomputed_and_matched_E1,249,CAP-V2_050-TPL_05,V2_050,ood_pattern,TPL_05,false,249,49,5,V2_011,0.283355951309,0.267885625362,-0.015470325947,0.000000000000,1.000000000000,0.200000000000,0.386852807235
original_image_full_caption,recomputed_and_matched_E1,250,CAP-V2_051-TPL_01,V2_051,ood_pattern,TPL_01,true,250,50,1,V2_051,0.307164281607,0.307164281607,0.002846568823,1.000000000000,1.000000000000,1.000000000000,1.000000000000
original_image_full_caption,recomputed_and_matched_E1,251,CAP-V2_051-TPL_02,V2_051,ood_pattern,TPL_02,false,251,50,3,V2_024,0.291154026985,0.281404465437,-0.009749561548,0.000000000000,1.000000000000,0.333333333333,0.500000000000
original_image_full_caption,recomputed_and_matched_E1,252,CAP-V2_051-TPL_03,V2_051,ood_pattern,TPL_03,false,252,50,1,V2_051,0.286718845367,0.286718845367,0.009959697723,1.000000000000,1.000000000000,1.000000000000,1.000000000000
original_image_full_caption,recomputed_and_matched_E1,253,CAP-V2_051-TPL_04,V2_051,ood_pattern,TPL_04,false,253,50,2,V2_024,0.285623818636,0.277237474918,-0.008386343718,0.000000000000,1.000000000000,0.500000000000,0.630929753571
original_image_full_caption,recomputed_and_matched_E1,254,CAP-V2_051-TPL_05,V2_051,ood_pattern,TPL_05,false,254,50,3,V2_014,0.285645782948,0.276461720467,-0.009184062481,0.000000000000,1.000000000000,0.333333333333,0.500000000000
original_image_full_caption,recomputed_and_matched_E1,255,CAP-V2_052-TPL_01,V2_052,ood_pattern,TPL_01,true,255,51,2,V2_015,0.342561244965,0.333897471428,-0.008663773537,0.000000000000,1.000000000000,0.500000000000,0.630929753571
original_image_full_caption,recomputed_and_matched_E1,256,CAP-V2_052-TPL_02,V2_052,ood_pattern,TPL_02,false,256,51,2,V2_015,0.304800808430,0.295676469803,-0.009124338627,0.000000000000,1.000000000000,0.500000000000,0.630929753571
original_image_full_caption,recomputed_and_matched_E1,257,CAP-V2_052-TPL_03,V2_052,ood_pattern,TPL_03,false,257,51,3,V2_015,0.322682857513,0.304200351238,-0.018482506275,0.000000000000,1.000000000000,0.333333333333,0.500000000000
original_image_full_caption,recomputed_and_matched_E1,258,CAP-V2_052-TPL_04,V2_052,ood_pattern,TPL_04,false,258,51,4,V2_015,0.312009662390,0.282898366451,-0.029111295938,0.000000000000,1.000000000000,0.250000000000,0.430676558073
original_image_full_caption,recomputed_and_matched_E1,259,CAP-V2_052-TPL_05,V2_052,ood_pattern,TPL_05,false,259,51,4,V2_015,0.328088462353,0.310167193413,-0.017921268940,0.000000000000,1.000000000000,0.250000000000,0.430676558073
original_image_full_caption,recomputed_and_matched_E1,260,CAP-V2_053-TPL_01,V2_053,ood_both,TPL_01,true,260,52,4,V2_035,0.351198017597,0.338127553463,-0.013070464134,0.000000000000,1.000000000000,0.250000000000,0.430676558073
original_image_full_caption,recomputed_and_matched_E1,261,CAP-V2_053-TPL_02,V2_053,ood_both,TPL_02,false,261,52,7,V2_041,0.350341618061,0.274742454290,-0.075599163771,0.000000000000,0.000000000000,0.142857142857,0.333333333333
original_image_full_caption,recomputed_and_matched_E1,262,CAP-V2_053-TPL_03,V2_053,ood_both,TPL_03,false,262,52,4,V2_041,0.374577313662,0.317126452923,-0.057450860739,0.000000000000,1.000000000000,0.250000000000,0.430676558073
original_image_full_caption,recomputed_and_matched_E1,263,CAP-V2_053-TPL_04,V2_053,ood_both,TPL_04,false,263,52,4,V2_041,0.324654102325,0.293785631657,-0.030868470669,0.000000000000,1.000000000000,0.250000000000,0.430676558073
original_image_full_caption,recomputed_and_matched_E1,264,CAP-V2_053-TPL_05,V2_053,ood_both,TPL_05,false,264,52,4,V2_035,0.346079230309,0.340778529644,-0.005300700665,0.000000000000,1.000000000000,0.250000000000,0.430676558073
original_image_full_caption,recomputed_and_matched_E1,265,CAP-V2_054-TPL_01,V2_054,ood_both,TPL_01,true,265,53,5,V2_036,0.353700101376,0.314999639988,-0.038700461388,0.000000000000,1.000000000000,0.200000000000,0.386852807235
original_image_full_caption,recomputed_and_matched_E1,266,CAP-V2_054-TPL_02,V2_054,ood_both,TPL_02,false,266,53,6,V2_036,0.342112869024,0.264278113842,-0.077834755182,0.000000000000,0.000000000000,0.166666666667,0.356207187108
original_image_full_caption,recomputed_and_matched_E1,267,CAP-V2_054-TPL_03,V2_054,ood_both,TPL_03,false,267,53,6,V2_042,0.350639373064,0.300649344921,-0.049990028143,0.000000000000,0.000000000000,0.166666666667,0.356207187108
original_image_full_caption,recomputed_and_matched_E1,268,CAP-V2_054-TPL_04,V2_054,ood_both,TPL_04,false,268,53,6,V2_036,0.333063334227,0.281111866236,-0.051951467991,0.000000000000,0.000000000000,0.166666666667,0.356207187108
original_image_full_caption,recomputed_and_matched_E1,269,CAP-V2_054-TPL_05,V2_054,ood_both,TPL_05,false,269,53,5,V2_036,0.353218019009,0.323630839586,-0.029587179422,0.000000000000,1.000000000000,0.200000000000,0.386852807235
original_image_full_caption,recomputed_and_matched_E1,270,CAP-V2_055-TPL_01,V2_055,ood_both,TPL_01,true,270,54,1,V2_055,0.349800050259,0.349800050259,0.028850257397,1.000000000000,1.000000000000,1.000000000000,1.000000000000
original_image_full_caption,recomputed_and_matched_E1,271,CAP-V2_055-TPL_02,V2_055,ood_both,TPL_02,false,271,54,1,V2_055,0.326902806759,0.326902806759,0.017136335373,1.000000000000,1.000000000000,1.000000000000,1.000000000000
original_image_full_caption,recomputed_and_matched_E1,272,CAP-V2_055-TPL_03,V2_055,ood_both,TPL_03,false,272,54,1,V2_055,0.321671247482,0.321671247482,0.010356545448,1.000000000000,1.000000000000,1.000000000000,1.000000000000
original_image_full_caption,recomputed_and_matched_E1,273,CAP-V2_055-TPL_04,V2_055,ood_both,TPL_04,false,273,54,1,V2_055,0.294609069824,0.294609069824,0.005690604448,1.000000000000,1.000000000000,1.000000000000,1.000000000000
original_image_full_caption,recomputed_and_matched_E1,274,CAP-V2_055-TPL_05,V2_055,ood_both,TPL_05,false,274,54,1,V2_055,0.329168707132,0.329168707132,0.014873951674,1.000000000000,1.000000000000,1.000000000000,1.000000000000
original_image_full_caption,recomputed_and_matched_E1,275,CAP-V2_056-TPL_01,V2_056,ood_both,TPL_01,true,275,55,1,V2_056,0.348027378321,0.348027378321,0.023250490427,1.000000000000,1.000000000000,1.000000000000,1.000000000000
original_image_full_caption,recomputed_and_matched_E1,276,CAP-V2_056-TPL_02,V2_056,ood_both,TPL_02,false,276,55,1,V2_056,0.335076332092,0.335076332092,0.019711077213,1.000000000000,1.000000000000,1.000000000000,1.000000000000
original_image_full_caption,recomputed_and_matched_E1,277,CAP-V2_056-TPL_03,V2_056,ood_both,TPL_03,false,277,55,1,V2_056,0.335884332657,0.335884332657,0.024852931499,1.000000000000,1.000000000000,1.000000000000,1.000000000000
original_image_full_caption,recomputed_and_matched_E1,278,CAP-V2_056-TPL_04,V2_056,ood_both,TPL_04,false,278,55,1,V2_056,0.303581058979,0.303581058979,0.014796257019,1.000000000000,1.000000000000,1.000000000000,1.000000000000
original_image_full_caption,recomputed_and_matched_E1,279,CAP-V2_056-TPL_05,V2_056,ood_both,TPL_05,false,279,55,1,V2_056,0.332030206919,0.332030206919,0.018728673458,1.000000000000,1.000000000000,1.000000000000,1.000000000000
grayscale_image_full_caption,computed_from_existing_embeddings,0,CAP-V2_001-TPL_01,V2_001,id,TPL_01,true,0,0,10,V2_004,0.258352905512,0.238321468234,-0.020031437278,0.000000000000,0.000000000000,0.100000000000,0.289064826318
grayscale_image_full_caption,computed_from_existing_embeddings,1,CAP-V2_001-TPL_02,V2_001,id,TPL_02,false,1,0,16,V2_030,0.234784394503,0.201132059097,-0.033652335405,0.000000000000,0.000000000000,0.062500000000,0.000000000000
grayscale_image_full_caption,computed_from_existing_embeddings,2,CAP-V2_001-TPL_03,V2_001,id,TPL_03,false,2,0,13,V2_030,0.263959765434,0.234610408545,-0.029349356890,0.000000000000,0.000000000000,0.076923076923,0.000000000000
grayscale_image_full_caption,computed_from_existing_embeddings,3,CAP-V2_001-TPL_04,V2_001,id,TPL_04,false,3,0,4,V2_004,0.264033973217,0.245862573385,-0.018171399832,0.000000000000,1.000000000000,0.250000000000,0.430676558073
grayscale_image_full_caption,computed_from_existing_embeddings,4,CAP-V2_001-TPL_05,V2_001,id,TPL_05,false,4,0,6,V2_004,0.276698052883,0.258859217167,-0.017838835716,0.000000000000,0.000000000000,0.166666666667,0.356207187108
grayscale_image_full_caption,computed_from_existing_embeddings,5,CAP-V2_002-TPL_01,V2_002,id,TPL_01,true,5,1,9,V2_042,0.215279623866,0.199763953686,-0.015515670180,0.000000000000,0.000000000000,0.111111111111,0.301029995664
grayscale_image_full_caption,computed_from_existing_embeddings,6,CAP-V2_002-TPL_02,V2_002,id,TPL_02,false,6,1,35,V2_042,0.209362655878,0.149303734303,-0.060058921576,0.000000000000,0.000000000000,0.028571428571,0.000000000000
grayscale_image_full_caption,computed_from_existing_embeddings,7,CAP-V2_002-TPL_03,V2_002,id,TPL_03,false,7,1,24,V2_042,0.218427911401,0.166031211615,-0.052396699786,0.000000000000,0.000000000000,0.041666666667,0.000000000000
grayscale_image_full_caption,computed_from_existing_embeddings,8,CAP-V2_002-TPL_04,V2_002,id,TPL_04,false,8,1,17,V2_004,0.216301262379,0.188129186630,-0.028172075748,0.000000000000,0.000000000000,0.058823529412,0.000000000000
grayscale_image_full_caption,computed_from_existing_embeddings,9,CAP-V2_002-TPL_05,V2_002,id,TPL_05,false,9,1,9,V2_004,0.233751937747,0.213716045022,-0.020035892725,0.000000000000,0.000000000000,0.111111111111,0.301029995664
grayscale_image_full_caption,computed_from_existing_embeddings,10,CAP-V2_003-TPL_01,V2_003,id,TPL_01,true,10,2,5,V2_042,0.236189916730,0.226731836796,-0.009458079934,0.000000000000,1.000000000000,0.200000000000,0.386852807235
grayscale_image_full_caption,computed_from_existing_embeddings,11,CAP-V2_003-TPL_02,V2_003,id,TPL_02,false,11,2,14,V2_042,0.237632632256,0.191724836826,-0.045907795429,0.000000000000,0.000000000000,0.071428571429,0.000000000000
grayscale_image_full_caption,computed_from_existing_embeddings,12,CAP-V2_003-TPL_03,V2_003,id,TPL_03,false,12,2,11,V2_026,0.244339674711,0.215091124177,-0.029248550534,0.000000000000,0.000000000000,0.090909090909,0.000000000000
grayscale_image_full_caption,computed_from_existing_embeddings,13,CAP-V2_003-TPL_04,V2_003,id,TPL_04,false,13,2,5,V2_004,0.243345215917,0.235081195831,-0.008264020085,0.000000000000,1.000000000000,0.200000000000,0.386852807235
grayscale_image_full_caption,computed_from_existing_embeddings,14,CAP-V2_003-TPL_05,V2_003,id,TPL_05,false,14,2,6,V2_026,0.254509389400,0.246475905180,-0.008033484221,0.000000000000,0.000000000000,0.166666666667,0.356207187108
grayscale_image_full_caption,computed_from_existing_embeddings,15,CAP-V2_004-TPL_01,V2_004,id,TPL_01,true,15,3,2,V2_006,0.306394100189,0.305879950523,-0.000514149666,0.000000000000,1.000000000000,0.500000000000,0.630929753571
grayscale_image_full_caption,computed_from_existing_embeddings,16,CAP-V2_004-TPL_02,V2_004,id,TPL_02,false,16,3,7,V2_024,0.302965044975,0.284598350525,-0.018366694450,0.000000000000,0.000000000000,0.142857142857,0.333333333333
grayscale_image_full_caption,computed_from_existing_embeddings,17,CAP-V2_004-TPL_03,V2_004,id,TPL_03,false,17,3,8,V2_029,0.307836562395,0.284317195415,-0.023519366980,0.000000000000,0.000000000000,0.125000000000,0.315464876786
grayscale_image_full_caption,computed_from_existing_embeddings,18,CAP-V2_004-TPL_04,V2_004,id,TPL_04,false,18,3,2,V2_024,0.295723229647,0.292888253927,-0.002834975719,0.000000000000,1.000000000000,0.500000000000,0.630929753571
grayscale_image_full_caption,computed_from_existing_embeddings,19,CAP-V2_004-TPL_05,V2_004,id,TPL_05,false,19,3,1,V2_004,0.320823699236,0.320823699236,0.005554944277,1.000000000000,1.000000000000,1.000000000000,1.000000000000
grayscale_image_full_caption,computed_from_existing_embeddings,20,CAP-V2_005-TPL_01,V2_005,id,TPL_01,true,20,4,2,V2_042,0.212354063988,0.210536330938,-0.001817733049,0.000000000000,1.000000000000,0.500000000000,0.630929753571
grayscale_image_full_caption,computed_from_existing_embeddings,21,CAP-V2_005-TPL_02,V2_005,id,TPL_02,false,21,4,8,V2_042,0.209374025464,0.167332753539,-0.042041271925,0.000000000000,0.000000000000,0.125000000000,0.315464876786
grayscale_image_full_caption,computed_from_existing_embeddings,22,CAP-V2_005-TPL_03,V2_005,id,TPL_03,false,22,4,8,V2_042,0.213356629014,0.181588992476,-0.031767636538,0.000000000000,0.000000000000,0.125000000000,0.315464876786
grayscale_image_full_caption,computed_from_existing_embeddings,23,CAP-V2_005-TPL_04,V2_005,id,TPL_04,false,23,4,3,V2_042,0.218040212989,0.205499023199,-0.012541189790,0.000000000000,1.000000000000,0.333333333333,0.500000000000
grayscale_image_full_caption,computed_from_existing_embeddings,24,CAP-V2_005-TPL_05,V2_005,id,TPL_05,false,24,4,1,V2_005,0.226425975561,0.226425975561,0.003324419260,1.000000000000,1.000000000000,1.000000000000,1.000000000000
grayscale_image_full_caption,computed_from_existing_embeddings,25,CAP-V2_006-TPL_01,V2_006,id,TPL_01,true,25,5,7,V2_004,0.258617103100,0.243948474526,-0.014668628573,0.000000000000,0.000000000000,0.142857142857,0.333333333333
grayscale_image_full_caption,computed_from_existing_embeddings,26,CAP-V2_006-TPL_02,V2_006,id,TPL_02,false,26,5,23,V2_030,0.233605816960,0.196471989155,-0.037133827806,0.000000000000,0.000000000000,0.043478260870,0.000000000000
grayscale_image_full_caption,computed_from_existing_embeddings,27,CAP-V2_006-TPL_03,V2_006,id,TPL_03,false,27,5,16,V2_030,0.269977688789,0.237323805690,-0.032653883100,0.000000000000,0.000000000000,0.062500000000,0.000000000000
grayscale_image_full_caption,computed_from_existing_embeddings,28,CAP-V2_006-TPL_04,V2_006,id,TPL_04,false,28,5,13,V2_004,0.272421121597,0.240283340216,-0.032137781382,0.000000000000,0.000000000000,0.076923076923,0.000000000000
grayscale_image_full_caption,computed_from_existing_embeddings,29,CAP-V2_006-TPL_05,V2_006,id,TPL_05,false,29,5,12,V2_004,0.277195841074,0.250749945641,-0.026445895433,0.000000000000,0.000000000000,0.083333333333,0.000000000000
grayscale_image_full_caption,computed_from_existing_embeddings,30,CAP-V2_007-TPL_01,V2_007,id,TPL_01,true,30,6,5,V2_042,0.215636715293,0.206940159202,-0.008696556091,0.000000000000,1.000000000000,0.200000000000,0.386852807235
grayscale_image_full_caption,computed_from_existing_embeddings,31,CAP-V2_007-TPL_02,V2_007,id,TPL_02,false,31,6,27,V2_042,0.208435237408,0.158716797829,-0.049718439579,0.000000000000,0.000000000000,0.037037037037,0.000000000000
grayscale_image_full_caption,computed_from_existing_embeddings,32,CAP-V2_007-TPL_03,V2_007,id,TPL_03,false,32,6,23,V2_042,0.225673407316,0.168418288231,-0.057255119085,0.000000000000,0.000000000000,0.043478260870,0.000000000000
grayscale_image_full_caption,computed_from_existing_embeddings,33,CAP-V2_007-TPL_04,V2_007,id,TPL_04,false,33,6,31,V2_004,0.223310768604,0.182002007961,-0.041308760643,0.000000000000,0.000000000000,0.032258064516,0.000000000000
grayscale_image_full_caption,computed_from_existing_embeddings,34,CAP-V2_007-TPL_05,V2_007,id,TPL_05,false,34,6,11,V2_004,0.232825770974,0.210515722632,-0.022310048342,0.000000000000,0.000000000000,0.090909090909,0.000000000000
grayscale_image_full_caption,computed_from_existing_embeddings,35,CAP-V2_008-TPL_01,V2_008,id,TPL_01,true,35,7,7,V2_042,0.236446470022,0.223018348217,-0.013428121805,0.000000000000,0.000000000000,0.142857142857,0.333333333333
grayscale_image_full_caption,computed_from_existing_embeddings,36,CAP-V2_008-TPL_02,V2_008,id,TPL_02,false,36,7,19,V2_042,0.237969011068,0.180593878031,-0.057375133038,0.000000000000,0.000000000000,0.052631578947,0.000000000000
grayscale_image_full_caption,computed_from_existing_embeddings,37,CAP-V2_008-TPL_03,V2_008,id,TPL_03,false,37,7,18,V2_029,0.252368092537,0.212707370520,-0.039660722017,0.000000000000,0.000000000000,0.055555555556,0.000000000000
grayscale_image_full_caption,computed_from_existing_embeddings,38,CAP-V2_008-TPL_04,V2_008,id,TPL_04,false,38,7,22,V2_004,0.252246737480,0.219917535782,-0.032329201698,0.000000000000,0.000000000000,0.045454545455,0.000000000000
grayscale_image_full_caption,computed_from_existing_embeddings,39,CAP-V2_008-TPL_05,V2_008,id,TPL_05,false,39,7,16,V2_042,0.253687232733,0.229385107756,-0.024302124977,0.000000000000,0.000000000000,0.062500000000,0.000000000000
grayscale_image_full_caption,computed_from_existing_embeddings,40,CAP-V2_009-TPL_01,V2_009,id,TPL_01,true,40,8,2,V2_006,0.321253329515,0.318545013666,-0.002708315849,0.000000000000,1.000000000000,0.500000000000,0.630929753571
grayscale_image_full_caption,computed_from_existing_embeddings,41,CAP-V2_009-TPL_02,V2_009,id,TPL_02,false,41,8,2,V2_024,0.304068207741,0.300573050976,-0.003495156765,0.000000000000,1.000000000000,0.500000000000,0.630929753571
grayscale_image_full_caption,computed_from_existing_embeddings,42,CAP-V2_009-TPL_03,V2_009,id,TPL_03,false,42,8,9,V2_029,0.320192933083,0.298358827829,-0.021834105253,0.000000000000,0.000000000000,0.111111111111,0.301029995664
grayscale_image_full_caption,computed_from_existing_embeddings,43,CAP-V2_009-TPL_04,V2_009,id,TPL_04,false,43,8,4,V2_024,0.304288297892,0.292712271214,-0.011576026678,0.000000000000,1.000000000000,0.250000000000,0.430676558073
grayscale_image_full_caption,computed_from_existing_embeddings,44,CAP-V2_009-TPL_05,V2_009,id,TPL_05,false,44,8,4,V2_004,0.325534790754,0.316574007273,-0.008960783482,0.000000000000,1.000000000000,0.250000000000,0.430676558073
grayscale_image_full_caption,computed_from_existing_embeddings,45,CAP-V2_010-TPL_01,V2_010,id,TPL_01,true,45,9,9,V2_042,0.214219242334,0.197274684906,-0.016944557428,0.000000000000,0.000000000000,0.111111111111,0.301029995664
grayscale_image_full_caption,computed_from_existing_embeddings,46,CAP-V2_010-TPL_02,V2_010,id,TPL_02,false,46,9,18,V2_042,0.213518708944,0.154466971755,-0.059051737189,0.000000000000,0.000000000000,0.055555555556,0.000000000000
grayscale_image_full_caption,computed_from_existing_embeddings,47,CAP-V2_010-TPL_03,V2_010,id,TPL_03,false,47,9,18,V2_042,0.222941339016,0.168978333473,-0.053963005543,0.000000000000,0.000000000000,0.055555555556,0.000000000000
grayscale_image_full_caption,computed_from_existing_embeddings,48,CAP-V2_010-TPL_04,V2_010,id,TPL_04,false,48,9,25,V2_042,0.224799633026,0.181599825621,-0.043199807405,0.000000000000,0.000000000000,0.040000000000,0.000000000000
grayscale_image_full_caption,computed_from_existing_embeddings,49,CAP-V2_010-TPL_05,V2_010,id,TPL_05,false,49,9,18,V2_005,0.224255681038,0.196999400854,-0.027256280184,0.000000000000,0.000000000000,0.055555555556,0.000000000000
grayscale_image_full_caption,computed_from_existing_embeddings,50,CAP-V2_011-TPL_01,V2_011,id,TPL_01,true,50,10,1,V2_011,0.260401368141,0.260401368141,0.014540508389,1.000000000000,1.000000000000,1.000000000000,1.000000000000
grayscale_image_full_caption,computed_from_existing_embeddings,51,CAP-V2_011-TPL_02,V2_011,id,TPL_02,false,51,10,2,V2_030,0.229996576905,0.225614860654,-0.004381716251,0.000000000000,1.000000000000,0.500000000000,0.630929753571
grayscale_image_full_caption,computed_from_existing_embeddings,52,CAP-V2_011-TPL_03,V2_011,id,TPL_03,false,52,10,1,V2_011,0.261858999729,0.261858999729,0.001090288162,1.000000000000,1.000000000000,1.000000000000,1.000000000000
grayscale_image_full_caption,computed_from_existing_embeddings,53,CAP-V2_011-TPL_04,V2_011,id,TPL_04,false,53,10,1,V2_011,0.261930406094,0.261930406094,0.006442695856,1.000000000000,1.000000000000,1.000000000000,1.000000000000
grayscale_image_full_caption,computed_from_existing_embeddings,54,CAP-V2_011-TPL_05,V2_011,id,TPL_05,false,54,10,6,V2_003,0.268088936806,0.252385795116,-0.015703141689,0.000000000000,0.000000000000,0.166666666667,0.356207187108
grayscale_image_full_caption,computed_from_existing_embeddings,55,CAP-V2_012-TPL_01,V2_012,id,TPL_01,true,55,11,1,V2_012,0.216520190239,0.216520190239,0.003999710083,1.000000000000,1.000000000000,1.000000000000,1.000000000000
grayscale_image_full_caption,computed_from_existing_embeddings,56,CAP-V2_012-TPL_02,V2_012,id,TPL_02,false,56,11,10,V2_042,0.203386008739,0.177940309048,-0.025445699692,0.000000000000,0.000000000000,0.100000000000,0.289064826318
grayscale_image_full_caption,computed_from_existing_embeddings,57,CAP-V2_012-TPL_03,V2_012,id,TPL_03,false,57,11,5,V2_042,0.227973759174,0.211315035820,-0.016658723354,0.000000000000,1.000000000000,0.200000000000,0.386852807235
grayscale_image_full_caption,computed_from_existing_embeddings,58,CAP-V2_012-TPL_04,V2_012,id,TPL_04,false,58,11,4,V2_036,0.217871919274,0.210495263338,-0.007376655936,0.000000000000,1.000000000000,0.250000000000,0.430676558073
grayscale_image_full_caption,computed_from_existing_embeddings,59,CAP-V2_012-TPL_05,V2_012,id,TPL_05,false,59,11,5,V2_005,0.230894997716,0.227115720510,-0.003779277205,0.000000000000,1.000000000000,0.200000000000,0.386852807235
grayscale_image_full_caption,computed_from_existing_embeddings,60,CAP-V2_013-TPL_01,V2_013,id,TPL_01,true,60,12,15,V2_036,0.234333455563,0.213256359100,-0.021077096462,0.000000000000,0.000000000000,0.066666666667,0.000000000000
grayscale_image_full_caption,computed_from_existing_embeddings,61,CAP-V2_013-TPL_02,V2_013,id,TPL_02,false,61,12,10,V2_042,0.231451302767,0.209768489003,-0.021682813764,0.000000000000,0.000000000000,0.100000000000,0.289064826318
grayscale_image_full_caption,computed_from_existing_embeddings,62,CAP-V2_013-TPL_03,V2_013,id,TPL_03,false,62,12,13,V2_042,0.252960801125,0.228154659271,-0.024806141853,0.000000000000,0.000000000000,0.076923076923,0.000000000000
grayscale_image_full_caption,computed_from_existing_embeddings,63,CAP-V2_013-TPL_04,V2_013,id,TPL_04,false,63,12,11,V2_011,0.251835644245,0.231723159552,-0.020112484694,0.000000000000,0.000000000000,0.090909090909,0.000000000000
grayscale_image_full_caption,computed_from_existing_embeddings,64,CAP-V2_013-TPL_05,V2_013,id,TPL_05,false,64,12,18,V2_005,0.246802315116,0.222317755222,-0.024484559894,0.000000000000,0.000000000000,0.055555555556,0.000000000000
grayscale_image_full_caption,computed_from_existing_embeddings,65,CAP-V2_014-TPL_01,V2_014,id,TPL_01,true,65,13,1,V2_014,0.316671013832,0.316671013832,0.007395625114,1.000000000000,1.000000000000,1.000000000000,1.000000000000
grayscale_image_full_caption,computed_from_existing_embeddings,66,CAP-V2_014-TPL_02,V2_014,id,TPL_02,false,66,13,1,V2_014,0.299108326435,0.299108326435,0.005942225456,1.000000000000,1.000000000000,1.000000000000,1.000000000000
grayscale_image_full_caption,computed_from_existing_embeddings,67,CAP-V2_014-TPL_03,V2_014,id,TPL_03,false,67,13,4,V2_029,0.317148745060,0.311702638865,-0.005446106195,0.000000000000,1.000000000000,0.250000000000,0.430676558073
grayscale_image_full_caption,computed_from_existing_embeddings,68,CAP-V2_014-TPL_04,V2_014,id,TPL_04,false,68,13,2,V2_011,0.292906641960,0.292515039444,-0.000391602516,0.000000000000,1.000000000000,0.500000000000,0.630929753571
grayscale_image_full_caption,computed_from_existing_embeddings,69,CAP-V2_014-TPL_05,V2_014,id,TPL_05,false,69,13,4,V2_004,0.319972515106,0.313872963190,-0.006099551916,0.000000000000,1.000000000000,0.250000000000,0.430676558073
grayscale_image_full_caption,computed_from_existing_embeddings,70,CAP-V2_015-TPL_01,V2_015,id,TPL_01,true,70,14,12,V2_036,0.216102302074,0.191740661860,-0.024361640215,0.000000000000,0.000000000000,0.083333333333,0.000000000000
grayscale_image_full_caption,computed_from_existing_embeddings,71,CAP-V2_015-TPL_02,V2_015,id,TPL_02,false,71,14,12,V2_030,0.204778909683,0.159570991993,-0.045207917690,0.000000000000,0.000000000000,0.083333333333,0.000000000000
grayscale_image_full_caption,computed_from_existing_embeddings,72,CAP-V2_015-TPL_03,V2_015,id,TPL_03,false,72,14,14,V2_042,0.231876403093,0.184836268425,-0.047040134668,0.000000000000,0.000000000000,0.071428571429,0.000000000000
grayscale_image_full_caption,computed_from_existing_embeddings,73,CAP-V2_015-TPL_04,V2_015,id,TPL_04,false,73,14,12,V2_036,0.235342860222,0.208459734917,-0.026883125305,0.000000000000,0.000000000000,0.083333333333,0.000000000000
grayscale_image_full_caption,computed_from_existing_embeddings,74,CAP-V2_015-TPL_05,V2_015,id,TPL_05,false,74,14,14,V2_005,0.228206515312,0.200036153197,-0.028170362115,0.000000000000,0.000000000000,0.071428571429,0.000000000000
grayscale_image_full_caption,computed_from_existing_embeddings,75,CAP-V2_016-TPL_01,V2_016,id,TPL_01,true,75,15,31,V2_003,0.254468798637,0.223397344351,-0.031071454287,0.000000000000,0.000000000000,0.032258064516,0.000000000000
grayscale_image_full_caption,computed_from_existing_embeddings,76,CAP-V2_016-TPL_02,V2_016,id,TPL_02,false,76,15,32,V2_030,0.230784505606,0.166730299592,-0.064054206014,0.000000000000,0.000000000000,0.031250000000,0.000000000000
grayscale_image_full_caption,computed_from_existing_embeddings,77,CAP-V2_016-TPL_03,V2_016,id,TPL_03,false,77,15,22,V2_028,0.268962681293,0.206446096301,-0.062516584992,0.000000000000,0.000000000000,0.045454545455,0.000000000000
grayscale_image_full_caption,computed_from_existing_embeddings,78,CAP-V2_016-TPL_04,V2_016,id,TPL_04,false,78,15,27,V2_021,0.255358427763,0.207959085703,-0.047399342060,0.000000000000,0.000000000000,0.037037037037,0.000000000000
grayscale_image_full_caption,computed_from_existing_embeddings,79,CAP-V2_016-TPL_05,V2_016,id,TPL_05,false,79,15,20,V2_003,0.278691262007,0.247950866818,-0.030740395188,0.000000000000,0.000000000000,0.050000000000,0.000000000000
grayscale_image_full_caption,computed_from_existing_embeddings,80,CAP-V2_017-TPL_01,V2_017,id,TPL_01,true,80,16,23,V2_042,0.219127923250,0.180762410164,-0.038365513086,0.000000000000,0.000000000000,0.043478260870,0.000000000000
grayscale_image_full_caption,computed_from_existing_embeddings,81,CAP-V2_017-TPL_02,V2_017,id,TPL_02,false,81,16,10,V2_042,0.208954542875,0.167002260685,-0.041952282190,0.000000000000,0.000000000000,0.100000000000,0.289064826318
grayscale_image_full_caption,computed_from_existing_embeddings,82,CAP-V2_017-TPL_03,V2_017,id,TPL_03,false,82,16,10,V2_042,0.232062295079,0.181100621819,-0.050961673260,0.000000000000,0.000000000000,0.100000000000,0.289064826318
grayscale_image_full_caption,computed_from_existing_embeddings,83,CAP-V2_017-TPL_04,V2_017,id,TPL_04,false,83,16,25,V2_021,0.226208478212,0.172449156642,-0.053759321570,0.000000000000,0.000000000000,0.040000000000,0.000000000000
grayscale_image_full_caption,computed_from_existing_embeddings,84,CAP-V2_017-TPL_05,V2_017,id,TPL_05,false,84,16,12,V2_032,0.233373224735,0.219478800893,-0.013894423842,0.000000000000,0.000000000000,0.083333333333,0.000000000000
grayscale_image_full_caption,computed_from_existing_embeddings,85,CAP-V2_018-TPL_01,V2_018,id,TPL_01,true,85,17,39,V2_042,0.232934921980,0.183035552502,-0.049899369478,0.000000000000,0.000000000000,0.025641025641,0.000000000000
grayscale_image_full_caption,computed_from_existing_embeddings,86,CAP-V2_018-TPL_02,V2_018,id,TPL_02,false,86,17,26,V2_042,0.228744804859,0.155882120132,-0.072862684727,0.000000000000,0.000000000000,0.038461538462,0.000000000000
grayscale_image_full_caption,computed_from_existing_embeddings,87,CAP-V2_018-TPL_03,V2_018,id,TPL_03,false,87,17,9,V2_042,0.247919738293,0.196307927370,-0.051611810923,0.000000000000,0.000000000000,0.111111111111,0.301029995664
grayscale_image_full_caption,computed_from_existing_embeddings,88,CAP-V2_018-TPL_04,V2_018,id,TPL_04,false,88,17,28,V2_004,0.230051726103,0.192583188415,-0.037468537688,0.000000000000,0.000000000000,0.035714285714,0.000000000000
grayscale_image_full_caption,computed_from_existing_embeddings,89,CAP-V2_018-TPL_05,V2_018,id,TPL_05,false,89,17,25,V2_042,0.236681431532,0.199865132570,-0.036816298962,0.000000000000,0.000000000000,0.040000000000,0.000000000000
grayscale_image_full_caption,computed_from_existing_embeddings,90,CAP-V2_019-TPL_01,V2_019,id,TPL_01,true,90,18,6,V2_024,0.314633667469,0.290372014046,-0.024261653423,0.000000000000,0.000000000000,0.166666666667,0.356207187108
grayscale_image_full_caption,computed_from_existing_embeddings,91,CAP-V2_019-TPL_02,V2_019,id,TPL_02,false,91,18,10,V2_024,0.310204327106,0.281526267529,-0.028678059578,0.000000000000,0.000000000000,0.100000000000,0.289064826318
grayscale_image_full_caption,computed_from_existing_embeddings,92,CAP-V2_019-TPL_03,V2_019,id,TPL_03,false,92,18,9,V2_024,0.305583685637,0.284195661545,-0.021388024092,0.000000000000,0.000000000000,0.111111111111,0.301029995664
grayscale_image_full_caption,computed_from_existing_embeddings,93,CAP-V2_019-TPL_04,V2_019,id,TPL_04,false,93,18,16,V2_021,0.318596512079,0.262792408466,-0.055804103613,0.000000000000,0.000000000000,0.062500000000,0.000000000000
grayscale_image_full_caption,computed_from_existing_embeddings,94,CAP-V2_019-TPL_05,V2_019,id,TPL_05,false,94,18,4,V2_004,0.324747383595,0.316255033016,-0.008492350578,0.000000000000,1.000000000000,0.250000000000,0.430676558073
grayscale_image_full_caption,computed_from_existing_embeddings,95,CAP-V2_020-TPL_01,V2_020,id,TPL_01,true,95,19,21,V2_042,0.212350398302,0.173931434751,-0.038418963552,0.000000000000,0.000000000000,0.047619047619,0.000000000000
grayscale_image_full_caption,computed_from_existing_embeddings,96,CAP-V2_020-TPL_02,V2_020,id,TPL_02,false,96,19,20,V2_042,0.207919701934,0.138206809759,-0.069712892175,0.000000000000,0.000000000000,0.050000000000,0.000000000000
grayscale_image_full_caption,computed_from_existing_embeddings,97,CAP-V2_020-TPL_03,V2_020,id,TPL_03,false,97,19,9,V2_042,0.231878802180,0.172292739153,-0.059586063027,0.000000000000,0.000000000000,0.111111111111,0.301029995664
grayscale_image_full_caption,computed_from_existing_embeddings,98,CAP-V2_020-TPL_04,V2_020,id,TPL_04,false,98,19,30,V2_042,0.214039593935,0.166487038136,-0.047552555799,0.000000000000,0.000000000000,0.033333333333,0.000000000000
grayscale_image_full_caption,computed_from_existing_embeddings,99,CAP-V2_020-TPL_05,V2_020,id,TPL_05,false,99,19,15,V2_005,0.226472109556,0.196486651897,-0.029985457659,0.000000000000,0.000000000000,0.066666666667,0.000000000000
grayscale_image_full_caption,computed_from_existing_embeddings,100,CAP-V2_021-TPL_01,V2_021,id,TPL_01,true,100,20,5,V2_011,0.257569432259,0.236521214247,-0.021048218012,0.000000000000,1.000000000000,0.200000000000,0.386852807235
grayscale_image_full_caption,computed_from_existing_embeddings,101,CAP-V2_021-TPL_02,V2_021,id,TPL_02,false,101,20,15,V2_030,0.238362014294,0.206381917000,-0.031980097294,0.000000000000,0.000000000000,0.066666666667,0.000000000000
grayscale_image_full_caption,computed_from_existing_embeddings,102,CAP-V2_021-TPL_03,V2_021,id,TPL_03,false,102,20,24,V2_030,0.272276222706,0.228549793363,-0.043726429343,0.000000000000,0.000000000000,0.041666666667,0.000000000000
grayscale_image_full_caption,computed_from_existing_embeddings,103,CAP-V2_021-TPL_04,V2_021,id,TPL_04,false,103,20,1,V2_021,0.267845094204,0.267845094204,0.002727121115,1.000000000000,1.000000000000,1.000000000000,1.000000000000
grayscale_image_full_caption,computed_from_existing_embeddings,104,CAP-V2_021-TPL_05,V2_021,id,TPL_05,false,104,20,17,V2_003,0.260125100613,0.236551463604,-0.023573637009,0.000000000000,0.000000000000,0.058823529412,0.000000000000
grayscale_image_full_caption,computed_from_existing_embeddings,105,CAP-V2_022-TPL_01,V2_022,id,TPL_01,true,105,21,10,V2_012,0.207663714886,0.186628699303,-0.021035015583,0.000000000000,0.000000000000,0.100000000000,0.289064826318
grayscale_image_full_caption,computed_from_existing_embeddings,106,CAP-V2_022-TPL_02,V2_022,id,TPL_02,false,106,21,12,V2_042,0.203114718199,0.181017071009,-0.022097647190,0.000000000000,0.000000000000,0.083333333333,0.000000000000
grayscale_image_full_caption,computed_from_existing_embeddings,107,CAP-V2_022-TPL_03,V2_022,id,TPL_03,false,107,21,16,V2_041,0.229887530208,0.187296152115,-0.042591378093,0.000000000000,0.000000000000,0.062500000000,0.000000000000
grayscale_image_full_caption,computed_from_existing_embeddings,108,CAP-V2_022-TPL_04,V2_022,id,TPL_04,false,108,21,3,V2_021,0.222344517708,0.220018863678,-0.002325654030,0.000000000000,1.000000000000,0.333333333333,0.500000000000
grayscale_image_full_caption,computed_from_existing_embeddings,109,CAP-V2_022-TPL_05,V2_022,id,TPL_05,false,109,21,3,V2_036,0.224068105221,0.216279208660,-0.007788896561,0.000000000000,1.000000000000,0.333333333333,0.500000000000
grayscale_image_full_caption,computed_from_existing_embeddings,110,CAP-V2_023-TPL_01,V2_023,id,TPL_01,true,110,22,33,V2_036,0.226868063211,0.171491324902,-0.055376738310,0.000000000000,0.000000000000,0.030303030303,0.000000000000
grayscale_image_full_caption,computed_from_existing_embeddings,111,CAP-V2_023-TPL_02,V2_023,id,TPL_02,false,111,22,28,V2_030,0.237972721457,0.165439039469,-0.072533681989,0.000000000000,0.000000000000,0.035714285714,0.000000000000
grayscale_image_full_caption,computed_from_existing_embeddings,112,CAP-V2_023-TPL_03,V2_023,id,TPL_03,false,112,22,29,V2_029,0.258037149906,0.192298099399,-0.065739050508,0.000000000000,0.000000000000,0.034482758621,0.000000000000
grayscale_image_full_caption,computed_from_existing_embeddings,113,CAP-V2_023-TPL_04,V2_023,id,TPL_04,false,113,22,26,V2_011,0.244673147798,0.210854053497,-0.033819094300,0.000000000000,0.000000000000,0.038461538462,0.000000000000
grayscale_image_full_caption,computed_from_existing_embeddings,114,CAP-V2_023-TPL_05,V2_023,id,TPL_05,false,114,22,43,V2_026,0.241682276130,0.184488698840,-0.057193577290,0.000000000000,0.000000000000,0.023255813953,0.000000000000
grayscale_image_full_caption,computed_from_existing_embeddings,115,CAP-V2_024-TPL_01,V2_024,id,TPL_01,true,115,23,2,V2_014,0.311697423458,0.310801327229,-0.000896096230,0.000000000000,1.000000000000,0.500000000000,0.630929753571
grayscale_image_full_caption,computed_from_existing_embeddings,116,CAP-V2_024-TPL_02,V2_024,id,TPL_02,false,116,23,1,V2_024,0.316115230322,0.316115230322,0.001426666975,1.000000000000,1.000000000000,1.000000000000,1.000000000000
grayscale_image_full_caption,computed_from_existing_embeddings,117,CAP-V2_024-TPL_03,V2_024,id,TPL_03,false,117,23,4,V2_029,0.324075043201,0.312688380480,-0.011386662722,0.000000000000,1.000000000000,0.250000000000,0.430676558073
grayscale_image_full_caption,computed_from_existing_embeddings,118,CAP-V2_024-TPL_04,V2_024,id,TPL_04,false,118,23,2,V2_021,0.320083081722,0.316395491362,-0.003687590361,0.000000000000,1.000000000000,0.500000000000,0.630929753571
grayscale_image_full_caption,computed_from_existing_embeddings,119,CAP-V2_024-TPL_05,V2_024,id,TPL_05,false,119,23,5,V2_004,0.307285606861,0.304194211960,-0.003091394901,0.000000000000,1.000000000000,0.200000000000,0.386852807235
grayscale_image_full_caption,computed_from_existing_embeddings,120,CAP-V2_025-TPL_01,V2_025,id,TPL_01,true,120,24,36,V2_036,0.214620098472,0.152244508266,-0.062375590205,0.000000000000,0.000000000000,0.027777777778,0.000000000000
grayscale_image_full_caption,computed_from_existing_embeddings,121,CAP-V2_025-TPL_02,V2_025,id,TPL_02,false,121,24,33,V2_030,0.215863615274,0.130436569452,-0.085427045822,0.000000000000,0.000000000000,0.030303030303,0.000000000000
grayscale_image_full_caption,computed_from_existing_embeddings,122,CAP-V2_025-TPL_03,V2_025,id,TPL_03,false,122,24,39,V2_030,0.232167512178,0.139171868563,-0.092995643616,0.000000000000,0.000000000000,0.025641025641,0.000000000000
grayscale_image_full_caption,computed_from_existing_embeddings,123,CAP-V2_025-TPL_04,V2_025,id,TPL_04,false,123,24,35,V2_036,0.223397955298,0.158675283194,-0.064722672105,0.000000000000,0.000000000000,0.028571428571,0.000000000000
grayscale_image_full_caption,computed_from_existing_embeddings,124,CAP-V2_025-TPL_05,V2_025,id,TPL_05,false,124,24,45,V2_036,0.221583336592,0.150692477822,-0.070890858769,0.000000000000,0.000000000000,0.022222222222,0.000000000000
grayscale_image_full_caption,computed_from_existing_embeddings,125,CAP-V2_026-TPL_01,V2_026,id,TPL_01,true,125,25,28,V2_011,0.249742180109,0.223586559296,-0.026155620813,0.000000000000,0.000000000000,0.035714285714,0.000000000000
grayscale_image_full_caption,computed_from_existing_embeddings,126,CAP-V2_026-TPL_02,V2_026,id,TPL_02,false,126,25,6,V2_030,0.238482475281,0.216614454985,-0.021868020296,0.000000000000,0.000000000000,0.166666666667,0.356207187108
grayscale_image_full_caption,computed_from_existing_embeddings,127,CAP-V2_026-TPL_03,V2_026,id,TPL_03,false,127,25,8,V2_030,0.256176292896,0.233234524727,-0.022941768169,0.000000000000,0.000000000000,0.125000000000,0.315464876786
grayscale_image_full_caption,computed_from_existing_embeddings,128,CAP-V2_026-TPL_04,V2_026,id,TPL_04,false,128,25,20,V2_021,0.258023560047,0.222045183182,-0.035978376865,0.000000000000,0.000000000000,0.050000000000,0.000000000000
grayscale_image_full_caption,computed_from_existing_embeddings,129,CAP-V2_026-TPL_05,V2_026,id,TPL_05,false,129,25,30,V2_005,0.260133445263,0.228918373585,-0.031215071678,0.000000000000,0.000000000000,0.033333333333,0.000000000000
grayscale_image_full_caption,computed_from_existing_embeddings,130,CAP-V2_027-TPL_01,V2_027,id,TPL_01,true,130,26,16,V2_042,0.205133646727,0.190370827913,-0.014762818813,0.000000000000,0.000000000000,0.062500000000,0.000000000000
grayscale_image_full_caption,computed_from_existing_embeddings,131,CAP-V2_027-TPL_02,V2_027,id,TPL_02,false,131,26,6,V2_042,0.201137036085,0.188216313720,-0.012920722365,0.000000000000,0.000000000000,0.166666666667,0.356207187108
grayscale_image_full_caption,computed_from_existing_embeddings,132,CAP-V2_027-TPL_03,V2_027,id,TPL_03,false,132,26,7,V2_041,0.207786902785,0.193944677711,-0.013842225075,0.000000000000,0.000000000000,0.142857142857,0.333333333333
grayscale_image_full_caption,computed_from_existing_embeddings,133,CAP-V2_027-TPL_04,V2_027,id,TPL_04,false,133,26,19,V2_024,0.211121529341,0.181920602918,-0.029200926423,0.000000000000,0.000000000000,0.052631578947,0.000000000000
grayscale_image_full_caption,computed_from_existing_embeddings,134,CAP-V2_027-TPL_05,V2_027,id,TPL_05,false,134,26,12,V2_036,0.220292538404,0.206207782030,-0.014084756374,0.000000000000,0.000000000000,0.083333333333,0.000000000000
grayscale_image_full_caption,computed_from_existing_embeddings,135,CAP-V2_028-TPL_01,V2_028,id,TPL_01,true,135,27,18,V2_042,0.223251998425,0.202746376395,-0.020505622029,0.000000000000,0.000000000000,0.055555555556,0.000000000000
grayscale_image_full_caption,computed_from_existing_embeddings,136,CAP-V2_028-TPL_02,V2_028,id,TPL_02,false,136,27,10,V2_030,0.234863653779,0.211753219366,-0.023110434413,0.000000000000,0.000000000000,0.100000000000,0.289064826318
grayscale_image_full_caption,computed_from_existing_embeddings,137,CAP-V2_028-TPL_03,V2_028,id,TPL_03,false,137,27,12,V2_029,0.235071629286,0.211637794971,-0.023433834314,0.000000000000,0.000000000000,0.083333333333,0.000000000000
grayscale_image_full_caption,computed_from_existing_embeddings,138,CAP-V2_028-TPL_04,V2_028,id,TPL_04,false,138,27,20,V2_004,0.228102743626,0.209008693695,-0.019094049931,0.000000000000,0.000000000000,0.050000000000,0.000000000000
grayscale_image_full_caption,computed_from_existing_embeddings,139,CAP-V2_028-TPL_05,V2_028,id,TPL_05,false,139,27,19,V2_036,0.236587613821,0.211325466633,-0.025262147188,0.000000000000,0.000000000000,0.052631578947,0.000000000000
grayscale_image_full_caption,computed_from_existing_embeddings,140,CAP-V2_029-TPL_01,V2_029,id,TPL_01,true,140,28,17,V2_024,0.325291574001,0.290068507195,-0.035223066807,0.000000000000,0.000000000000,0.058823529412,0.000000000000
grayscale_image_full_caption,computed_from_existing_embeddings,141,CAP-V2_029-TPL_02,V2_029,id,TPL_02,false,141,28,2,V2_024,0.317317366600,0.307795345783,-0.009522020817,0.000000000000,1.000000000000,0.500000000000,0.630929753571
grayscale_image_full_caption,computed_from_existing_embeddings,142,CAP-V2_029-TPL_03,V2_029,id,TPL_03,false,142,28,2,V2_024,0.318580567837,0.316096037626,-0.002484530210,0.000000000000,1.000000000000,0.500000000000,0.630929753571
grayscale_image_full_caption,computed_from_existing_embeddings,143,CAP-V2_029-TPL_04,V2_029,id,TPL_04,false,143,28,9,V2_024,0.320713937283,0.283772766590,-0.036941170692,0.000000000000,0.000000000000,0.111111111111,0.301029995664
grayscale_image_full_caption,computed_from_existing_embeddings,144,CAP-V2_029-TPL_05,V2_029,id,TPL_05,false,144,28,21,V2_024,0.321205139160,0.298781692982,-0.022423446178,0.000000000000,0.000000000000,0.047619047619,0.000000000000
grayscale_image_full_caption,computed_from_existing_embeddings,145,CAP-V2_030-TPL_01,V2_030,id,TPL_01,true,145,29,5,V2_036,0.204744666815,0.196507886052,-0.008236780763,0.000000000000,1.000000000000,0.200000000000,0.386852807235
grayscale_image_full_caption,computed_from_existing_embeddings,146,CAP-V2_030-TPL_02,V2_030,id,TPL_02,false,146,29,1,V2_030,0.210405021906,0.210405021906,0.003404378891,1.000000000000,1.000000000000,1.000000000000,1.000000000000
grayscale_image_full_caption,computed_from_existing_embeddings,147,CAP-V2_030-TPL_03,V2_030,id,TPL_03,false,147,29,1,V2_030,0.213528603315,0.213528603315,0.004744082689,1.000000000000,1.000000000000,1.000000000000,1.000000000000
grayscale_image_full_caption,computed_from_existing_embeddings,148,CAP-V2_030-TPL_04,V2_030,id,TPL_04,false,148,29,3,V2_042,0.213037908077,0.204812154174,-0.008225753903,0.000000000000,1.000000000000,0.333333333333,0.500000000000
grayscale_image_full_caption,computed_from_existing_embeddings,149,CAP-V2_030-TPL_05,V2_030,id,TPL_05,false,149,29,4,V2_042,0.214131385088,0.207580700517,-0.006550684571,0.000000000000,1.000000000000,0.250000000000,0.430676558073
grayscale_image_full_caption,computed_from_existing_embeddings,150,CAP-V2_031-TPL_01,V2_031,ood_palette,TPL_01,true,150,30,14,V2_042,0.233799502254,0.200105324388,-0.033694177866,0.000000000000,0.000000000000,0.071428571429,0.000000000000
grayscale_image_full_caption,computed_from_existing_embeddings,151,CAP-V2_031-TPL_02,V2_031,ood_palette,TPL_02,false,151,30,27,V2_042,0.223230063915,0.151141583920,-0.072088479996,0.000000000000,0.000000000000,0.037037037037,0.000000000000
grayscale_image_full_caption,computed_from_existing_embeddings,152,CAP-V2_031-TPL_03,V2_031,ood_palette,TPL_03,false,152,30,21,V2_041,0.250477254391,0.186430752277,-0.064046502113,0.000000000000,0.000000000000,0.047619047619,0.000000000000
grayscale_image_full_caption,computed_from_existing_embeddings,153,CAP-V2_031-TPL_04,V2_031,ood_palette,TPL_04,false,153,30,14,V2_042,0.224745213985,0.194903269410,-0.029841944575,0.000000000000,0.000000000000,0.071428571429,0.000000000000
grayscale_image_full_caption,computed_from_existing_embeddings,154,CAP-V2_031-TPL_05,V2_031,ood_palette,TPL_05,false,154,30,19,V2_042,0.248206198215,0.223747432232,-0.024458765984,0.000000000000,0.000000000000,0.052631578947,0.000000000000
grayscale_image_full_caption,computed_from_existing_embeddings,155,CAP-V2_032-TPL_01,V2_032,ood_palette,TPL_01,true,155,31,3,V2_034,0.235536813736,0.234789699316,-0.000747114420,0.000000000000,1.000000000000,0.333333333333,0.500000000000
grayscale_image_full_caption,computed_from_existing_embeddings,156,CAP-V2_032-TPL_02,V2_032,ood_palette,TPL_02,false,156,31,11,V2_042,0.235106527805,0.203619495034,-0.031487032771,0.000000000000,0.000000000000,0.090909090909,0.000000000000
grayscale_image_full_caption,computed_from_existing_embeddings,157,CAP-V2_032-TPL_03,V2_032,ood_palette,TPL_03,false,157,31,11,V2_042,0.240680783987,0.216076850891,-0.024603933096,0.000000000000,0.000000000000,0.090909090909,0.000000000000
grayscale_image_full_caption,computed_from_existing_embeddings,158,CAP-V2_032-TPL_04,V2_032,ood_palette,TPL_04,false,158,31,4,V2_024,0.252641737461,0.245151400566,-0.007490336895,0.000000000000,1.000000000000,0.250000000000,0.430676558073
grayscale_image_full_caption,computed_from_existing_embeddings,159,CAP-V2_032-TPL_05,V2_032,ood_palette,TPL_05,false,159,31,1,V2_032,0.261276543140,0.261276543140,0.009732007980,1.000000000000,1.000000000000,1.000000000000,1.000000000000
grayscale_image_full_caption,computed_from_existing_embeddings,160,CAP-V2_033-TPL_01,V2_033,ood_palette,TPL_01,true,160,32,26,V2_042,0.235042676330,0.192775890231,-0.042266786098,0.000000000000,0.000000000000,0.038461538462,0.000000000000
grayscale_image_full_caption,computed_from_existing_embeddings,161,CAP-V2_033-TPL_02,V2_033,ood_palette,TPL_02,false,161,32,40,V2_042,0.224662005901,0.129657715559,-0.095004290342,0.000000000000,0.000000000000,0.025000000000,0.000000000000
grayscale_image_full_caption,computed_from_existing_embeddings,162,CAP-V2_033-TPL_03,V2_033,ood_palette,TPL_03,false,162,32,36,V2_041,0.256936639547,0.176460877061,-0.080475762486,0.000000000000,0.000000000000,0.027777777778,0.000000000000
grayscale_image_full_caption,computed_from_existing_embeddings,163,CAP-V2_033-TPL_04,V2_033,ood_palette,TPL_04,false,163,32,42,V2_042,0.229905471206,0.164766699076,-0.065138772130,0.000000000000,0.000000000000,0.023809523810,0.000000000000
grayscale_image_full_caption,computed_from_existing_embeddings,164,CAP-V2_033-TPL_05,V2_033,ood_palette,TPL_05,false,164,32,35,V2_042,0.247886240482,0.202823996544,-0.045062243938,0.000000000000,0.000000000000,0.028571428571,0.000000000000
grayscale_image_full_caption,computed_from_existing_embeddings,165,CAP-V2_034-TPL_01,V2_034,ood_palette,TPL_01,true,165,33,1,V2_034,0.244898363948,0.244898363948,0.005057871342,1.000000000000,1.000000000000,1.000000000000,1.000000000000
grayscale_image_full_caption,computed_from_existing_embeddings,166,CAP-V2_034-TPL_02,V2_034,ood_palette,TPL_02,false,166,33,15,V2_042,0.235416203737,0.200401380658,-0.035014823079,0.000000000000,0.000000000000,0.066666666667,0.000000000000
grayscale_image_full_caption,computed_from_existing_embeddings,167,CAP-V2_034-TPL_03,V2_034,ood_palette,TPL_03,false,167,33,11,V2_042,0.249784752727,0.222994521260,-0.026790231466,0.000000000000,0.000000000000,0.090909090909,0.000000000000
grayscale_image_full_caption,computed_from_existing_embeddings,168,CAP-V2_034-TPL_04,V2_034,ood_palette,TPL_04,false,168,33,22,V2_024,0.258477628231,0.233130723238,-0.025346904993,0.000000000000,0.000000000000,0.045454545455,0.000000000000
grayscale_image_full_caption,computed_from_existing_embeddings,169,CAP-V2_034-TPL_05,V2_034,ood_palette,TPL_05,false,169,33,2,V2_032,0.260711103678,0.259818196297,-0.000892907381,0.000000000000,1.000000000000,0.500000000000,0.630929753571
grayscale_image_full_caption,computed_from_existing_embeddings,170,CAP-V2_035-TPL_01,V2_035,ood_palette,TPL_01,true,170,34,4,V2_036,0.213038459420,0.202793180943,-0.010245278478,0.000000000000,1.000000000000,0.250000000000,0.430676558073
grayscale_image_full_caption,computed_from_existing_embeddings,171,CAP-V2_035-TPL_02,V2_035,ood_palette,TPL_02,false,171,34,8,V2_042,0.209713876247,0.181262001395,-0.028451874852,0.000000000000,0.000000000000,0.125000000000,0.315464876786
grayscale_image_full_caption,computed_from_existing_embeddings,172,CAP-V2_035-TPL_03,V2_035,ood_palette,TPL_03,false,172,34,10,V2_042,0.253053575754,0.215959280729,-0.037094295025,0.000000000000,0.000000000000,0.100000000000,0.289064826318
grayscale_image_full_caption,computed_from_existing_embeddings,173,CAP-V2_035-TPL_04,V2_035,ood_palette,TPL_04,false,173,34,5,V2_029,0.224321618676,0.214198917150,-0.010122701526,0.000000000000,1.000000000000,0.200000000000,0.386852807235
grayscale_image_full_caption,computed_from_existing_embeddings,174,CAP-V2_035-TPL_05,V2_035,ood_palette,TPL_05,false,174,34,13,V2_042,0.238307967782,0.220549851656,-0.017758116126,0.000000000000,0.000000000000,0.076923076923,0.000000000000
grayscale_image_full_caption,computed_from_existing_embeddings,175,CAP-V2_036-TPL_01,V2_036,ood_palette,TPL_01,true,175,35,2,V2_035,0.246610507369,0.245865762234,-0.000744745135,0.000000000000,1.000000000000,0.500000000000,0.630929753571
grayscale_image_full_caption,computed_from_existing_embeddings,176,CAP-V2_036-TPL_02,V2_036,ood_palette,TPL_02,false,176,35,4,V2_042,0.230092853308,0.219111412764,-0.010981440544,0.000000000000,1.000000000000,0.250000000000,0.430676558073
grayscale_image_full_caption,computed_from_existing_embeddings,177,CAP-V2_036-TPL_03,V2_036,ood_palette,TPL_03,false,177,35,5,V2_042,0.249065056443,0.235870212317,-0.013194844127,0.000000000000,1.000000000000,0.200000000000,0.386852807235
grayscale_image_full_caption,computed_from_existing_embeddings,178,CAP-V2_036-TPL_04,V2_036,ood_palette,TPL_04,false,178,35,1,V2_036,0.264479517937,0.264479517937,0.003357410431,1.000000000000,1.000000000000,1.000000000000,1.000000000000
grayscale_image_full_caption,computed_from_existing_embeddings,179,CAP-V2_036-TPL_05,V2_036,ood_palette,TPL_05,false,179,35,2,V2_032,0.258510351181,0.255887925625,-0.002622425556,0.000000000000,1.000000000000,0.500000000000,0.630929753571
grayscale_image_full_caption,computed_from_existing_embeddings,180,CAP-V2_037-TPL_01,V2_037,ood_palette,TPL_01,true,180,36,30,V2_042,0.235259294510,0.180484294891,-0.054774999619,0.000000000000,0.000000000000,0.033333333333,0.000000000000
grayscale_image_full_caption,computed_from_existing_embeddings,181,CAP-V2_037-TPL_02,V2_037,ood_palette,TPL_02,false,181,36,24,V2_042,0.218105942011,0.142727360129,-0.075378581882,0.000000000000,0.000000000000,0.041666666667,0.000000000000
grayscale_image_full_caption,computed_from_existing_embeddings,182,CAP-V2_037-TPL_03,V2_037,ood_palette,TPL_03,false,182,36,15,V2_042,0.253749310970,0.186379656196,-0.067369654775,0.000000000000,0.000000000000,0.066666666667,0.000000000000
grayscale_image_full_caption,computed_from_existing_embeddings,183,CAP-V2_037-TPL_04,V2_037,ood_palette,TPL_04,false,183,36,26,V2_042,0.217326566577,0.172189354897,-0.045137211680,0.000000000000,0.000000000000,0.038461538462,0.000000000000
grayscale_image_full_caption,computed_from_existing_embeddings,184,CAP-V2_037-TPL_05,V2_037,ood_palette,TPL_05,false,184,36,21,V2_042,0.246960163116,0.214481681585,-0.032478481531,0.000000000000,0.000000000000,0.047619047619,0.000000000000
grayscale_image_full_caption,computed_from_existing_embeddings,185,CAP-V2_038-TPL_01,V2_038,ood_palette,TPL_01,true,185,37,20,V2_042,0.242145627737,0.220034956932,-0.022110670805,0.000000000000,0.000000000000,0.050000000000,0.000000000000
grayscale_image_full_caption,computed_from_existing_embeddings,186,CAP-V2_038-TPL_02,V2_038,ood_palette,TPL_02,false,186,37,18,V2_042,0.229117348790,0.181795746088,-0.047321602702,0.000000000000,0.000000000000,0.055555555556,0.000000000000
grayscale_image_full_caption,computed_from_existing_embeddings,187,CAP-V2_038-TPL_03,V2_038,ood_palette,TPL_03,false,187,37,10,V2_042,0.247662812471,0.212249994278,-0.035412818193,0.000000000000,0.000000000000,0.100000000000,0.289064826318
grayscale_image_full_caption,computed_from_existing_embeddings,188,CAP-V2_038-TPL_04,V2_038,ood_palette,TPL_04,false,188,37,23,V2_039,0.261529624462,0.211300790310,-0.050228834152,0.000000000000,0.000000000000,0.043478260870,0.000000000000
grayscale_image_full_caption,computed_from_existing_embeddings,189,CAP-V2_038-TPL_05,V2_038,ood_palette,TPL_05,false,189,37,4,V2_032,0.264828294516,0.253150343895,-0.011677950621,0.000000000000,1.000000000000,0.250000000000,0.430676558073
grayscale_image_full_caption,computed_from_existing_embeddings,190,CAP-V2_039-TPL_01,V2_039,ood_palette,TPL_01,true,190,38,12,V2_042,0.220010757446,0.192920476198,-0.027090281248,0.000000000000,0.000000000000,0.083333333333,0.000000000000
grayscale_image_full_caption,computed_from_existing_embeddings,191,CAP-V2_039-TPL_02,V2_039,ood_palette,TPL_02,false,191,38,18,V2_030,0.224163115025,0.169880747795,-0.054282367229,0.000000000000,0.000000000000,0.055555555556,0.000000000000
grayscale_image_full_caption,computed_from_existing_embeddings,192,CAP-V2_039-TPL_03,V2_039,ood_palette,TPL_03,false,192,38,21,V2_041,0.254719406366,0.191969662905,-0.062749743462,0.000000000000,0.000000000000,0.047619047619,0.000000000000
grayscale_image_full_caption,computed_from_existing_embeddings,193,CAP-V2_039-TPL_04,V2_039,ood_palette,TPL_04,false,193,38,10,V2_042,0.219852656126,0.206337630749,-0.013515025377,0.000000000000,0.000000000000,0.100000000000,0.289064826318
grayscale_image_full_caption,computed_from_existing_embeddings,194,CAP-V2_039-TPL_05,V2_039,ood_palette,TPL_05,false,194,38,28,V2_042,0.234355241060,0.193621233106,-0.040734007955,0.000000000000,0.000000000000,0.035714285714,0.000000000000
grayscale_image_full_caption,computed_from_existing_embeddings,195,CAP-V2_040-TPL_01,V2_040,ood_palette,TPL_01,true,195,39,3,V2_036,0.250880122185,0.235116302967,-0.015763819218,0.000000000000,1.000000000000,0.333333333333,0.500000000000
grayscale_image_full_caption,computed_from_existing_embeddings,196,CAP-V2_040-TPL_02,V2_040,ood_palette,TPL_02,false,196,39,16,V2_035,0.239288568497,0.206557631493,-0.032730937004,0.000000000000,0.000000000000,0.062500000000,0.000000000000
grayscale_image_full_caption,computed_from_existing_embeddings,197,CAP-V2_040-TPL_03,V2_040,ood_palette,TPL_03,false,197,39,13,V2_036,0.259189277887,0.236729159951,-0.022460117936,0.000000000000,0.000000000000,0.076923076923,0.000000000000
grayscale_image_full_caption,computed_from_existing_embeddings,198,CAP-V2_040-TPL_04,V2_040,ood_palette,TPL_04,false,198,39,4,V2_039,0.274701863527,0.267272293568,-0.007429569960,0.000000000000,1.000000000000,0.250000000000,0.430676558073
grayscale_image_full_caption,computed_from_existing_embeddings,199,CAP-V2_040-TPL_05,V2_040,ood_palette,TPL_05,false,199,39,4,V2_036,0.276665180922,0.259005874395,-0.017659306526,0.000000000000,1.000000000000,0.250000000000,0.430676558073
grayscale_image_full_caption,computed_from_existing_embeddings,200,CAP-V2_041-TPL_01,V2_041,ood_palette,TPL_01,true,200,40,2,V2_042,0.222003310919,0.210282385349,-0.011720925570,0.000000000000,1.000000000000,0.500000000000,0.630929753571
grayscale_image_full_caption,computed_from_existing_embeddings,201,CAP-V2_041-TPL_02,V2_041,ood_palette,TPL_02,false,201,40,1,V2_041,0.222598314285,0.222598314285,0.002303853631,1.000000000000,1.000000000000,1.000000000000,1.000000000000
grayscale_image_full_caption,computed_from_existing_embeddings,202,CAP-V2_041-TPL_03,V2_041,ood_palette,TPL_03,false,202,40,1,V2_041,0.230226844549,0.230226844549,0.003977209330,1.000000000000,1.000000000000,1.000000000000,1.000000000000
grayscale_image_full_caption,computed_from_existing_embeddings,203,CAP-V2_041-TPL_04,V2_041,ood_palette,TPL_04,false,203,40,7,V2_042,0.215915083885,0.203676313162,-0.012238770723,0.000000000000,0.000000000000,0.142857142857,0.333333333333
grayscale_image_full_caption,computed_from_existing_embeddings,204,CAP-V2_041-TPL_05,V2_041,ood_palette,TPL_05,false,204,40,4,V2_042,0.235439792275,0.225501045585,-0.009938746691,0.000000000000,1.000000000000,0.250000000000,0.430676558073
grayscale_image_full_caption,computed_from_existing_embeddings,205,CAP-V2_042-TPL_01,V2_042,ood_palette,TPL_01,true,205,41,9,V2_036,0.242960959673,0.226502865553,-0.016458094120,0.000000000000,0.000000000000,0.111111111111,0.301029995664
grayscale_image_full_caption,computed_from_existing_embeddings,206,CAP-V2_042-TPL_02,V2_042,ood_palette,TPL_02,false,206,41,1,V2_042,0.231062680483,0.231062680483,0.000755041838,1.000000000000,1.000000000000,1.000000000000,1.000000000000
grayscale_image_full_caption,computed_from_existing_embeddings,207,CAP-V2_042-TPL_03,V2_042,ood_palette,TPL_03,false,207,41,1,V2_042,0.237564414740,0.237564414740,0.000442847610,1.000000000000,1.000000000000,1.000000000000,1.000000000000
grayscale_image_full_caption,computed_from_existing_embeddings,208,CAP-V2_042-TPL_04,V2_042,ood_palette,TPL_04,false,208,41,10,V2_039,0.270408898592,0.240024521947,-0.030384376645,0.000000000000,0.000000000000,0.100000000000,0.289064826318
grayscale_image_full_caption,computed_from_existing_embeddings,209,CAP-V2_042-TPL_05,V2_042,ood_palette,TPL_05,false,209,41,16,V2_036,0.262836515903,0.237620845437,-0.025215670466,0.000000000000,0.000000000000,0.062500000000,0.000000000000
grayscale_image_full_caption,computed_from_existing_embeddings,210,CAP-V2_043-TPL_01,V2_043,ood_pattern,TPL_01,true,210,42,35,V2_011,0.249964505434,0.216192260385,-0.033772245049,0.000000000000,0.000000000000,0.028571428571,0.000000000000
grayscale_image_full_caption,computed_from_existing_embeddings,211,CAP-V2_043-TPL_02,V2_043,ood_pattern,TPL_02,false,211,42,45,V2_030,0.221658363938,0.134953752160,-0.086704611778,0.000000000000,0.000000000000,0.022222222222,0.000000000000
grayscale_image_full_caption,computed_from_existing_embeddings,212,CAP-V2_043-TPL_03,V2_043,ood_pattern,TPL_03,false,212,42,42,V2_030,0.261843323708,0.183735847473,-0.078107476234,0.000000000000,0.000000000000,0.023809523810,0.000000000000
grayscale_image_full_caption,computed_from_existing_embeddings,213,CAP-V2_043-TPL_04,V2_043,ood_pattern,TPL_04,false,213,42,39,V2_004,0.265519738197,0.203101336956,-0.062418401241,0.000000000000,0.000000000000,0.025641025641,0.000000000000
grayscale_image_full_caption,computed_from_existing_embeddings,214,CAP-V2_043-TPL_05,V2_043,ood_pattern,TPL_05,false,214,42,31,V2_045,0.265091270208,0.229478836060,-0.035612434149,0.000000000000,0.000000000000,0.032258064516,0.000000000000
grayscale_image_full_caption,computed_from_existing_embeddings,215,CAP-V2_044-TPL_01,V2_044,ood_pattern,TPL_01,true,215,43,36,V2_012,0.209709405899,0.170744329691,-0.038965076208,0.000000000000,0.000000000000,0.027777777778,0.000000000000
grayscale_image_full_caption,computed_from_existing_embeddings,216,CAP-V2_044-TPL_02,V2_044,ood_pattern,TPL_02,false,216,43,45,V2_042,0.193501561880,0.098668627441,-0.094832934439,0.000000000000,0.000000000000,0.022222222222,0.000000000000
grayscale_image_full_caption,computed_from_existing_embeddings,217,CAP-V2_044-TPL_03,V2_044,ood_pattern,TPL_03,false,217,43,42,V2_042,0.222287207842,0.136936068535,-0.085351139307,0.000000000000,0.000000000000,0.023809523810,0.000000000000
grayscale_image_full_caption,computed_from_existing_embeddings,218,CAP-V2_044-TPL_04,V2_044,ood_pattern,TPL_04,false,218,43,48,V2_004,0.222924560308,0.137184590101,-0.085739970207,0.000000000000,0.000000000000,0.020833333333,0.000000000000
grayscale_image_full_caption,computed_from_existing_embeddings,219,CAP-V2_044-TPL_05,V2_044,ood_pattern,TPL_05,false,219,43,25,V2_054,0.221418321133,0.191214606166,-0.030203714967,0.000000000000,0.000000000000,0.040000000000,0.000000000000
grayscale_image_full_caption,computed_from_existing_embeddings,220,CAP-V2_045-TPL_01,V2_045,ood_pattern,TPL_01,true,220,44,42,V2_042,0.224838167429,0.176584020257,-0.048254147172,0.000000000000,0.000000000000,0.023809523810,0.000000000000
grayscale_image_full_caption,computed_from_existing_embeddings,221,CAP-V2_045-TPL_02,V2_045,ood_pattern,TPL_02,false,221,44,47,V2_042,0.227156847715,0.115194417536,-0.111962430179,0.000000000000,0.000000000000,0.021276595745,0.000000000000
grayscale_image_full_caption,computed_from_existing_embeddings,222,CAP-V2_045-TPL_03,V2_045,ood_pattern,TPL_03,false,222,44,43,V2_042,0.251747548580,0.163911849260,-0.087835699320,0.000000000000,0.000000000000,0.023255813953,0.000000000000
grayscale_image_full_caption,computed_from_existing_embeddings,223,CAP-V2_045-TPL_04,V2_045,ood_pattern,TPL_04,false,223,44,45,V2_004,0.248401626945,0.179806515574,-0.068595111370,0.000000000000,0.000000000000,0.022222222222,0.000000000000
grayscale_image_full_caption,computed_from_existing_embeddings,224,CAP-V2_045-TPL_05,V2_045,ood_pattern,TPL_05,false,224,44,27,V2_026,0.241675511003,0.192475512624,-0.049199998379,0.000000000000,0.000000000000,0.037037037037,0.000000000000
grayscale_image_full_caption,computed_from_existing_embeddings,225,CAP-V2_046-TPL_01,V2_046,ood_pattern,TPL_01,true,225,45,17,V2_014,0.311760187149,0.289825260639,-0.021934926510,0.000000000000,0.000000000000,0.058823529412,0.000000000000
grayscale_image_full_caption,computed_from_existing_embeddings,226,CAP-V2_046-TPL_02,V2_046,ood_pattern,TPL_02,false,226,45,41,V2_029,0.285389661789,0.228247314692,-0.057142347097,0.000000000000,0.000000000000,0.024390243902,0.000000000000
grayscale_image_full_caption,computed_from_existing_embeddings,227,CAP-V2_046-TPL_03,V2_046,ood_pattern,TPL_03,false,227,45,32,V2_029,0.314404815435,0.260924488306,-0.053480327129,0.000000000000,0.000000000000,0.031250000000,0.000000000000
grayscale_image_full_caption,computed_from_existing_embeddings,228,CAP-V2_046-TPL_04,V2_046,ood_pattern,TPL_04,false,228,45,44,V2_004,0.308722764254,0.252177208662,-0.056545555592,0.000000000000,0.000000000000,0.022727272727,0.000000000000
grayscale_image_full_caption,computed_from_existing_embeddings,229,CAP-V2_046-TPL_05,V2_046,ood_pattern,TPL_05,false,229,45,15,V2_032,0.313633322716,0.298042356968,-0.015590965748,0.000000000000,0.000000000000,0.066666666667,0.000000000000
grayscale_image_full_caption,computed_from_existing_embeddings,230,CAP-V2_047-TPL_01,V2_047,ood_pattern,TPL_01,true,230,46,43,V2_032,0.206614702940,0.147382766008,-0.059231936932,0.000000000000,0.000000000000,0.023255813953,0.000000000000
grayscale_image_full_caption,computed_from_existing_embeddings,231,CAP-V2_047-TPL_02,V2_047,ood_pattern,TPL_02,false,231,46,46,V2_042,0.207486122847,0.091571971774,-0.115914151073,0.000000000000,0.000000000000,0.021739130435,0.000000000000
grayscale_image_full_caption,computed_from_existing_embeddings,232,CAP-V2_047-TPL_03,V2_047,ood_pattern,TPL_03,false,232,46,43,V2_042,0.224037766457,0.119110584259,-0.104927182198,0.000000000000,0.000000000000,0.023255813953,0.000000000000
grayscale_image_full_caption,computed_from_existing_embeddings,233,CAP-V2_047-TPL_04,V2_047,ood_pattern,TPL_04,false,233,46,50,V2_042,0.214455783367,0.118737176061,-0.095718607306,0.000000000000,0.000000000000,0.020000000000,0.000000000000
grayscale_image_full_caption,computed_from_existing_embeddings,234,CAP-V2_047-TPL_05,V2_047,ood_pattern,TPL_05,false,234,46,42,V2_042,0.214326083660,0.162281736732,-0.052044346929,0.000000000000,0.000000000000,0.023809523810,0.000000000000
grayscale_image_full_caption,computed_from_existing_embeddings,235,CAP-V2_048-TPL_01,V2_048,ood_pattern,TPL_01,true,235,47,1,V2_048,0.275582671165,0.275582671165,0.004277884960,1.000000000000,1.000000000000,1.000000000000,1.000000000000
grayscale_image_full_caption,computed_from_existing_embeddings,236,CAP-V2_048-TPL_02,V2_048,ood_pattern,TPL_02,false,236,47,5,V2_052,0.231442376971,0.216442659497,-0.014999717474,0.000000000000,1.000000000000,0.200000000000,0.386852807235
grayscale_image_full_caption,computed_from_existing_embeddings,237,CAP-V2_048-TPL_03,V2_048,ood_pattern,TPL_03,false,237,47,6,V2_052,0.257041901350,0.242892444134,-0.014149457216,0.000000000000,0.000000000000,0.166666666667,0.356207187108
grayscale_image_full_caption,computed_from_existing_embeddings,238,CAP-V2_048-TPL_04,V2_048,ood_pattern,TPL_04,false,238,47,18,V2_021,0.243987023830,0.207911014557,-0.036076009274,0.000000000000,0.000000000000,0.055555555556,0.000000000000
grayscale_image_full_caption,computed_from_existing_embeddings,239,CAP-V2_048-TPL_05,V2_048,ood_pattern,TPL_05,false,239,47,2,V2_050,0.260502189398,0.258613348007,-0.001888841391,0.000000000000,1.000000000000,0.500000000000,0.630929753571
grayscale_image_full_caption,computed_from_existing_embeddings,240,CAP-V2_049-TPL_01,V2_049,ood_pattern,TPL_01,true,240,48,5,V2_056,0.257818192244,0.233265697956,-0.024552494287,0.000000000000,1.000000000000,0.200000000000,0.386852807235
grayscale_image_full_caption,computed_from_existing_embeddings,241,CAP-V2_049-TPL_02,V2_049,ood_pattern,TPL_02,false,241,48,7,V2_056,0.208872109652,0.185302644968,-0.023569464684,0.000000000000,0.000000000000,0.142857142857,0.333333333333
grayscale_image_full_caption,computed_from_existing_embeddings,242,CAP-V2_049-TPL_03,V2_049,ood_pattern,TPL_03,false,242,48,4,V2_056,0.231742888689,0.221764534712,-0.009978353977,0.000000000000,1.000000000000,0.250000000000,0.430676558073
grayscale_image_full_caption,computed_from_existing_embeddings,243,CAP-V2_049-TPL_04,V2_049,ood_pattern,TPL_04,false,243,48,15,V2_051,0.211330622435,0.177793323994,-0.033537298441,0.000000000000,0.000000000000,0.066666666667,0.000000000000
grayscale_image_full_caption,computed_from_existing_embeddings,244,CAP-V2_049-TPL_05,V2_049,ood_pattern,TPL_05,false,244,48,8,V2_056,0.242599695921,0.211292535067,-0.031307160854,0.000000000000,0.000000000000,0.125000000000,0.315464876786
grayscale_image_full_caption,computed_from_existing_embeddings,245,CAP-V2_050-TPL_01,V2_050,ood_pattern,TPL_01,true,245,49,8,V2_056,0.257335424423,0.227529078722,-0.029806345701,0.000000000000,0.000000000000,0.125000000000,0.315464876786
grayscale_image_full_caption,computed_from_existing_embeddings,246,CAP-V2_050-TPL_02,V2_050,ood_pattern,TPL_02,false,246,49,8,V2_051,0.221202656627,0.210923254490,-0.010279402137,0.000000000000,0.000000000000,0.125000000000,0.315464876786
grayscale_image_full_caption,computed_from_existing_embeddings,247,CAP-V2_050-TPL_03,V2_050,ood_pattern,TPL_03,false,247,49,7,V2_049,0.234991848469,0.214476585388,-0.020515263081,0.000000000000,0.000000000000,0.142857142857,0.333333333333
grayscale_image_full_caption,computed_from_existing_embeddings,248,CAP-V2_050-TPL_04,V2_050,ood_pattern,TPL_04,false,248,49,25,V2_051,0.225848317146,0.190360829234,-0.035487487912,0.000000000000,0.000000000000,0.040000000000,0.000000000000
grayscale_image_full_caption,computed_from_existing_embeddings,249,CAP-V2_050-TPL_05,V2_050,ood_pattern,TPL_05,false,249,49,9,V2_056,0.243761956692,0.218622118235,-0.025139838457,0.000000000000,0.000000000000,0.111111111111,0.301029995664
grayscale_image_full_caption,computed_from_existing_embeddings,250,CAP-V2_051-TPL_01,V2_051,ood_pattern,TPL_01,true,250,50,3,V2_048,0.315596461296,0.308474779129,-0.007121682167,0.000000000000,1.000000000000,0.333333333333,0.500000000000
grayscale_image_full_caption,computed_from_existing_embeddings,251,CAP-V2_051-TPL_02,V2_051,ood_pattern,TPL_02,false,251,50,2,V2_024,0.288006633520,0.281564116478,-0.006442517042,0.000000000000,1.000000000000,0.500000000000,0.630929753571
grayscale_image_full_caption,computed_from_existing_embeddings,252,CAP-V2_051-TPL_03,V2_051,ood_pattern,TPL_03,false,252,50,2,V2_049,0.305105656385,0.296112507582,-0.008993148804,0.000000000000,1.000000000000,0.500000000000,0.630929753571
grayscale_image_full_caption,computed_from_existing_embeddings,253,CAP-V2_051-TPL_04,V2_051,ood_pattern,TPL_04,false,253,50,5,V2_021,0.301207482815,0.276988267899,-0.024219214916,0.000000000000,1.000000000000,0.200000000000,0.386852807235
grayscale_image_full_caption,computed_from_existing_embeddings,254,CAP-V2_051-TPL_05,V2_051,ood_pattern,TPL_05,false,254,50,7,V2_048,0.292617082596,0.281436800957,-0.011180281639,0.000000000000,0.000000000000,0.142857142857,0.333333333333
grayscale_image_full_caption,computed_from_existing_embeddings,255,CAP-V2_052-TPL_01,V2_052,ood_pattern,TPL_01,true,255,51,5,V2_056,0.253720492125,0.228019982576,-0.025700509548,0.000000000000,1.000000000000,0.200000000000,0.386852807235
grayscale_image_full_caption,computed_from_existing_embeddings,256,CAP-V2_052-TPL_02,V2_052,ood_pattern,TPL_02,false,256,51,3,V2_056,0.200954377651,0.191796034575,-0.009158343077,0.000000000000,1.000000000000,0.333333333333,0.500000000000
grayscale_image_full_caption,computed_from_existing_embeddings,257,CAP-V2_052-TPL_03,V2_052,ood_pattern,TPL_03,false,257,51,3,V2_056,0.220031172037,0.208098113537,-0.011933058500,0.000000000000,1.000000000000,0.333333333333,0.500000000000
grayscale_image_full_caption,computed_from_existing_embeddings,258,CAP-V2_052-TPL_04,V2_052,ood_pattern,TPL_04,false,258,51,14,V2_051,0.206721499562,0.179265394807,-0.027456104755,0.000000000000,0.000000000000,0.071428571429,0.000000000000
grayscale_image_full_caption,computed_from_existing_embeddings,259,CAP-V2_052-TPL_05,V2_052,ood_pattern,TPL_05,false,259,51,5,V2_056,0.232944995165,0.210422515869,-0.022522479296,0.000000000000,1.000000000000,0.200000000000,0.386852807235
grayscale_image_full_caption,computed_from_existing_embeddings,260,CAP-V2_053-TPL_01,V2_053,ood_both,TPL_01,true,260,52,25,V2_042,0.221401453018,0.187640219927,-0.033761233091,0.000000000000,0.000000000000,0.040000000000,0.000000000000
grayscale_image_full_caption,computed_from_existing_embeddings,261,CAP-V2_053-TPL_02,V2_053,ood_both,TPL_02,false,261,52,37,V2_042,0.207070425153,0.110734626651,-0.096335798502,0.000000000000,0.000000000000,0.027027027027,0.000000000000
grayscale_image_full_caption,computed_from_existing_embeddings,262,CAP-V2_053-TPL_03,V2_053,ood_both,TPL_03,false,262,52,23,V2_042,0.245681315660,0.171175777912,-0.074505537748,0.000000000000,0.000000000000,0.043478260870,0.000000000000
grayscale_image_full_caption,computed_from_existing_embeddings,263,CAP-V2_053-TPL_04,V2_053,ood_both,TPL_04,false,263,52,30,V2_042,0.218590110540,0.170419305563,-0.048170804977,0.000000000000,0.000000000000,0.033333333333,0.000000000000
grayscale_image_full_caption,computed_from_existing_embeddings,264,CAP-V2_053-TPL_05,V2_053,ood_both,TPL_05,false,264,52,11,V2_042,0.235701113939,0.218200087547,-0.017501026392,0.000000000000,0.000000000000,0.090909090909,0.000000000000
grayscale_image_full_caption,computed_from_existing_embeddings,265,CAP-V2_054-TPL_01,V2_054,ood_both,TPL_01,true,265,53,9,V2_034,0.237882211804,0.226358443499,-0.011523768306,0.000000000000,0.000000000000,0.111111111111,0.301029995664
grayscale_image_full_caption,computed_from_existing_embeddings,266,CAP-V2_054-TPL_02,V2_054,ood_both,TPL_02,false,266,53,32,V2_042,0.227783113718,0.162336140871,-0.065446972847,0.000000000000,0.000000000000,0.031250000000,0.000000000000
grayscale_image_full_caption,computed_from_existing_embeddings,267,CAP-V2_054-TPL_03,V2_054,ood_both,TPL_03,false,267,53,13,V2_042,0.249827146530,0.207233399153,-0.042593747377,0.000000000000,0.000000000000,0.076923076923,0.000000000000
grayscale_image_full_caption,computed_from_existing_embeddings,268,CAP-V2_054-TPL_04,V2_054,ood_both,TPL_04,false,268,53,17,V2_039,0.247735366225,0.228976428509,-0.018758937716,0.000000000000,0.000000000000,0.058823529412,0.000000000000
grayscale_image_full_caption,computed_from_existing_embeddings,269,CAP-V2_054-TPL_05,V2_054,ood_both,TPL_05,false,269,53,2,V2_032,0.251062810421,0.249093368649,-0.001969441772,0.000000000000,1.000000000000,0.500000000000,0.630929753571
grayscale_image_full_caption,computed_from_existing_embeddings,270,CAP-V2_055-TPL_01,V2_055,ood_both,TPL_01,true,270,54,3,V2_056,0.255761742592,0.236906200647,-0.018855541945,0.000000000000,1.000000000000,0.333333333333,0.500000000000
grayscale_image_full_caption,computed_from_existing_embeddings,271,CAP-V2_055-TPL_02,V2_055,ood_both,TPL_02,false,271,54,5,V2_056,0.202714473009,0.184256047010,-0.018458425999,0.000000000000,1.000000000000,0.200000000000,0.386852807235
grayscale_image_full_caption,computed_from_existing_embeddings,272,CAP-V2_055-TPL_03,V2_055,ood_both,TPL_03,false,272,54,7,V2_056,0.223551511765,0.202783539891,-0.020767971873,0.000000000000,0.000000000000,0.142857142857,0.333333333333
grayscale_image_full_caption,computed_from_existing_embeddings,273,CAP-V2_055-TPL_04,V2_055,ood_both,TPL_04,false,273,54,21,V2_042,0.199604883790,0.164944261312,-0.034660622478,0.000000000000,0.000000000000,0.047619047619,0.000000000000
grayscale_image_full_caption,computed_from_existing_embeddings,274,CAP-V2_055-TPL_05,V2_055,ood_both,TPL_05,false,274,54,5,V2_056,0.236026257277,0.217528134584,-0.018498122692,0.000000000000,1.000000000000,0.200000000000,0.386852807235
grayscale_image_full_caption,computed_from_existing_embeddings,275,CAP-V2_056-TPL_01,V2_056,ood_both,TPL_01,true,275,55,1,V2_056,0.264063388109,0.264063388109,0.017611280084,1.000000000000,1.000000000000,1.000000000000,1.000000000000
grayscale_image_full_caption,computed_from_existing_embeddings,276,CAP-V2_056-TPL_02,V2_056,ood_both,TPL_02,false,276,55,1,V2_056,0.220460653305,0.220460653305,0.013244122267,1.000000000000,1.000000000000,1.000000000000,1.000000000000
grayscale_image_full_caption,computed_from_existing_embeddings,277,CAP-V2_056-TPL_03,V2_056,ood_both,TPL_03,false,277,55,1,V2_056,0.247180938721,0.247180938721,0.010756760836,1.000000000000,1.000000000000,1.000000000000,1.000000000000
grayscale_image_full_caption,computed_from_existing_embeddings,278,CAP-V2_056-TPL_04,V2_056,ood_both,TPL_04,false,278,55,2,V2_024,0.258469730616,0.258160561323,-0.000309169292,0.000000000000,1.000000000000,0.500000000000,0.630929753571
grayscale_image_full_caption,computed_from_existing_embeddings,279,CAP-V2_056-TPL_05,V2_056,ood_both,TPL_05,false,279,55,1,V2_056,0.266356527805,0.266356527805,0.011414796114,1.000000000000,1.000000000000,1.000000000000,1.000000000000
